news_id,impressions,clicks,category
N31958,47287,8043,sports
N5940,39924,4194,lifestyle
N6916,37213,1031,entertainment
N36779,36695,4711,news
N20036,34484,3846,lifestyle
N30290,34055,2993,foodanddrink
N11930,33204,491,movies
N53572,32048,1826,music
N5472,29153,2135,sports
N29862,27204,1419,lifestyle
N19990,26460,1562,lifestyle
N49285,26059,1219,tv
N42844,25188,1618,tv
N55237,25021,1522,movies
N58656,23387,632,movies
N47061,23037,820,lifestyle
N62365,22318,593,foodanddrink
N13408,21216,263,finance
N23513,21015,2922,sports
N32536,19801,473,weather
N58098,19655,423,foodanddrink
N496,19354,489,music
N51048,19242,1875,news
N26262,19232,1141,entertainment
N50775,18860,1091,news
N24802,18803,2247,news
N38779,18801,1516,news
N7618,18785,550,autos
N50872,18702,279,lifestyle
N51470,18543,868,weather
N55689,18315,4316,sports
N61811,18102,696,lifestyle
N36940,18093,949,music
N36786,18018,178,finance
N12446,17573,253,news
N46976,17354,284,foodanddrink
N48487,17257,694,entertainment
N6400,17161,941,sports
N23446,17100,1992,lifestyle
N62360,16869,1594,news
N13907,16286,615,finance
N53283,16173,288,finance
N58251,16030,2536,sports
N49180,16023,1103,lifestyle
N60939,15767,318,news
N1952,15585,856,travel
N41020,15551,1139,entertainment
N35729,15418,3346,news
N28072,15157,669,health
N33619,15062,3246,news
N48740,15033,892,lifestyle
N45523,14985,1109,lifestyle
N34130,14906,706,tv
N18870,14807,576,lifestyle
N16344,14592,176,entertainment
N31978,14384,519,music
N63970,14276,2578,finance
N32544,14261,728,tv
N27057,14133,165,finance
N61623,14020,170,entertainment
N57327,13813,649,lifestyle
N3344,13718,325,music
N55204,13641,481,entertainment
N58363,13565,1603,finance
N38311,13479,198,entertainment
N18708,13378,876,health
N6056,13288,449,entertainment
N14592,13254,614,entertainment
N11817,13105,419,travel
N29091,13065,348,news
N33397,13009,322,news
N35815,12975,663,health
N7556,12911,618,video
N50675,12909,819,news
N6638,12892,109,sports
N44698,12761,213,travel
N21420,12734,472,tv
N3841,12669,396,entertainment
N36226,12639,452,finance
N33176,12622,172,news
N10960,12613,484,foodanddrink
N27289,12521,328,lifestyle
N38215,12489,497,autos
N16096,12453,433,news
N34876,12443,730,lifestyle
N3168,12392,202,finance
N59673,12204,1099,music
N29212,12197,685,music
N4642,12178,1189,music
N37204,12054,666,health
N60724,12033,601,lifestyle
N63538,11957,230,entertainment
N41387,11949,404,tv
N40839,11929,1296,sports
N61829,11908,79,tv
N41172,11817,204,entertainment
N7419,11767,207,lifestyle
N22417,11692,402,travel
N42961,11644,179,sports
N46917,11598,759,news
N37055,11591,67,news
N26376,11575,167,finance
N14184,11528,675,news
N29128,11499,309,travel
N15719,11470,163,autos
N40109,11419,571,weather
N6477,11392,758,finance
N42634,11289,440,health
N23877,11281,615,news
N13556,11237,76,finance
N31679,11217,63,entertainment
N3123,11085,771,lifestyle
N7319,11004,609,weather
N11830,10943,319,lifestyle
N53242,10923,237,video
N62386,10881,154,news
N16120,10847,584,news
N47098,10819,712,video
N49712,10798,587,news
N59981,10765,426,tv
N32182,10750,458,music
N33848,10728,52,sports
N4331,10547,58,travel
N46162,10516,210,autos
N45509,10485,416,foodanddrink
N54752,10451,86,entertainment
N962,10433,200,entertainment
N61697,10394,213,travel
N32237,10336,238,health
N56214,10334,1168,weather
N45289,10332,126,finance
N28345,10226,149,lifestyle
N63550,10208,499,lifestyle
N4754,10138,120,entertainment
N12320,10077,56,travel
N19318,10073,275,autos
N64734,10069,216,lifestyle
N47383,10045,614,sports
N60272,10025,378,travel
N287,10019,2128,news
N60799,10018,156,lifestyle
N22257,9992,295,travel
N62894,9990,129,entertainment
N15855,9944,337,lifestyle
N35233,9935,208,lifestyle
N14029,9920,824,lifestyle
N53585,9908,2835,tv
N24176,9890,577,health
N31947,9847,462,news
N11390,9834,1717,news
N61022,9829,879,news
N14637,9825,51,news
N8509,9817,422,lifestyle
N26572,9778,87,news
N33831,9777,144,entertainment
N56969,9769,294,lifestyle
N6099,9740,113,news
N31141,9728,312,sports
N42977,9727,1406,news
N45266,9706,250,news
N23547,9699,172,tv
N9284,9677,511,lifestyle
N52622,9640,556,sports
N55712,9621,35,news
N37233,9620,69,news
N26130,9553,58,entertainment
N36789,9492,650,news
N38783,9476,120,movies
N19592,9419,765,lifestyle
N35216,9403,414,lifestyle
N6837,9357,578,lifestyle
N19611,9320,399,autos
N57560,9315,459,lifestyle
N60105,9268,319,entertainment
N4021,9263,428,lifestyle
N50055,9254,146,sports
N65145,9218,76,travel
N24686,9206,133,entertainment
N20187,9190,210,lifestyle
N41946,9165,735,sports
N26179,9134,308,entertainment
N1539,9031,734,movies
N34185,9013,893,tv
N17031,8998,298,tv
N20477,8956,291,sports
N58748,8919,575,video
N22457,8866,228,news
N154,8857,222,finance
N25165,8843,173,news
N35170,8799,631,news
N17807,8764,180,autos
N6950,8761,326,health
N33212,8758,400,finance
N30475,8742,272,entertainment
N41220,8730,321,autos
N29393,8666,322,finance
N41881,8645,1478,tv
N57426,8574,201,lifestyle
N55281,8549,51,weather
N64851,8509,272,news
N28213,8489,192,finance
N48017,8436,471,news
N51570,8405,298,sports
N29490,8397,286,sports
N6194,8366,77,health
N7128,8364,371,travel
N58114,8359,176,autos
N8957,8336,209,music
N5051,8305,229,news
N5370,8278,184,music
N62128,8268,435,video
N56211,8152,678,news
N57081,8136,173,autos
N28716,8080,211,finance
N61233,8070,909,weather
N27581,8066,539,finance
N35047,8062,243,foodanddrink
N17059,8047,480,finance
N47020,8041,1213,news
N60992,8027,422,music
N57007,7988,69,news
N62318,7975,503,tv
N24109,7961,468,entertainment
N42767,7950,448,health
N30518,7933,302,entertainment
N53615,7918,368,health
N44422,7913,312,lifestyle
N35738,7868,249,foodanddrink
N23336,7865,213,sports
N19685,7860,228,news
N51398,7796,204,news
N33981,7725,514,lifestyle
N53017,7691,707,lifestyle
N39010,7680,614,news
N27845,7679,399,music
N50415,7668,213,finance
N42457,7642,712,lifestyle
N27737,7599,254,tv
N14478,7563,440,foodanddrink
N6074,7555,351,finance
N33885,7519,1043,finance
N18971,7511,77,news
N1914,7497,174,tv
N55132,7493,98,travel
N18529,7484,160,autos
N52492,7450,849,news
N19661,7441,896,news
N23414,7406,878,travel
N60374,7393,113,news
N64152,7390,143,news
N60215,7389,487,autos
N48759,7374,551,news
N46749,7355,198,tv
N59933,7343,227,lifestyle
N48063,7308,153,sports
N59385,7284,127,entertainment
N62805,7264,138,video
N19444,7263,243,travel
N16237,7246,57,sports
N49685,7229,2294,music
N7993,7207,265,news
N2960,7187,345,lifestyle
N23767,7178,100,lifestyle
N53201,7172,75,finance
N4510,7131,254,lifestyle
N56243,7106,152,news
N63421,7088,283,travel
N20678,7059,578,sports
N29341,7039,188,lifestyle
N54489,7038,1096,news
N43277,7034,32,news
N56598,7032,116,news
N13930,7012,731,music
N36261,7006,191,news
N26706,7001,625,news
N39115,7000,517,news
N2350,6992,22,news
N26488,6972,112,movies
N6926,6918,306,foodanddrink
N39683,6912,61,lifestyle
N38159,6911,194,sports
N41934,6878,648,music
N64174,6853,437,news
N40982,6848,153,foodanddrink
N1360,6835,43,travel
N58051,6817,51,news
N60550,6791,318,entertainment
N28682,6788,420,sports
N53754,6784,210,news
N27936,6764,91,movies
N41178,6760,393,news
N21707,6755,480,news
N32791,6719,208,finance
N54277,6707,143,health
N45319,6690,122,finance
N59272,6674,213,health
N56193,6602,474,sports
N59852,6600,421,news
N7821,6597,1134,sports
N21741,6567,13,news
N55084,6551,25,news
N37352,6518,462,lifestyle
N7121,6516,379,health
N18887,6493,133,sports
N9139,6471,80,entertainment
N61214,6464,85,news
N34998,6450,108,sports
N24272,6448,509,movies
N3894,6417,180,travel
N5364,6407,83,finance
N4913,6397,218,finance
N33964,6383,319,tv
N23081,6376,146,foodanddrink
N28413,6375,98,finance
N43386,6371,70,music
N15347,6363,505,sports
N39317,6344,517,news
N20811,6335,119,foodanddrink
N52850,6334,193,news
N37793,6314,51,tv
N64954,6286,71,news
N49279,6234,2270,music
N13801,6226,271,finance
N50601,6226,48,news
N5442,6214,652,tv
N6388,6204,83,news
N26673,6182,116,news
N40725,6180,211,news
N1034,6136,864,news
N5146,6111,43,news
N33501,6095,390,health
N52122,6079,1118,news
N2823,6072,158,entertainment
N14726,6061,245,autos
N17759,6055,40,news
N13579,6016,246,sports
N57713,6003,69,lifestyle
N12409,5992,479,tv
N53318,5948,158,foodanddrink
N8373,5939,314,travel
N57754,5924,239,health
N9135,5922,83,finance
N17513,5920,81,news
N45551,5918,152,travel
N5981,5898,124,lifestyle
N39907,5882,97,foodanddrink
N27560,5868,247,sports
N9621,5867,310,music
N16118,5857,76,travel
N16148,5855,247,entertainment
N53470,5844,244,foodanddrink
N43502,5837,630,news
N48426,5835,127,lifestyle
N63342,5820,166,video
N35273,5815,93,lifestyle
N6975,5792,211,finance
N28640,5768,792,news
N12028,5753,178,finance
N8400,5753,80,autos
N60872,5745,140,news
N4247,5745,170,health
N15830,5728,41,news
N13573,5721,94,autos
N14056,5696,50,news
N4912,5690,97,movies
N26485,5683,223,music
N36659,5668,204,news
N33677,5630,259,tv
N17117,5629,140,news
N25546,5620,101,entertainment
N64264,5598,86,news
N46029,5581,137,news
N42515,5552,286,news
N59267,5491,189,music
N36660,5470,105,travel
N20076,5464,58,news
N55645,5463,84,lifestyle
N32567,5444,176,lifestyle
N54125,5401,124,finance
N59407,5398,54,foodanddrink
N7328,5357,191,foodanddrink
N31370,5336,38,news
N11363,5332,135,health
N46607,5330,214,finance
N58660,5311,204,news
N926,5269,174,health
N7342,5257,87,travel
N42670,5255,317,health
N23184,5255,238,entertainment
N55606,5254,104,news
N56227,5228,223,foodanddrink
N32708,5223,50,lifestyle
N23784,5220,69,music
N279,5213,104,entertainment
N9623,5211,162,news
N39949,5196,49,movies
N58264,5190,335,entertainment
N60762,5188,275,news
N53515,5186,52,finance
N42143,5179,21,news
N50469,5166,126,news
N55036,5163,152,news
N3541,5156,47,movies
N3930,5155,97,sports
N36186,5141,245,foodanddrink
N11784,5129,103,video
N14780,5126,266,tv
N8061,5125,121,autos
N60858,5118,59,autos
N4936,5100,258,autos
N55275,5075,48,music
N35937,5065,180,sports
N47652,5061,452,sports
N35172,5056,187,entertainment
N14436,5051,320,travel
N45428,5040,141,entertainment
N1644,5033,196,travel
N58171,5030,66,video
N41122,5027,189,autos
N49483,5025,53,news
N36712,5019,33,news
N61145,5015,123,foodanddrink
N26063,5011,47,news
N52294,5009,114,movies
N56458,5001,53,news
N35693,4991,44,sports
N42478,4987,65,autos
N8084,4978,136,finance
N54482,4973,177,lifestyle
N59602,4963,104,music
N59088,4963,66,finance
N50389,4955,98,travel
N36545,4951,223,tv
N48657,4947,346,news
N13486,4945,39,health
N47981,4940,140,lifestyle
N9047,4939,193,lifestyle
N37338,4937,85,foodanddrink
N21342,4922,145,autos
N58188,4922,87,news
N512,4909,517,sports
N47612,4906,41,news
N29468,4899,137,health
N21681,4893,509,news
N19542,4891,134,health
N23629,4873,34,news
N58612,4871,66,news
N7809,4870,303,news
N59436,4861,25,finance
N64513,4861,194,sports
N28188,4847,117,news
N16844,4841,251,autos
N45616,4830,34,news
N14266,4817,295,news
N33828,4805,212,movies
N61185,4784,261,tv
N60186,4782,31,movies
N47149,4781,63,travel
N759,4765,196,sports
N63106,4762,137,news
N22339,4753,244,sports
N30920,4711,72,travel
N10754,4706,60,travel
N39765,4704,148,autos
N27738,4700,49,news
N13270,4698,263,movies
N40318,4694,49,health
N57957,4694,234,video
N43519,4693,246,music
N33872,4688,25,news
N17069,4678,50,weather
N29715,4677,41,foodanddrink
N24423,4673,202,foodanddrink
N7494,4667,103,sports
N39393,4667,210,movies
N38442,4656,155,lifestyle
N40171,4647,61,autos
N25624,4641,99,travel
N62395,4640,101,sports
N47067,4638,65,news
N436,4634,262,news
N34048,4633,163,lifestyle
N27860,4627,47,sports
N2869,4618,44,news
N16439,4615,253,news
N57368,4613,62,autos
N51287,4607,271,lifestyle
N8015,4590,270,finance
N26202,4553,80,health
N61822,4546,75,lifestyle
N21701,4539,107,entertainment
N37437,4533,152,foodanddrink
N10083,4526,171,entertainment
N64094,4521,122,news
N21077,4518,124,finance
N12523,4517,218,tv
N47572,4503,195,finance
N732,4503,176,health
N21882,4496,93,news
N14273,4488,125,foodanddrink
N64916,4484,225,news
N46526,4481,195,news
N22880,4480,230,lifestyle
N4985,4476,154,finance
N52323,4475,89,news
N47578,4468,159,news
N25315,4456,11,news
N61404,4446,106,foodanddrink
N58075,4438,37,news
N5652,4427,257,lifestyle
N41578,4420,159,lifestyle
N8029,4404,63,sports
N16920,4393,301,music
N40065,4388,14,sports
N48046,4384,132,news
N40431,4383,14,news
N57005,4375,250,news
N21128,4370,68,finance
N52514,4361,66,autos
N5507,4360,61,finance
N43595,4353,116,travel
N23044,4349,59,entertainment
N64305,4340,125,foodanddrink
N32691,4328,176,lifestyle
N26286,4327,125,finance
N38951,4326,47,news
N36931,4326,177,travel
N21679,4314,759,sports
N20576,4314,240,health
N37753,4311,78,news
N57614,4303,133,news
N42597,4300,94,sports
N30998,4295,352,tv
N8595,4292,39,finance
N5048,4288,71,lifestyle
N23355,4281,21,health
N29363,4279,105,news
N47717,4249,92,travel
N47412,4240,249,finance
N43102,4237,312,foodanddrink
N42180,4236,142,foodanddrink
N46279,4234,187,foodanddrink
N38901,4234,150,video
N63415,4226,398,news
N25764,4204,214,news
N30089,4199,28,news
N40094,4199,315,sports
N42698,4189,75,finance
N54988,4183,87,finance
N41354,4182,71,news
N64542,4181,117,news
N15315,4178,184,health
N22407,4171,79,finance
N43309,4151,157,lifestyle
N61760,4150,51,music
N62750,4148,49,music
N58553,4134,75,lifestyle
N29739,4130,161,news
N30088,4129,150,lifestyle
N47576,4113,92,finance
N31884,4104,82,news
N49879,4102,30,news
N33005,4099,65,travel
N37261,4097,113,autos
N11769,4096,76,travel
N51853,4091,132,finance
N35389,4087,282,finance
N31029,4083,15,news
N59390,4083,361,movies
N56051,4077,296,lifestyle
N36703,4059,48,lifestyle
N52867,4037,352,video
N32010,4033,113,finance
N36184,4028,33,news
N5889,4018,44,news
N6247,4015,44,news
N46821,4000,72,news
N13259,3993,171,lifestyle
N20495,3991,527,news
N52000,3984,139,news
N16209,3984,199,news
N50014,3981,44,sports
N22664,3979,34,foodanddrink
N34915,3971,75,video
N61408,3965,245,finance
N57032,3964,99,news
N44621,3956,63,weather
N62920,3954,170,health
N37377,3944,106,lifestyle
N54274,3935,87,health
N30699,3931,36,news
N4404,3931,184,entertainment
N36351,3929,65,finance
N33261,3920,128,video
N46624,3914,212,tv
N23814,3912,275,lifestyle
N13261,3910,79,news
N57402,3900,222,news
N63154,3898,287,lifestyle
N32015,3894,62,sports
N29340,3892,119,news
N16804,3884,128,music
N36016,3856,71,finance
N51195,3847,53,foodanddrink
N20915,3846,139,news
N36681,3845,71,sports
N12800,3839,88,travel
N47229,3838,148,autos
N23162,3828,56,lifestyle
N20041,3826,136,news
N41222,3826,115,news
N16291,3820,10,news
N55949,3814,295,health
N48578,3805,95,news
N20764,3803,159,news
N38309,3801,108,tv
N16342,3801,79,foodanddrink
N2852,3790,83,finance
N25163,3787,59,travel
N28495,3787,33,news
N35094,3783,76,travel
N4733,3781,63,finance
N44558,3776,37,travel
N32288,3767,55,news
N18312,3760,124,foodanddrink
N62570,3749,45,news
N55050,3748,35,news
N25444,3747,83,autos
N12029,3746,421,music
N40299,3745,85,finance
N23692,3737,102,lifestyle
N19019,3735,40,autos
N3174,3733,46,news
N44249,3728,85,lifestyle
N1019,3722,119,lifestyle
N34657,3713,23,sports
N28047,3705,112,news
N54593,3704,470,news
N34641,3693,61,news
N8559,3689,100,autos
N22978,3687,57,foodanddrink
N53245,3674,42,finance
N13981,3672,138,foodanddrink
N61595,3672,61,news
N13974,3667,41,sports
N34110,3667,60,news
N49908,3658,27,finance
N52103,3642,254,tv
N38404,3639,120,foodanddrink
N15224,3636,83,health
N40468,3626,56,foodanddrink
N59469,3618,49,lifestyle
N57818,3609,129,sports
N23675,3606,78,foodanddrink
N52180,3604,62,news
N38324,3600,269,health
N14507,3592,80,news
N23942,3585,170,lifestyle
N37533,3568,83,lifestyle
N24157,3563,111,finance
N17672,3560,127,news
N50302,3560,62,music
N30135,3560,87,news
N6379,3557,92,news
N31448,3557,199,health
N36638,3553,73,sports
N26795,3539,71,finance
N23089,3537,48,health
N20729,3531,104,health
N59761,3527,22,movies
N35847,3516,70,entertainment
N2,3513,75,finance
N43492,3503,133,finance
N38498,3496,25,travel
N61027,3494,163,sports
N53084,3493,203,lifestyle
N60675,3490,159,lifestyle
N61787,3481,105,sports
N33755,3479,126,sports
N49955,3471,23,tv
N60975,3470,75,foodanddrink
N52723,3467,228,news
N17340,3466,86,lifestyle
N15761,3463,61,entertainment
N29001,3449,94,news
N45057,3438,185,news
N61483,3438,105,lifestyle
N46452,3436,59,news
N57097,3430,253,news
N65027,3425,125,foodanddrink
N27908,3423,52,news
N21436,3422,72,lifestyle
N32144,3420,91,news
N24111,3420,165,music
N16166,3410,89,news
N21171,3406,29,news
N25722,3406,88,news
N32734,3397,91,autos
N18409,3393,31,lifestyle
N34724,3386,73,autos
N32087,3385,4,news
N23535,3383,94,foodanddrink
N32641,3370,255,news
N38869,3366,93,news
N1940,3362,155,lifestyle
N46992,3350,123,health
N51954,3345,115,travel
N48705,3340,237,tv
N1878,3333,90,tv
N53861,3323,46,lifestyle
N55555,3323,85,music
N59904,3320,29,sports
N45389,3312,86,news
N9720,3293,163,lifestyle
N28324,3292,30,music
N64252,3288,120,sports
N37994,3283,81,lifestyle
N37394,3282,150,finance
N19092,3282,59,travel
N51008,3281,86,video
N51793,3275,147,sports
N10051,3272,32,autos
N48890,3270,87,lifestyle
N16931,3270,32,foodanddrink
N22975,3267,134,finance
N23254,3257,28,movies
N64543,3252,81,finance
N34668,3252,65,news
N6645,3250,60,foodanddrink
N59138,3249,41,news
N45912,3245,102,tv
N34869,3240,178,news
N12579,3238,100,movies
N24207,3228,86,autos
N60747,3227,47,news
N21656,3223,76,music
N55186,3217,119,news
N49872,3209,53,news
N45317,3208,48,travel
N58814,3203,45,lifestyle
N47889,3193,54,finance
N20793,3189,17,entertainment
N44516,3189,96,autos
N57090,3184,133,entertainment
N17115,3181,79,finance
N39342,3178,234,sports
N14713,3178,11,autos
N61359,3174,80,sports
N45704,3169,84,news
N18522,3167,29,news
N15194,3163,289,finance
N3491,3156,165,foodanddrink
N20746,3155,172,sports
N10552,3154,20,news
N29218,3153,47,lifestyle
N15279,3149,129,sports
N6066,3147,134,music
N2844,3145,93,sports
N3745,3131,37,foodanddrink
N52424,3130,75,news
N50592,3117,67,travel
N56434,3106,112,news
N56711,3105,138,finance
N3128,3101,156,health
N44324,3098,73,lifestyle
N62563,3097,30,movies
N48019,3092,79,foodanddrink
N43083,3091,232,lifestyle
N61296,3087,44,news
N41612,3087,133,tv
N64968,3084,81,news
N23008,3080,29,movies
N22029,3078,25,foodanddrink
N56080,3074,215,sports
N20413,3071,42,sports
N23391,3068,40,travel
N39187,3058,89,foodanddrink
N15435,3048,85,foodanddrink
N33630,3043,121,foodanddrink
N54300,3038,76,entertainment
N12608,3036,118,foodanddrink
N61567,3036,52,sports
N57809,3022,38,news
N51553,3018,86,autos
N23548,3009,141,news
N36436,3003,128,news
N48416,3002,45,health
N53346,2991,154,video
N20079,2985,305,sports
N53054,2985,78,finance
N6857,2979,63,sports
N3726,2976,31,autos
N31050,2972,61,lifestyle
N36752,2968,235,weather
N61571,2967,113,foodanddrink
N63913,2966,41,news
N11768,2962,85,foodanddrink
N61032,2962,77,news
N64606,2958,30,entertainment
N39733,2958,22,travel
N44651,2953,153,news
N47346,2953,55,lifestyle
N21712,2950,102,tv
N7754,2947,56,tv
N64632,2942,56,autos
N48707,2939,85,tv
N38662,2939,48,video
N16280,2936,7,travel
N43368,2933,42,news
N54562,2932,287,finance
N47817,2927,230,sports
N5905,2915,29,tv
N41541,2914,143,news
N32207,2913,46,travel
N1228,2910,140,autos
N30108,2909,123,finance
N61768,2909,360,sports
N10812,2908,201,lifestyle
N19911,2907,86,news
N3285,2903,82,sports
N16954,2902,19,video
N23490,2893,88,video
N27742,2893,35,news
N18378,2892,96,foodanddrink
N25673,2890,213,sports
N50894,2877,27,autos
N646,2877,59,sports
N21519,2876,141,tv
N57651,2869,119,news
N23085,2868,60,news
N13337,2867,27,travel
N58848,2861,99,health
N48958,2861,92,sports
N6658,2860,90,movies
N47195,2854,46,news
N52714,2848,40,health
N58003,2844,92,foodanddrink
N6578,2841,285,news
N50060,2838,199,movies
N14523,2836,166,autos
N36621,2830,80,news
N25966,2825,40,sports
N31273,2823,155,finance
N63860,2820,26,sports
N22320,2820,72,movies
N31763,2817,14,travel
N8929,2816,19,music
N45561,2816,68,news
N45590,2815,67,lifestyle
N36624,2812,101,finance
N35159,2809,43,autos
N24180,2808,119,autos
N36612,2808,89,music
N47906,2807,22,travel
N6787,2794,21,travel
N21753,2791,49,news
N38620,2786,107,foodanddrink
N4428,2779,49,news
N46283,2779,47,news
N33576,2776,168,tv
N6890,2770,248,sports
N47267,2768,68,news
N39028,2755,88,health
N58813,2754,39,news
N4485,2749,130,video
N28132,2743,83,health
N6471,2741,51,news
N21,2741,18,finance
N23760,2737,54,news
N15574,2735,47,autos
N17965,2730,34,finance
N63656,2725,141,health
N45742,2719,52,foodanddrink
N64745,2716,69,sports
N7891,2710,56,autos
N35393,2708,82,music
N25471,2708,94,music
N12493,2705,261,sports
N55943,2703,555,music
N41432,2703,57,foodanddrink
N28327,2697,23,music
N37673,2695,55,finance
N3451,2695,16,news
N13094,2690,50,sports
N61838,2689,197,lifestyle
N40438,2685,46,finance
N41698,2678,33,travel
N17482,2672,32,health
N13916,2667,95,news
N50314,2664,83,lifestyle
N61023,2657,33,news
N61740,2654,144,sports
N43415,2653,62,autos
N58410,2652,93,tv
N28523,2647,109,news
N9475,2645,105,health
N46845,2644,59,finance
N31632,2643,182,news
N24675,2643,41,foodanddrink
N29735,2639,76,news
N39461,2636,48,foodanddrink
N36221,2623,141,sports
N14520,2618,48,news
N5957,2616,126,news
N5497,2612,48,news
N14223,2609,212,autos
N9719,2604,46,travel
N4241,2598,20,finance
N48473,2586,111,sports
N38138,2584,133,finance
N50329,2584,85,news
N55396,2581,39,video
N26025,2578,264,news
N166,2574,90,news
N47851,2573,15,travel
N20676,2572,153,sports
N29379,2570,226,sports
N36003,2570,92,sports
N1031,2570,38,autos
N31504,2569,72,lifestyle
N7466,2565,24,news
N20954,2562,107,sports
N50619,2560,41,travel
N33,2550,80,sports
N55322,2545,35,news
N62688,2537,194,news
N4663,2535,92,lifestyle
N43432,2532,108,news
N52203,2531,11,news
N16854,2529,130,news
N55940,2527,116,foodanddrink
N19050,2524,72,lifestyle
N10688,2523,87,news
N27437,2513,76,news
N36850,2508,96,sports
N53237,2504,33,autos
N55582,2503,206,movies
N52104,2502,2,news
N25414,2497,64,finance
N21428,2492,65,autos
N25587,2489,41,lifestyle
N29801,2489,65,foodanddrink
N3506,2489,47,foodanddrink
N9349,2484,124,autos
N45612,2480,50,news
N26952,2473,37,news
N64077,2466,144,news
N7670,2464,61,foodanddrink
N55488,2460,47,finance
N39456,2459,16,sports
N52773,2455,62,sports
N5075,2453,71,lifestyle
N652,2452,9,news
N57987,2450,12,autos
N3380,2446,46,news
N2307,2445,54,finance
N45660,2443,117,autos
N30188,2437,83,lifestyle
N16777,2436,73,news
N27245,2435,27,news
N61197,2434,7,health
N9271,2434,61,news
N6772,2430,38,sports
N4156,2430,56,finance
N43460,2429,60,entertainment
N63390,2428,29,finance
N26811,2425,44,news
N48077,2423,202,tv
N61053,2422,85,news
N13887,2422,47,music
N8687,2418,74,finance
N33883,2417,20,finance
N15134,2412,18,finance
N43266,2410,49,movies
N11269,2409,37,travel
N13051,2408,31,travel
N31769,2407,27,foodanddrink
N28862,2406,57,autos
N62992,2403,47,autos
N48613,2399,41,news
N3663,2397,292,news
N18613,2394,161,news
N32118,2384,3,news
N44290,2380,26,music
N17586,2377,101,foodanddrink
N12492,2376,63,foodanddrink
N6390,2373,138,lifestyle
N28961,2373,21,finance
N103,2369,44,music
N19423,2368,35,travel
N34190,2365,28,foodanddrink
N261,2363,43,music
N46751,2360,122,news
N36964,2357,31,lifestyle
N51241,2355,35,lifestyle
N6342,2350,96,health
N65185,2347,172,sports
N47035,2345,123,finance
N45211,2345,46,movies
N9335,2345,57,video
N30049,2344,81,foodanddrink
N6693,2343,103,sports
N24275,2342,22,news
N30295,2342,50,entertainment
N43338,2338,15,weather
N45076,2334,80,sports
N34930,2332,65,health
N41717,2330,201,finance
N33240,2329,105,finance
N40495,2329,82,sports
N13854,2328,36,finance
N47401,2325,40,foodanddrink
N6432,2323,75,foodanddrink
N37458,2322,85,news
N26305,2320,13,news
N10616,2320,34,foodanddrink
N9580,2312,10,finance
N8191,2311,93,sports
N16419,2308,57,news
N58499,2305,86,news
N42803,2303,63,lifestyle
N62227,2302,26,travel
N43748,2302,179,news
N57359,2298,50,news
N64228,2295,27,movies
N38490,2293,87,travel
N38263,2292,67,travel
N32846,2289,49,finance
N25881,2288,16,lifestyle
N39758,2286,27,health
N8399,2284,5,travel
N15518,2275,19,news
N51187,2267,113,tv
N3415,2260,52,travel
N50484,2255,82,movies
N11551,2252,151,foodanddrink
N7038,2251,22,finance
N24376,2250,41,finance
N3167,2247,57,news
N35773,2241,18,news
N27932,2238,75,music
N44145,2236,34,lifestyle
N63174,2233,56,lifestyle
N10913,2229,32,news
N42346,2227,133,news
N64009,2226,51,news
N16396,2225,106,news
N43587,2219,16,movies
N31893,2216,62,travel
N48410,2213,44,foodanddrink
N51346,2213,89,sports
N2578,2210,44,finance
N55743,2208,59,lifestyle
N9009,2198,70,autos
N55489,2195,15,health
N20018,2193,25,sports
N27198,2186,46,news
N31281,2186,33,finance
N45270,2183,157,news
N9354,2181,36,finance
N48407,2180,29,news
N26331,2179,109,news
N6664,2177,70,travel
N2952,2174,34,lifestyle
N35676,2170,115,sports
N11681,2161,78,news
N61363,2158,19,foodanddrink
N43001,2158,35,tv
N41842,2157,46,sports
N21915,2157,53,foodanddrink
N11793,2157,35,finance
N1180,2150,97,lifestyle
N30071,2149,25,news
N38695,2145,161,sports
N23563,2144,59,lifestyle
N3697,2143,59,movies
N3580,2140,13,travel
N16463,2138,77,news
N44786,2137,31,foodanddrink
N46966,2136,24,foodanddrink
N9473,2136,98,sports
N39978,2135,98,health
N64748,2134,18,travel
N35737,2134,25,autos
N64095,2133,168,news
N43487,2130,67,sports
N7330,2129,49,news
N50688,2127,102,health
N46878,2127,80,news
N20134,2123,76,news
N48015,2121,41,travel
N58086,2119,20,sports
N58345,2117,96,finance
N62391,2115,69,finance
N1920,2111,35,foodanddrink
N59142,2105,74,news
N13105,2101,19,news
N3064,2095,15,finance
N30619,2094,58,lifestyle
N60445,2088,32,news
N32519,2084,49,lifestyle
N17231,2081,62,foodanddrink
N48490,2081,178,news
N30648,2081,41,travel
N12042,2079,36,news
N59257,2079,17,news
N36516,2077,19,autos
N27143,2075,42,foodanddrink
N12377,2072,77,news
N44847,2072,14,autos
N27869,2071,42,foodanddrink
N63796,2064,56,news
N35767,2064,124,news
N11821,2063,41,autos
N11150,2061,42,sports
N57535,2058,23,news
N5980,2056,99,finance
N4476,2053,16,news
N11702,2051,31,lifestyle
N32005,2050,31,travel
N47747,2049,18,autos
N19903,2044,54,news
N50005,2042,34,news
N17252,2042,61,health
N60539,2039,26,health
N37905,2039,40,health
N23805,2034,126,lifestyle
N57413,2031,98,news
N41165,2030,65,tv
N58077,2029,15,news
N18423,2026,55,travel
N53875,2023,21,news
N12627,2023,59,health
N47213,2023,55,finance
N59214,2020,22,news
N28918,2020,48,sports
N28788,2020,39,finance
N39774,2017,27,news
N31503,2017,32,finance
N63958,2016,57,foodanddrink
N38697,2014,113,lifestyle
N35576,2013,30,travel
N44855,2013,15,travel
N43789,2013,96,news
N28899,2012,68,foodanddrink
N23935,2012,10,news
N40559,2009,28,news
N26721,2006,68,weather
N7927,2006,48,sports
N49956,2005,67,finance
N51285,2005,90,lifestyle
N52742,2002,69,news
N54666,1996,90,lifestyle
N43869,1996,70,news
N35340,1992,87,sports
N43275,1974,9,sports
N6051,1973,31,finance
N61463,1972,101,entertainment
N58295,1970,20,sports
N41511,1969,18,sports
N64482,1958,89,health
N59713,1956,67,sports
N33632,1953,175,sports
N34600,1948,66,news
N28589,1946,15,finance
N20043,1945,68,news
N41073,1944,26,health
N10423,1941,6,news
N23129,1939,48,lifestyle
N25437,1939,31,health
N16809,1938,25,sports
N51185,1936,37,travel
N57459,1932,48,lifestyle
N62729,1929,206,sports
N18151,1923,143,finance
N37108,1922,18,news
N43370,1921,51,news
N33361,1917,26,travel
N33507,1914,36,foodanddrink
N22442,1912,20,tv
N40875,1911,97,news
N17307,1909,85,news
N62949,1904,64,health
N53696,1904,53,news
N47781,1902,15,foodanddrink
N57527,1900,48,autos
N1680,1899,72,sports
N2235,1897,38,sports
N59685,1897,152,sports
N42950,1896,9,finance
N47006,1894,96,finance
N349,1892,46,news
N62658,1891,10,finance
N41224,1887,106,news
N50565,1884,6,news
N17699,1883,32,finance
N13341,1882,27,news
N45016,1878,104,lifestyle
N61742,1878,57,autos
N45375,1877,87,sports
N37088,1876,16,sports
N35861,1874,24,health
N16533,1873,39,finance
N43992,1872,31,finance
N34044,1867,39,lifestyle
N11484,1867,28,health
N54595,1866,23,finance
N45734,1864,75,news
N49200,1860,51,news
N65088,1857,19,travel
N27079,1857,113,tv
N22549,1855,32,entertainment
N10121,1852,70,news
N48875,1846,36,sports
N288,1845,62,news
N65202,1842,29,foodanddrink
N36689,1839,57,news
N58241,1837,24,finance
N44528,1832,51,health
N16790,1831,20,foodanddrink
N39109,1831,22,news
N18572,1829,27,news
N60041,1829,18,news
N35854,1829,73,health
N17342,1828,20,music
N30172,1827,11,autos
N4861,1820,37,finance
N56517,1819,59,foodanddrink
N33297,1818,100,news
N20178,1816,46,news
N3031,1816,88,news
N1289,1815,49,news
N12761,1814,42,foodanddrink
N31002,1813,10,sports
N20486,1812,45,news
N53214,1811,18,news
N26227,1808,130,sports
N54634,1802,23,finance
N30870,1801,31,music
N15462,1801,34,finance
N38294,1799,45,entertainment
N14744,1795,58,sports
N38512,1795,24,finance
N46495,1794,5,finance
N17571,1793,26,autos
N53343,1791,33,foodanddrink
N45422,1791,49,tv
N49554,1790,39,foodanddrink
N20824,1788,80,finance
N35388,1785,11,sports
N13575,1783,28,health
N47570,1783,39,news
N7431,1782,49,news
N59252,1781,124,news
N21119,1780,19,news
N59841,1779,47,foodanddrink
N10350,1774,44,finance
N38556,1771,32,entertainment
N36933,1769,54,health
N59887,1767,70,foodanddrink
N34579,1767,41,news
N17104,1766,44,news
N32986,1765,22,foodanddrink
N938,1765,23,foodanddrink
N58569,1763,56,sports
N20930,1762,38,autos
N41726,1760,19,news
N50381,1760,7,news
N55325,1759,24,music
N35112,1758,22,news
N9944,1754,14,news
N40130,1748,34,finance
N62049,1746,136,sports
N60162,1745,37,news
N50004,1745,19,autos
N50288,1745,20,sports
N55714,1744,117,lifestyle
N63478,1743,19,news
N37009,1743,102,lifestyle
N17140,1741,44,tv
N57733,1739,63,sports
N25467,1737,69,news
N25040,1734,24,autos
N44772,1734,33,foodanddrink
N10464,1733,25,lifestyle
N56396,1730,124,news
N18132,1729,8,foodanddrink
N18774,1729,153,health
N62070,1729,84,travel
N18406,1728,78,tv
N37348,1727,21,lifestyle
N28910,1723,10,travel
N12330,1721,43,news
N65118,1721,49,health
N1012,1718,5,health
N41979,1717,76,news
N30085,1713,31,lifestyle
N4295,1712,28,foodanddrink
N32854,1712,40,sports
N55913,1706,97,foodanddrink
N57030,1706,15,news
N28307,1705,50,finance
N36741,1704,6,autos
N31289,1703,197,news
N12146,1701,16,finance
N39015,1701,50,news
N12424,1700,68,foodanddrink
N57311,1698,7,news
N27101,1697,18,movies
N28203,1697,50,foodanddrink
N23028,1696,38,finance
N32589,1696,42,video
N8907,1694,66,tv
N46477,1694,58,movies
N20069,1693,23,news
N3957,1688,35,news
N3474,1682,20,news
N22408,1678,64,travel
N62358,1678,45,lifestyle
N35387,1677,32,news
N12168,1676,90,news
N11627,1672,60,sports
N13816,1670,44,autos
N4667,1669,36,sports
N13580,1668,68,news
N40356,1668,26,movies
N22825,1664,62,health
N20527,1664,64,finance
N62093,1664,58,sports
N22145,1662,22,news
N5949,1662,108,sports
N1396,1660,106,sports
N29536,1659,8,movies
N63583,1658,113,news
N62212,1655,42,travel
N24301,1653,49,sports
N13131,1653,39,lifestyle
N54803,1652,27,autos
N20428,1650,50,tv
N12839,1650,43,news
N64412,1649,13,news
N19241,1648,30,finance
N26940,1647,28,health
N25867,1646,78,music
N63786,1645,91,weather
N18995,1642,15,foodanddrink
N39587,1640,18,foodanddrink
N20067,1640,11,news
N13865,1640,6,news
N43073,1638,115,sports
N53630,1637,32,finance
N55371,1635,8,sports
N31035,1633,24,travel
N44123,1629,35,news
N13369,1625,92,weather
N29961,1621,13,autos
N60244,1620,89,news
N41380,1620,79,video
N9734,1619,37,finance
N33347,1618,10,travel
N61549,1618,22,news
N40530,1613,17,news
N12831,1613,24,lifestyle
N11542,1611,52,foodanddrink
N44818,1610,40,sports
N19735,1606,27,sports
N8347,1602,29,autos
N51330,1600,61,finance
N38235,1599,11,finance
N32437,1598,20,finance
N4034,1598,45,news
N22230,1597,50,news
N28767,1595,58,news
N34956,1590,56,foodanddrink
N21571,1589,16,finance
N15817,1589,61,foodanddrink
N42860,1583,24,news
N43301,1582,13,lifestyle
N33486,1577,25,news
N27789,1576,108,tv
N50107,1575,36,entertainment
N37019,1572,97,finance
N43638,1569,10,finance
N58572,1566,57,sports
N25623,1562,28,travel
N15457,1560,23,autos
N26415,1558,49,lifestyle
N32789,1557,19,sports
N7840,1555,52,foodanddrink
N21297,1554,88,autos
N52662,1552,52,health
N51307,1550,17,news
N61006,1543,50,entertainment
N7795,1543,31,weather
N4854,1540,54,travel
N19643,1539,11,foodanddrink
N8643,1536,14,sports
N35567,1535,12,news
N48606,1534,21,news
N57385,1533,58,news
N11138,1533,43,news
N21351,1532,35,news
N61320,1530,67,lifestyle
N28578,1529,41,sports
N18978,1529,63,news
N46810,1529,26,travel
N12731,1528,118,news
N22816,1528,78,foodanddrink
N11940,1526,60,lifestyle
N32900,1525,9,news
N17087,1524,96,finance
N41497,1517,7,news
N60750,1517,281,sports
N11869,1516,67,sports
N51489,1515,64,news
N706,1513,93,news
N53886,1509,72,news
N29840,1507,33,foodanddrink
N45550,1507,54,news
N39471,1498,123,news
N36288,1497,81,movies
N37870,1494,52,news
N63964,1494,31,foodanddrink
N51764,1494,27,news
N11856,1490,23,sports
N29133,1485,22,finance
N42028,1482,158,news
N14408,1481,67,movies
N52694,1481,31,finance
N47748,1480,218,tv
N10840,1480,57,finance
N39269,1480,20,foodanddrink
N14522,1479,41,foodanddrink
N453,1478,199,sports
N6994,1478,6,finance
N26081,1477,32,foodanddrink
N20240,1477,7,finance
N42120,1476,12,travel
N16314,1476,28,tv
N61648,1475,21,health
N10272,1475,114,news
N57962,1474,37,news
N15020,1472,1,news
N23174,1471,60,news
N46736,1470,45,music
N12109,1468,33,news
N5688,1465,68,foodanddrink
N27515,1460,26,news
N53431,1459,27,lifestyle
N55631,1456,88,news
N11087,1456,31,movies
N32387,1455,69,news
N31395,1454,55,tv
N14400,1453,24,lifestyle
N58301,1444,49,health
N10746,1443,56,sports
N1597,1438,20,finance
N20281,1437,33,news
N18862,1436,9,movies
N25811,1435,20,finance
N53031,1435,62,sports
N41099,1435,25,finance
N28934,1433,45,movies
N35272,1432,42,autos
N20770,1429,15,lifestyle
N42144,1423,15,autos
N44616,1423,25,news
N54868,1422,11,lifestyle
N38080,1421,20,finance
N64392,1421,18,sports
N39792,1420,8,foodanddrink
N28735,1419,54,finance
N62208,1418,24,finance
N55411,1418,57,news
N15269,1412,113,lifestyle
N55976,1412,34,foodanddrink
N9158,1406,46,news
N64397,1405,27,news
N40380,1404,60,news
N57342,1398,30,news
N47245,1397,43,news
N17389,1396,34,finance
N21479,1394,70,lifestyle
N25949,1394,119,music
N22221,1393,42,lifestyle
N49777,1392,15,finance
N56548,1389,1,news
N50138,1388,67,sports
N5516,1387,36,foodanddrink
N53012,1382,16,finance
N3418,1380,14,health
N19075,1379,20,foodanddrink
N17106,1379,34,foodanddrink
N15066,1377,6,music
N13347,1376,87,news
N12703,1373,40,news
N209,1373,25,foodanddrink
N62762,1372,64,news
N555,1372,21,news
N44737,1371,53,foodanddrink
N57344,1370,21,video
N38337,1368,16,tv
N53907,1367,83,finance
N59186,1367,34,health
N29722,1366,15,foodanddrink
N51506,1365,47,tv
N2046,1363,42,tv
N50406,1362,12,news
N849,1361,28,news
N46972,1361,2,news
N5288,1359,46,foodanddrink
N58081,1354,30,news
N58710,1353,38,news
N1774,1350,24,news
N25324,1345,25,foodanddrink
N12769,1345,43,news
N62599,1344,22,news
N37384,1342,45,news
N21840,1342,29,travel
N37908,1338,20,sports
N52409,1337,96,movies
N60932,1337,84,tv
N62366,1336,73,news
N10993,1336,55,foodanddrink
N35958,1335,19,news
N57319,1335,16,lifestyle
N59653,1335,36,finance
N21611,1333,19,finance
N20015,1329,15,autos
N62003,1327,8,travel
N5791,1326,39,lifestyle
N41285,1325,69,news
N51587,1324,26,travel
N34436,1322,19,foodanddrink
N57456,1321,24,finance
N26159,1320,28,health
N61397,1317,9,news
N24457,1317,21,news
N6113,1314,17,finance
N48572,1314,15,news
N54003,1313,35,lifestyle
N43373,1304,20,sports
N25212,1304,58,lifestyle
N33425,1301,32,health
N13005,1297,33,news
N38808,1295,22,foodanddrink
N43202,1293,35,autos
N58617,1292,9,sports
N27583,1291,46,entertainment
N350,1289,167,news
N44399,1289,67,health
N54291,1289,9,news
N31910,1288,32,news
N37332,1288,17,video
N12325,1287,48,foodanddrink
N34612,1287,18,news
N9187,1282,4,news
N24509,1279,94,lifestyle
N4162,1275,18,news
N39369,1273,28,music
N27349,1271,29,autos
N22690,1271,17,finance
N38797,1270,36,music
N366,1270,56,health
N16328,1270,133,news
N35671,1269,61,tv
N49123,1269,42,news
N46466,1269,25,news
N41569,1268,65,health
N38999,1267,35,sports
N18311,1266,19,sports
N40071,1265,80,sports
N45445,1256,8,news
N47602,1254,36,foodanddrink
N61962,1253,67,sports
N58549,1252,44,news
N19882,1251,16,travel
N33623,1251,23,lifestyle
N21484,1250,98,sports
N30814,1249,45,video
N56573,1248,11,sports
N30473,1248,28,finance
N6816,1247,35,autos
N21914,1246,20,travel
N4807,1243,14,news
N48340,1242,36,finance
N8855,1240,60,autos
N8455,1238,21,news
N23556,1238,23,news
N5695,1238,34,travel
N59462,1238,17,news
N41533,1238,33,news
N49157,1237,39,lifestyle
N26626,1237,26,lifestyle
N52557,1236,28,movies
N40300,1236,114,news
N44146,1232,60,health
N29822,1231,54,sports
N57943,1231,29,news
N52600,1226,5,finance
N8656,1226,13,finance
N614,1223,16,finance
N43500,1223,25,news
N27961,1223,105,news
N4442,1222,16,lifestyle
N53687,1221,26,news
N52312,1219,24,music
N31948,1216,10,autos
N23864,1214,47,health
N49491,1213,99,sports
N18403,1212,51,news
N30725,1211,29,news
N13601,1210,13,sports
N29065,1208,26,news
N63685,1206,34,finance
N3589,1205,51,entertainment
N2096,1205,32,sports
N56300,1205,11,sports
N23749,1205,13,news
N43143,1205,45,foodanddrink
N33689,1204,20,sports
N54397,1203,16,finance
N56777,1203,39,news
N27497,1202,25,autos
N40387,1201,10,travel
N60231,1199,4,news
N53863,1196,38,news
N4815,1196,33,foodanddrink
N3304,1196,22,news
N18377,1195,16,foodanddrink
N14531,1195,30,news
N41113,1194,17,autos
N3232,1192,14,news
N2787,1191,11,sports
N38023,1188,17,lifestyle
N36793,1187,11,foodanddrink
N55405,1187,50,sports
N57132,1186,108,news
N43445,1185,12,autos
N25088,1185,43,health
N45442,1184,44,health
N3517,1182,75,video
N24171,1181,5,news
N49030,1177,19,movies
N21036,1175,64,sports
N27314,1174,10,news
N32798,1174,27,news
N45456,1174,26,health
N44453,1173,35,lifestyle
N42397,1172,53,tv
N23824,1171,24,tv
N23429,1170,76,sports
N28983,1170,91,tv
N61407,1167,37,news
N26607,1166,35,news
N29952,1164,49,news
N31406,1162,61,news
N28385,1157,27,movies
N36837,1155,36,news
N47151,1153,39,news
N58828,1151,60,sports
N51896,1150,15,health
N10602,1147,18,finance
N12537,1147,35,news
N50058,1146,26,news
N29964,1145,46,sports
N48476,1144,28,health
N10551,1144,65,sports
N6929,1144,38,sports
N61949,1144,28,finance
N1394,1143,7,sports
N31519,1142,19,sports
N17659,1141,5,foodanddrink
N60585,1141,46,health
N10674,1141,20,news
N14440,1140,74,video
N33123,1140,35,autos
N64945,1139,12,news
N3179,1138,54,entertainment
N2659,1137,33,finance
N58271,1132,32,tv
N18340,1131,16,sports
N14285,1130,54,lifestyle
N32890,1129,46,news
N26944,1129,8,news
N62838,1129,16,tv
N50575,1128,30,autos
N44742,1126,13,news
N4080,1126,6,entertainment
N23060,1126,12,travel
N26639,1126,26,music
N6953,1126,58,news
N54287,1124,34,finance
N40539,1121,25,news
N36725,1121,23,travel
N37497,1120,47,news
N29003,1119,34,news
N51975,1118,57,news
N17647,1118,12,lifestyle
N49704,1116,32,sports
N17419,1115,5,news
N834,1114,7,travel
N12589,1112,174,news
N55950,1112,8,travel
N6712,1109,10,foodanddrink
N65236,1109,17,video
N61885,1108,14,finance
N23134,1106,22,news
N10642,1106,19,health
N3737,1106,8,movies
N51797,1102,16,lifestyle
N26702,1102,4,travel
N6268,1101,5,sports
N52502,1100,34,travel
N51255,1100,15,sports
N26091,1096,37,autos
N11417,1094,21,foodanddrink
N25406,1093,21,autos
N36675,1092,39,news
N7470,1089,13,movies
N26918,1089,10,finance
N28046,1088,101,sports
N60826,1087,13,autos
N17357,1085,46,news
N36532,1085,11,weather
N35776,1084,40,finance
N39810,1081,8,sports
N19647,1080,25,movies
N27807,1079,13,travel
N49487,1079,84,video
N10123,1077,16,health
N22353,1077,40,lifestyle
N56142,1077,32,lifestyle
N8913,1075,26,news
N46666,1072,4,news
N40342,1071,10,travel
N45173,1070,47,music
N19099,1069,16,travel
N29298,1067,5,news
N53848,1066,70,news
N61952,1066,18,autos
N40403,1066,65,sports
N52474,1066,20,lifestyle
N25953,1064,36,news
N2562,1063,21,sports
N48920,1062,78,sports
N8170,1061,20,lifestyle
N10386,1060,42,movies
N54321,1059,23,sports
N27525,1058,19,news
N36424,1058,43,autos
N52752,1056,34,news
N31630,1056,22,finance
N41651,1056,37,tv
N43655,1055,12,video
N64724,1052,18,finance
N1567,1051,18,foodanddrink
N52907,1050,64,news
N28204,1050,25,finance
N29854,1049,58,foodanddrink
N42266,1047,25,lifestyle
N22371,1045,12,lifestyle
N57226,1044,39,health
N16380,1043,29,health
N52683,1042,36,health
N39446,1042,7,news
N48049,1036,30,news
N34520,1031,138,video
N25049,1030,23,music
N45366,1030,58,tv
N48064,1030,56,news
N17194,1029,33,news
N23691,1028,56,tv
N8349,1027,24,autos
N56391,1027,28,news
N33985,1026,14,news
N30503,1023,14,lifestyle
N20602,1023,30,autos
N51006,1023,97,news
N61497,1022,18,finance
N15803,1022,42,news
N49240,1021,16,finance
N45964,1021,14,finance
N54038,1017,15,news
N9104,1017,26,news
N22726,1016,13,sports
N29155,1016,5,news
N25138,1013,125,sports
N49284,1013,37,autos
N47453,1013,27,news
N14170,1012,73,tv
N60085,1010,83,news
N29517,1009,19,tv
N37774,1009,10,news
N51253,1008,30,finance
N3792,1007,15,finance
N46258,1005,70,tv
N30836,1005,12,sports
N26278,1004,29,news
N5043,1003,23,autos
N61922,1002,2,news
N32031,1002,38,travel
N357,1000,9,travel
N29017,999,7,news
N45543,999,31,finance
N8260,997,32,health
N42285,996,24,autos
N1705,995,1,news
N58155,994,41,finance
N53111,994,3,finance
N33144,993,17,news
N12682,992,20,finance
N56355,991,53,news
N57329,991,42,news
N19770,990,15,lifestyle
N29839,989,67,lifestyle
N18531,988,34,lifestyle
N13730,987,43,foodanddrink
N36707,986,18,autos
N5587,986,15,news
N8045,984,8,travel
N4615,984,13,health
N60472,981,12,news
N17376,981,32,health
N195,980,25,foodanddrink
N50719,978,15,finance
N27258,977,17,sports
N61657,977,124,news
N22617,975,14,movies
N35486,974,47,health
N4238,973,9,movies
N35011,972,9,foodanddrink
N46779,972,14,autos
N4148,971,33,news
N5597,970,17,health
N28585,969,36,news
N25491,968,23,health
N9617,967,13,news
N9639,967,9,sports
N30283,966,10,finance
N2886,965,20,foodanddrink
N44694,961,5,sports
N57716,961,56,sports
N4598,960,27,foodanddrink
N16659,958,39,finance
N53008,957,23,foodanddrink
N47087,957,38,entertainment
N11301,956,15,foodanddrink
N44966,956,16,news
N6767,955,42,news
N5827,953,34,health
N6458,953,52,weather
N19776,952,17,health
N6866,951,17,video
N4975,950,9,sports
N54232,945,55,sports
N17355,945,20,lifestyle
N58140,945,12,news
N2878,943,31,sports
N15160,942,66,sports
N17168,941,13,sports
N3087,941,27,lifestyle
N59495,941,29,sports
N18103,940,68,sports
N5001,939,12,lifestyle
N64184,937,57,autos
N28888,937,19,finance
N50691,936,11,finance
N50135,936,12,sports
N37781,934,68,news
N64816,933,11,lifestyle
N36086,933,58,news
N16138,932,36,travel
N43179,931,4,sports
N10061,929,4,video
N32829,929,21,sports
N36050,929,16,finance
N54381,929,28,news
N40381,928,5,health
N34400,928,50,lifestyle
N38306,927,26,tv
N61608,927,33,music
N15117,927,7,news
N10969,926,22,foodanddrink
N28091,922,20,foodanddrink
N15105,921,10,video
N40602,920,16,foodanddrink
N13403,920,23,sports
N51478,920,60,music
N24104,919,18,sports
N19867,918,18,autos
N12850,918,51,news
N1046,918,33,news
N61754,917,94,lifestyle
N64459,916,29,foodanddrink
N21030,915,26,music
N18685,915,4,news
N52446,913,10,news
N44540,912,38,news
N1604,912,47,news
N60577,910,7,autos
N15678,910,48,health
N49505,908,43,tv
N3339,908,45,news
N1480,906,38,news
N51763,906,41,news
N1767,902,10,health
N3431,902,26,news
N33203,901,37,health
N41555,901,23,news
N51634,900,56,news
N18059,899,14,lifestyle
N38915,898,18,news
N17865,896,25,lifestyle
N45462,894,14,health
N39267,894,46,news
N13471,892,23,sports
N46567,892,19,foodanddrink
N54161,892,31,news
N49354,891,19,news
N61541,890,9,lifestyle
N3465,890,12,health
N2871,890,14,sports
N46338,890,2,sports
N54792,889,9,news
N27540,889,9,news
N27343,888,19,lifestyle
N12714,887,8,news
N3392,887,20,news
N48937,885,16,foodanddrink
N24985,884,22,autos
N16915,883,59,lifestyle
N13263,883,23,foodanddrink
N3821,883,74,sports
N34580,882,34,autos
N26514,880,28,foodanddrink
N20437,879,6,video
N54197,878,31,news
N32759,878,21,news
N24550,877,17,finance
N17952,875,11,sports
N27966,875,22,lifestyle
N51966,875,2,news
N37814,874,15,finance
N24759,874,31,news
N55065,874,18,news
N62001,874,25,music
N18947,873,30,tv
N31147,873,34,news
N58030,873,14,tv
N42614,872,37,news
N28668,872,34,news
N29254,872,40,news
N53296,872,13,lifestyle
N35305,871,100,news
N37190,871,53,travel
N23195,870,20,foodanddrink
N27638,868,30,news
N30454,865,61,health
N29196,864,11,health
N27473,864,12,news
N9215,864,54,news
N41757,862,108,news
N11929,862,32,foodanddrink
N20567,861,14,travel
N59170,859,17,news
N28962,857,19,autos
N32806,857,33,news
N56061,856,28,sports
N62633,855,13,finance
N34977,852,4,news
N43710,851,17,music
N27601,851,22,news
N36442,851,16,news
N54348,850,43,news
N9340,850,34,health
N7112,849,27,music
N31556,849,71,news
N15784,847,8,health
N61699,847,4,finance
N59501,847,9,travel
N40326,845,17,sports
N53373,845,12,video
N35062,845,28,autos
N51970,844,51,sports
N30238,844,23,lifestyle
N50797,844,11,news
N39149,843,23,news
N36251,842,21,sports
N26233,842,2,travel
N12379,841,24,news
N43528,841,11,lifestyle
N55723,841,27,music
N21377,840,11,news
N30215,839,26,health
N28684,839,2,travel
N7950,838,38,foodanddrink
N36273,837,30,sports
N305,836,28,sports
N976,835,4,lifestyle
N13698,830,6,sports
N14809,830,29,sports
N27055,829,3,video
N19242,828,38,sports
N20356,827,9,news
N25295,827,99,lifestyle
N28357,825,17,news
N19536,825,32,news
N25160,823,27,news
N64721,823,3,news
N20977,822,7,finance
N60757,821,8,foodanddrink
N24455,819,15,news
N51552,819,40,news
N46186,818,19,finance
N26537,816,32,news
N39204,816,6,entertainment
N47235,816,15,health
N28987,816,9,finance
N32923,815,24,health
N59508,815,8,news
N29679,815,10,health
N36408,815,27,music
N58166,814,5,sports
N37199,814,49,tv
N39637,813,12,news
N6207,811,11,news
N61274,810,6,health
N40973,810,27,music
N38496,808,10,news
N29107,808,52,sports
N52554,807,46,sports
N30151,806,8,news
N61950,804,59,news
N31869,803,9,finance
N31668,803,16,finance
N39073,803,27,health
N23508,802,11,news
N39786,802,19,tv
N60606,802,45,autos
N26220,801,16,sports
N38998,800,134,news
N52944,800,13,foodanddrink
N18823,800,29,news
N18573,799,36,news
N61140,799,10,foodanddrink
N35336,799,26,news
N28448,799,6,music
N9407,798,85,video
N49252,798,22,entertainment
N30963,797,9,news
N33799,796,12,news
N61588,795,17,lifestyle
N24458,795,9,music
N46142,794,34,sports
N60009,794,23,lifestyle
N38566,793,12,news
N49194,790,61,tv
N28480,790,20,foodanddrink
N51633,789,14,news
N707,789,2,finance
N6399,788,29,health
N52585,787,42,music
N26084,786,33,foodanddrink
N31424,786,3,news
N56105,785,2,health
N3303,785,11,foodanddrink
N22061,784,59,health
N47248,783,14,finance
N1319,779,37,news
N46307,779,13,sports
N3656,779,8,news
N57604,778,77,news
N13165,778,26,health
N36232,777,20,autos
N18895,776,13,news
N31027,775,18,travel
N53901,774,27,foodanddrink
N19061,772,6,foodanddrink
N47231,771,41,news
N28281,770,4,news
N38691,770,8,sports
N55897,768,16,tv
N9000,768,9,health
N40565,767,7,finance
N51223,766,5,health
N26977,765,9,sports
N13423,764,130,news
N25124,764,37,video
N7041,762,14,health
N1410,762,11,lifestyle
N48280,760,1,travel
N1105,760,54,health
N25064,759,173,video
N58183,759,27,health
N61229,759,6,news
N28861,758,5,lifestyle
N46309,756,23,music
N36249,756,12,lifestyle
N43908,754,16,news
N28588,754,3,finance
N46336,751,6,finance
N34008,750,18,foodanddrink
N24276,749,16,sports
N15812,748,20,news
N7850,747,29,video
N44341,747,11,sports
N3045,746,9,finance
N1020,745,3,foodanddrink
N17821,743,22,travel
N48887,741,21,autos
N57014,741,45,sports
N22329,741,9,news
N46597,740,16,health
N28382,739,43,tv
N34451,739,47,news
N54171,736,8,health
N15043,736,56,sports
N10532,734,1,news
N21216,732,21,news
N31037,730,16,news
N25480,729,8,news
N41188,728,9,finance
N47114,727,17,lifestyle
N18063,727,55,foodanddrink
N7313,726,9,health
N42988,724,26,news
N40905,724,28,sports
N29069,724,16,foodanddrink
N19017,723,16,video
N41787,723,14,finance
N22188,722,13,health
N2324,721,29,sports
N48510,718,8,news
N52069,716,4,foodanddrink
N9806,716,23,sports
N40003,716,18,lifestyle
N35294,716,21,lifestyle
N6825,715,2,sports
N63328,715,4,health
N58283,715,10,finance
N60256,714,24,sports
N34382,714,23,lifestyle
N59194,712,17,foodanddrink
N24017,711,27,news
N7443,711,15,foodanddrink
N8711,711,27,news
N59543,710,20,news
N28152,709,17,news
N25428,708,10,health
N40656,708,83,sports
N49733,707,4,video
N43388,707,16,sports
N57844,707,48,news
N25605,706,91,news
N37185,705,16,tv
N40268,703,6,health
N43648,703,22,lifestyle
N41627,703,17,lifestyle
N55147,703,3,foodanddrink
N38315,702,45,news
N42868,702,39,foodanddrink
N57227,702,26,foodanddrink
N45457,702,13,news
N48302,701,31,news
N6873,700,33,travel
N13011,700,38,autos
N30598,700,142,news
N19043,699,16,foodanddrink
N57099,699,11,news
N36182,698,12,autos
N14846,698,15,lifestyle
N14305,696,23,tv
N55346,695,42,video
N47624,693,5,news
N63646,692,58,news
N34601,691,11,music
N42749,690,9,finance
N51951,689,19,finance
N13056,689,11,news
N39568,688,23,news
N56959,687,7,health
N26712,687,6,sports
N17913,687,20,news
N56045,685,2,foodanddrink
N6819,685,17,health
N28837,685,12,news
N37833,685,17,finance
N26902,684,34,sports
N48950,683,3,news
N40702,683,4,news
N20394,683,22,news
N4273,683,9,finance
N17468,683,19,video
N27521,682,6,news
N38488,682,4,movies
N58552,681,7,sports
N29830,681,35,health
N20236,680,19,news
N41615,678,9,news
N43377,678,15,sports
N55563,677,13,news
N2389,676,13,sports
N44628,676,10,news
N7288,676,10,music
N18975,676,13,news
N37250,675,28,news
N25657,675,33,sports
N60161,675,8,finance
N52997,674,15,news
N22364,674,3,news
N15931,672,8,news
N36865,672,5,news
N8922,672,6,sports
N60961,672,5,news
N23590,672,23,travel
N39537,671,10,finance
N1951,671,56,news
N22215,671,2,tv
N49375,671,19,health
N33201,670,5,lifestyle
N52471,669,66,news
N55936,669,21,autos
N61572,669,22,sports
N60592,668,36,video
N46923,667,9,music
N8074,667,13,lifestyle
N35290,666,3,travel
N30035,666,58,news
N57085,665,7,news
N13827,665,18,lifestyle
N8242,664,51,news
N38201,664,24,video
N58054,663,48,autos
N14547,663,14,news
N18153,662,5,foodanddrink
N42410,662,5,foodanddrink
N63601,661,8,news
N36910,661,32,movies
N28319,660,24,news
N45868,660,14,news
N28403,659,40,news
N3806,658,6,finance
N20270,657,45,news
N56471,657,11,news
N21309,657,17,foodanddrink
N64243,656,23,sports
N7272,656,12,lifestyle
N36509,656,1,travel
N3590,655,19,sports
N26224,654,12,finance
N41658,654,25,news
N33069,652,9,finance
N43438,652,8,news
N45760,650,4,news
N52782,650,22,health
N27486,650,23,sports
N4633,649,17,tv
N61117,648,18,news
N17896,648,8,autos
N35029,647,16,finance
N130,646,12,news
N47205,644,24,news
N32097,644,61,news
N9846,644,5,news
N39215,643,5,finance
N48225,643,9,finance
N56665,643,4,entertainment
N64840,643,4,finance
N52445,642,13,sports
N61074,642,20,news
N44746,642,11,health
N840,642,11,sports
N47631,641,16,news
N31727,641,5,health
N35131,641,32,finance
N6542,641,13,health
N1421,640,36,sports
N53587,639,53,autos
N59343,638,8,sports
N23820,637,17,news
N28757,637,5,travel
N60128,634,15,news
N2169,634,62,news
N59277,633,12,video
N28745,632,14,foodanddrink
N62933,632,21,news
N4857,631,32,tv
N25791,631,162,news
N1857,630,13,travel
N38733,630,9,lifestyle
N17228,628,62,news
N28580,628,5,news
N15422,626,7,finance
N47280,626,24,news
N20926,626,2,news
N42602,625,22,news
N12083,625,15,finance
N7474,625,13,sports
N61969,625,26,news
N1858,624,3,news
N5582,624,3,foodanddrink
N56104,624,20,sports
N64096,624,4,news
N35051,623,24,autos
N15948,623,8,health
N3417,623,2,news
N46586,623,51,sports
N14535,623,10,travel
N47161,622,8,lifestyle
N86,622,8,video
N26649,622,75,sports
N59977,621,28,video
N50007,621,21,lifestyle
N37925,621,4,autos
N38330,621,17,lifestyle
N16589,620,21,sports
N815,619,11,news
N22999,619,16,foodanddrink
N37609,619,7,news
N37022,618,21,finance
N23816,618,28,autos
N61688,617,8,finance
N64902,616,14,lifestyle
N42249,614,8,news
N17081,614,13,news
N57034,614,2,finance
N34099,612,3,finance
N63319,611,11,lifestyle
N37580,611,9,news
N41128,610,12,health
N7462,609,41,video
N63919,609,45,tv
N56806,609,7,health
N7813,609,2,news
N57238,608,8,news
N5379,608,27,travel
N241,607,14,finance
N7901,606,29,news
N29749,606,8,lifestyle
N44116,605,30,sports
N11257,604,12,news
N5091,604,17,news
N6566,604,5,health
N59461,602,13,news
N50471,602,5,travel
N42981,602,21,health
N36683,602,9,news
N33312,601,10,health
N13902,601,3,sports
N43837,600,13,news
N12280,599,6,news
N47433,599,18,lifestyle
N15260,597,3,news
N22193,597,8,lifestyle
N53075,597,3,news
N41133,596,9,health
N52606,596,17,health
N50490,595,17,news
N64190,595,29,news
N60449,595,12,news
N24429,594,5,travel
N53899,594,44,news
N46004,594,26,sports
N37545,593,12,news
N61349,593,18,news
N44679,592,25,sports
N20331,592,3,music
N57403,591,26,news
N63060,590,40,finance
N51210,590,2,travel
N35850,590,8,news
N55207,590,50,news
N54115,590,14,sports
N26319,589,24,entertainment
N37636,589,11,health
N53960,588,12,news
N17843,587,8,foodanddrink
N3161,585,27,news
N52433,584,58,movies
N64138,583,31,news
N40472,583,3,news
N24821,582,6,health
N20816,582,10,news
N2516,582,16,sports
N12905,581,23,sports
N44309,580,23,sports
N1355,580,16,travel
N32240,580,24,news
N21312,579,13,news
N6960,578,7,news
N63442,577,4,news
N17195,577,46,sports
N3678,577,15,autos
N34486,577,20,autos
N51133,573,16,news
N397,573,7,finance
N36330,573,7,news
N51153,573,23,lifestyle
N47721,573,8,news
N48684,572,25,news
N1573,571,10,sports
N23593,571,19,health
N61235,570,15,lifestyle
N64858,569,23,lifestyle
N51418,569,6,sports
N38483,567,24,entertainment
N52045,567,1,sports
N51424,566,19,sports
N13967,566,27,tv
N22803,564,22,sports
N17072,564,60,news
N12300,564,25,lifestyle
N24607,564,31,video
N41921,563,8,news
N16725,563,26,news
N25985,562,13,health
N11827,562,6,video
N12430,562,8,health
N21375,561,26,health
N36049,561,3,foodanddrink
N60059,561,15,sports
N12767,558,17,news
N41581,558,25,news
N40664,558,14,foodanddrink
N14054,557,4,music
N25639,556,34,sports
N5171,556,6,news
N50895,556,27,video
N20512,556,14,sports
N34799,555,15,video
N48832,554,28,news
N51808,554,7,news
N42378,553,9,video
N22191,553,10,news
N39432,553,5,news
N24898,552,11,autos
N26579,552,31,news
N42849,551,1,video
N291,551,3,foodanddrink
N27714,550,11,autos
N28414,550,7,finance
N2622,549,20,news
N33796,549,0,autos
N39531,549,49,sports
N3243,549,35,finance
N32295,549,40,health
N37272,548,36,news
N26439,547,32,news
N247,547,14,sports
N54862,546,15,music
N43848,546,5,news
N14802,546,99,news
N46407,546,1,sports
N15632,545,15,health
N4107,544,43,news
N60456,544,19,news
N45554,543,35,foodanddrink
N18595,543,6,travel
N33533,543,25,autos
N8519,543,4,lifestyle
N27708,543,9,news
N18553,541,6,news
N34081,540,41,news
N16502,539,13,foodanddrink
N58885,539,9,health
N41232,538,15,sports
N42885,538,30,sports
N16833,538,20,news
N57026,537,10,finance
N15810,536,6,sports
N16272,536,17,sports
N9163,535,53,sports
N18644,535,17,news
N18375,534,1,finance
N4612,533,24,sports
N8807,533,28,foodanddrink
N13080,533,7,music
N4201,533,7,foodanddrink
N990,532,7,sports
N39399,532,11,music
N25366,532,7,travel
N63748,531,18,lifestyle
N379,530,4,news
N38053,530,11,music
N63835,530,25,sports
N26595,530,24,lifestyle
N49633,527,16,video
N59323,526,14,lifestyle
N51718,526,7,sports
N21950,524,36,news
N64525,524,7,lifestyle
N57814,524,2,news
N5358,524,8,video
N51104,524,25,news
N49001,522,18,music
N24865,522,22,health
N14823,521,4,finance
N40451,520,15,movies
N41258,519,22,video
N26332,519,7,news
N1080,519,22,health
N24963,518,30,finance
N16323,518,11,health
N40670,518,18,news
N6610,518,11,sports
N38780,517,5,foodanddrink
N11853,517,5,news
N37027,517,6,video
N39005,516,16,finance
N61392,516,1,news
N45190,516,8,sports
N15289,516,39,sports
N10413,515,28,finance
N7957,515,21,movies
N44815,515,36,news
N58540,514,14,sports
N27476,514,18,sports
N35739,513,11,lifestyle
N51773,511,15,health
N28496,511,18,video
N57853,510,22,news
N46801,509,11,finance
N64273,509,28,tv
N26049,508,3,video
N14990,508,15,finance
N6330,507,24,news
N57225,506,11,news
N41617,505,16,foodanddrink
N5050,504,2,sports
N11436,504,12,sports
N12162,504,10,foodanddrink
N8476,503,17,health
N47068,503,21,sports
N56800,502,9,sports
N41704,501,13,video
N3449,501,26,news
N8114,501,22,news
N18606,500,3,sports
N39741,500,12,sports
N32211,499,25,news
N24532,499,24,health
N23235,497,2,foodanddrink
N53302,497,7,weather
N21710,497,4,news
N38949,496,49,sports
N20224,493,0,health
N42039,493,9,news
N43522,492,5,lifestyle
N52535,492,36,news
N23469,491,2,health
N36348,491,50,news
N46175,491,8,autos
N57917,490,6,foodanddrink
N24983,490,4,travel
N57001,490,10,news
N16936,489,7,news
N2233,488,27,sports
N63255,487,0,lifestyle
N3865,487,13,finance
N8233,487,0,video
N39389,486,12,lifestyle
N12363,486,2,news
N56636,486,23,news
N21758,485,6,sports
N12995,485,43,news
N8657,484,6,entertainment
N44299,483,27,foodanddrink
N55505,483,16,video
N47858,483,10,news
N17011,482,13,news
N54283,482,10,lifestyle
N30346,482,16,finance
N59796,482,17,news
N64787,480,40,video
N51049,479,5,news
N42853,478,16,finance
N61652,478,6,news
N58893,478,2,news
N59030,478,18,news
N18793,477,7,news
N26909,476,18,news
N62197,476,2,lifestyle
N64153,476,25,news
N15108,476,8,sports
N13729,475,32,video
N46690,475,19,news
N64919,474,10,news
N42922,474,64,sports
N19300,474,3,movies
N34848,473,22,sports
N28947,473,7,travel
N62314,472,4,news
N1999,471,13,news
N55309,471,7,news
N15977,471,6,health
N62280,471,2,news
N9923,471,9,sports
N16117,470,7,news
N18726,469,8,travel
N64490,468,46,sports
N52094,468,11,foodanddrink
N23657,467,57,sports
N9392,467,3,weather
N52728,467,54,autos
N15283,467,15,weather
N63449,467,6,foodanddrink
N13112,466,28,news
N38947,466,36,sports
N28279,465,26,tv
N49498,465,4,news
N59414,464,2,lifestyle
N17000,464,6,sports
N51585,463,1,video
N6903,462,3,entertainment
N36673,462,24,sports
N13540,462,2,finance
N50791,462,56,foodanddrink
N59042,460,34,sports
N65028,460,10,finance
N46424,459,24,lifestyle
N61044,459,10,lifestyle
N41992,459,26,sports
N11721,458,5,sports
N44830,457,24,news
N83,457,19,news
N23107,457,2,health
N18314,456,16,news
N11738,456,5,news
N56966,455,13,foodanddrink
N5737,455,30,news
N57565,455,4,news
N15506,455,8,news
N22942,454,2,entertainment
N42264,453,9,news
N17130,453,61,video
N38333,452,27,sports
N10867,452,10,tv
N39360,450,10,movies
N54442,450,21,sports
N1082,449,7,news
N60619,449,8,news
N42965,448,43,sports
N1026,447,17,health
N58941,447,5,autos
N6340,447,6,finance
N36599,447,27,news
N13689,447,6,movies
N24599,446,2,autos
N21925,446,39,news
N2021,445,5,news
N6150,445,29,news
N28405,444,6,health
N27826,444,27,news
N57451,444,8,lifestyle
N27063,444,14,lifestyle
N31086,443,10,health
N8928,443,3,weather
N47942,443,52,sports
N31488,442,8,news
N32268,440,6,foodanddrink
N13604,440,31,health
N65049,439,2,foodanddrink
N22318,438,8,foodanddrink
N46263,437,12,news
N35430,436,28,news
N23485,436,7,health
N35907,436,6,foodanddrink
N48663,435,36,video
N11093,435,14,news
N44030,434,7,health
N28477,433,11,news
N7540,431,8,travel
N25073,431,10,finance
N49707,430,12,news
N59168,430,2,foodanddrink
N15654,429,7,sports
N2334,428,5,news
N47957,428,4,news
N17242,428,4,health
N34492,428,11,travel
N3416,427,45,foodanddrink
N63650,426,15,health
N11362,426,17,news
N51156,426,12,sports
N20025,425,6,lifestyle
N54315,425,22,lifestyle
N11483,425,12,autos
N4066,425,16,news
N18145,424,14,news
N45988,424,17,sports
N57179,424,15,movies
N64037,424,27,news
N59003,424,3,sports
N43016,422,5,finance
N32407,422,5,sports
N49953,421,4,lifestyle
N8468,421,8,sports
N9763,421,7,health
N37854,421,16,autos
N42759,420,15,music
N38155,420,5,sports
N54890,420,1,health
N34925,419,15,health
N57023,419,4,sports
N14652,417,14,health
N4537,417,6,news
N32866,416,27,sports
N50452,415,17,news
N64691,415,1,news
N25979,413,6,news
N27037,412,10,travel
N31041,412,14,foodanddrink
N40683,412,18,news
N13176,411,9,news
N41443,410,6,finance
N50978,410,8,sports
N10116,410,47,news
N20755,410,5,foodanddrink
N12253,409,37,news
N63599,409,5,lifestyle
N42117,409,6,weather
N51725,407,8,video
N24750,407,5,finance
N5783,407,12,news
N54401,406,5,news
N36626,405,8,news
N64176,405,5,news
N42660,405,3,foodanddrink
N41893,405,5,news
N15195,405,13,sports
N46892,405,13,lifestyle
N27318,403,21,news
N9652,403,10,finance
N62172,403,8,news
N15960,403,3,news
N47934,403,9,sports
N59805,401,4,finance
N63273,401,14,sports
N27441,400,14,lifestyle
N11949,400,11,news
N19915,400,4,news
N63341,400,6,sports
N52295,400,17,video
N16710,399,7,finance
N23002,398,15,sports
N33710,397,22,sports
N15811,397,5,lifestyle
N33983,397,1,news
N45178,397,8,sports
N7947,397,0,finance
N35541,396,10,lifestyle
N52520,396,4,news
N2702,396,14,sports
N4390,395,21,sports
N46724,395,2,health
N1555,395,41,sports
N26932,395,15,sports
N54303,394,17,lifestyle
N4734,394,6,finance
N3652,394,11,finance
N57521,394,19,news
N41400,393,1,tv
N23189,392,26,news
N31113,392,6,news
N7104,392,11,finance
N23818,391,5,travel
N29491,391,8,sports
N60904,390,2,finance
N37776,390,0,news
N42336,389,6,news
N21147,389,14,health
N1294,388,6,finance
N53554,388,4,sports
N40705,388,6,video
N53599,387,25,health
N57138,387,7,sports
N12744,387,3,sports
N30550,386,4,news
N6775,386,3,news
N60772,386,6,sports
N64296,386,5,health
N64859,385,1,news
N16568,385,13,movies
N3748,385,14,health
N4999,384,6,news
N11511,383,27,health
N52787,383,11,weather
N8538,383,12,sports
N24193,382,9,finance
N28582,382,10,sports
N37320,382,13,news
N35106,381,1,foodanddrink
N37115,381,16,finance
N6219,381,15,autos
N8564,380,0,news
N12869,380,10,finance
N26577,380,12,news
N41925,379,7,weather
N17694,378,5,foodanddrink
N51607,378,12,lifestyle
N52102,378,16,health
N57462,378,7,news
N41697,377,14,music
N25278,377,4,lifestyle
N16431,374,3,lifestyle
N39112,374,8,lifestyle
N21903,374,17,sports
N8438,373,10,autos
N42076,373,31,sports
N53443,372,11,sports
N31799,371,1,foodanddrink
N49222,370,10,sports
N39844,370,5,sports
N54443,370,18,sports
N4729,369,5,sports
N59576,369,8,health
N40110,368,11,news
N8012,368,16,weather
N15132,368,5,news
N46134,368,10,lifestyle
N31980,367,3,sports
N10885,367,9,news
N52697,367,17,video
N30689,366,19,news
N33315,366,1,travel
N21509,366,21,video
N12124,366,1,news
N5415,365,8,sports
N31511,365,3,lifestyle
N43665,365,16,autos
N63647,365,48,sports
N32030,364,21,news
N14125,364,6,sports
N20834,364,8,news
N58152,363,11,foodanddrink
N45812,362,0,travel
N36252,362,5,finance
N39331,362,12,news
N2099,362,7,travel
N65167,362,8,foodanddrink
N6216,361,2,news
N28390,361,10,sports
N7852,361,9,finance
N50670,360,16,news
N37194,360,10,finance
N28614,360,8,lifestyle
N40329,359,2,travel
N23326,358,18,news
N34159,358,24,sports
N46370,358,26,finance
N12843,357,6,news
N65036,357,12,health
N22908,356,2,tv
N32853,355,6,video
N60612,355,3,news
N27744,353,14,foodanddrink
N31036,353,5,news
N41040,353,7,health
N44397,351,35,sports
N41126,351,11,news
N11092,351,27,news
N999,351,26,news
N12392,350,43,sports
N4569,350,12,sports
N13980,349,2,news
N62485,349,2,autos
N62416,348,4,health
N42537,347,0,news
N51169,347,8,sports
N57972,347,2,music
N26190,346,4,health
N7036,346,13,sports
N54794,345,10,video
N49935,344,3,sports
N17392,344,5,health
N58020,343,1,foodanddrink
N37170,343,17,foodanddrink
N57981,343,5,entertainment
N17289,342,18,sports
N32472,342,4,sports
N45171,342,6,news
N39731,342,7,news
N43496,342,9,lifestyle
N23260,341,10,sports
N6990,341,1,lifestyle
N40676,341,6,news
N1206,340,2,lifestyle
N8306,340,10,news
N12351,340,5,travel
N34735,340,19,tv
N44563,340,17,weather
N21037,340,2,travel
N15307,340,25,sports
N56249,340,13,health
N58609,339,5,news
N14884,339,6,sports
N38888,339,2,news
N7245,339,11,lifestyle
N37143,338,1,video
N16161,338,1,news
N16618,338,17,finance
N45340,338,7,sports
N37157,337,8,video
N51378,337,10,movies
N20133,337,8,sports
N42354,337,18,news
N46057,337,23,news
N20020,337,7,lifestyle
N48839,335,1,news
N16918,335,8,weather
N38690,335,1,finance
N40916,335,0,weather
N510,335,16,news
N62089,334,24,news
N6739,334,9,news
N41309,334,0,movies
N63683,334,21,lifestyle
N20147,333,2,movies
N37651,333,1,tv
N32204,332,27,tv
N33813,331,2,news
N46393,331,18,sports
N7685,331,4,finance
N17416,331,8,entertainment
N31294,330,3,news
N53044,330,22,sports
N2704,330,9,news
N26896,330,8,sports
N7476,330,2,news
N9997,330,15,lifestyle
N21402,330,11,sports
N26125,329,7,weather
N15238,329,2,lifestyle
N10073,329,7,finance
N10359,329,12,travel
N63697,328,15,news
N9368,328,26,health
N10541,327,16,news
N53986,327,12,news
N42966,326,20,music
N15124,325,7,sports
N6962,325,5,foodanddrink
N6651,324,24,sports
N58229,324,13,sports
N823,324,22,sports
N33291,324,8,news
N36332,324,13,news
N4605,324,5,news
N5135,324,19,finance
N10635,323,5,lifestyle
N58881,323,2,health
N15952,321,11,sports
N31053,321,4,foodanddrink
N12606,318,13,news
N41596,316,45,sports
N48351,316,5,sports
N25380,316,11,sports
N9457,315,45,news
N58574,315,9,health
N7535,315,6,lifestyle
N44203,314,10,video
N38960,314,7,news
N34372,313,4,sports
N1531,312,15,weather
N584,312,17,news
N58836,312,6,video
N54534,311,2,news
N41889,311,7,tv
N4675,311,11,foodanddrink
N55380,311,6,weather
N23481,311,1,foodanddrink
N47933,310,5,entertainment
N16504,310,1,health
N3972,310,50,news
N62801,310,6,news
N16311,309,4,weather
N11931,308,16,news
N59960,307,11,news
N50023,307,28,health
N41774,307,34,sports
N28773,306,16,sports
N56376,305,0,finance
N17628,305,33,news
N1768,305,6,video
N16914,305,14,news
N29860,304,8,news
N252,303,4,health
N48475,303,1,health
N7129,302,16,sports
N25081,301,1,foodanddrink
N42800,300,3,finance
N43075,300,14,sports
N20049,300,1,finance
N4905,299,8,news
N62863,299,17,news
N23557,299,13,news
N18884,298,26,video
N19250,297,11,news
N56738,297,11,sports
N12910,296,4,foodanddrink
N11860,296,14,weather
N32073,295,6,news
N8639,295,4,sports
N36826,295,3,video
N21619,295,41,news
N48621,295,9,finance
N56493,294,7,finance
N63261,294,3,finance
N19117,293,6,movies
N3297,293,3,sports
N50754,293,1,news
N14329,293,18,sports
N54606,293,18,sports
N10279,292,10,foodanddrink
N38511,292,7,news
N28800,292,29,news
N35964,291,8,news
N47825,291,6,news
N55242,291,15,news
N44289,290,16,weather
N62726,290,5,sports
N60895,290,9,health
N40210,290,3,sports
N22164,290,17,weather
N29369,290,14,news
N20325,289,13,news
N10032,289,2,foodanddrink
N27041,289,5,news
N48843,289,5,health
N43289,289,19,weather
N6858,289,6,news
N5228,288,3,sports
N3992,287,4,news
N58133,287,8,news
N6549,286,43,sports
N26601,286,22,news
N32891,286,19,sports
N46613,285,10,sports
N31212,285,13,movies
N24504,284,13,video
N7247,284,8,finance
N328,284,4,sports
N4573,284,7,movies
N43670,284,38,sports
N39700,284,7,news
N2476,283,10,sports
N39985,283,9,finance
N11378,283,9,video
N35256,283,18,sports
N13324,282,2,news
N47873,281,4,foodanddrink
N56879,281,16,news
N16412,281,5,sports
N59467,280,3,news
N27333,280,1,health
N29241,280,1,sports
N24732,280,14,news
N59655,280,3,weather
N37416,279,34,news
N17529,279,23,news
N34302,279,7,finance
N15807,279,37,sports
N26965,279,2,news
N54393,278,6,tv
N51194,278,6,sports
N29800,278,6,sports
N26043,278,20,news
N20603,278,20,music
N33058,277,2,news
N46489,277,10,news
N52253,277,5,sports
N19598,277,2,weather
N1468,277,6,news
N60910,276,10,lifestyle
N49556,276,3,health
N3708,276,0,news
N373,276,4,health
N1936,276,9,lifestyle
N61065,275,10,sports
N4741,275,8,health
N13979,274,8,news
N55867,273,26,video
N333,273,10,sports
N24062,273,7,news
N15450,273,12,lifestyle
N18698,273,18,entertainment
N56132,272,4,news
N23570,272,4,health
N26539,271,13,news
N64258,271,8,news
N26106,270,13,sports
N41606,270,6,finance
N30713,269,6,lifestyle
N52858,269,3,tv
N55353,269,0,weather
N12245,269,8,news
N29023,269,3,news
N58573,268,3,sports
N33159,268,27,news
N13097,268,7,movies
N33638,268,38,sports
N2658,268,3,finance
N38079,268,10,news
N29870,267,5,lifestyle
N20815,267,12,sports
N31300,267,11,news
N60027,267,0,movies
N28248,266,10,health
N61493,266,10,sports
N60444,266,6,lifestyle
N25785,265,22,sports
N43483,265,5,video
N21086,265,6,news
N52442,265,9,sports
N49364,265,8,health
N25108,264,10,finance
N40788,264,1,sports
N53617,264,4,news
N1477,264,26,news
N26768,264,6,sports
N61983,263,4,sports
N16543,263,6,sports
N34581,263,5,video
N32139,263,8,news
N53697,262,18,tv
N32774,262,9,lifestyle
N33150,262,11,news
N36836,261,3,movies
N8555,261,8,lifestyle
N37589,261,2,movies
N48350,261,7,entertainment
N5930,261,15,news
N33311,261,8,lifestyle
N17070,261,7,foodanddrink
N15292,261,6,lifestyle
N27125,260,0,finance
N25999,260,4,video
N57283,260,1,news
N32038,259,4,weather
N26515,259,0,sports
N57906,258,10,news
N38788,257,14,finance
N413,257,1,news
N50059,257,12,autos
N32556,256,7,sports
N63086,256,6,sports
N23536,256,15,news
N56774,256,7,sports
N13880,255,1,news
N29572,255,4,news
N26162,255,6,video
N51776,255,1,sports
N51377,255,0,finance
N42970,254,1,travel
N2062,254,22,news
N23196,254,7,foodanddrink
N32205,254,1,health
N6153,254,8,sports
N56299,254,19,sports
N54456,254,13,video
N36089,253,0,tv
N28432,253,6,travel
N12567,253,4,foodanddrink
N19727,253,4,sports
N53436,252,21,finance
N58450,251,2,video
N16043,251,5,lifestyle
N31954,251,7,weather
N9240,251,24,sports
N63817,250,5,entertainment
N48025,250,2,news
N51275,250,39,sports
N49610,250,23,news
N47380,250,32,news
N53298,249,1,news
N64550,249,3,sports
N2474,249,0,health
N23936,249,15,sports
N60440,249,6,travel
N14075,249,4,foodanddrink
N53484,248,2,travel
N17575,248,3,news
N37266,247,5,news
N9579,247,3,finance
N17499,246,7,news
N53862,246,1,sports
N56113,246,18,health
N55059,245,5,video
N4635,244,3,health
N45294,244,6,entertainment
N26336,244,7,finance
N44761,243,11,sports
N47122,243,6,news
N58890,242,3,news
N19249,242,12,news
N50404,242,8,foodanddrink
N17986,242,3,news
N1204,242,2,news
N17331,241,8,sports
N47132,241,13,news
N2716,241,2,finance
N31183,241,20,sports
N15361,241,1,foodanddrink
N52149,240,10,autos
N18571,240,7,news
N636,240,2,news
N12871,240,3,video
N17701,239,4,health
N44278,239,3,health
N37577,239,4,news
N38985,238,5,health
N11406,238,3,finance
N45673,238,24,video
N10169,238,8,sports
N62111,238,2,foodanddrink
N46739,237,12,lifestyle
N20319,236,32,sports
N14381,236,8,news
N31054,236,9,news
N25148,236,9,video
N34937,236,10,music
N60300,236,7,foodanddrink
N64282,235,7,lifestyle
N34390,235,5,finance
N46211,235,4,sports
N724,235,2,health
N881,234,11,lifestyle
N28805,234,4,lifestyle
N740,234,38,sports
N5890,234,4,lifestyle
N61828,234,13,news
N19520,233,6,news
N59876,233,6,finance
N52761,233,2,health
N48106,233,5,health
N30098,233,5,news
N46880,233,0,foodanddrink
N33439,233,2,news
N44234,232,1,video
N60291,232,4,finance
N64946,232,7,news
N42488,232,5,health
N25561,231,10,news
N61286,230,2,sports
N35293,230,38,sports
N53018,229,7,travel
N29152,229,1,finance
N59644,228,7,sports
N24805,227,1,news
N9399,227,7,finance
N51690,227,19,news
N56301,227,8,health
N49989,227,4,lifestyle
N40475,227,1,health
N6532,227,7,finance
N56209,226,9,entertainment
N23346,226,1,lifestyle
N15093,226,12,sports
N26370,226,0,video
N18801,225,4,health
N38560,225,11,weather
N11974,225,12,sports
N3925,225,4,sports
N42753,225,6,sports
N61389,225,25,sports
N18449,225,3,finance
N26038,225,19,news
N6582,224,5,sports
N7895,224,5,lifestyle
N43397,224,17,news
N16104,223,2,foodanddrink
N35921,223,5,entertainment
N10333,223,7,news
N20614,222,7,music
N39795,222,2,news
N46915,222,7,travel
N19195,222,2,news
N35493,222,0,news
N60695,221,4,video
N28738,221,12,sports
N22640,221,1,finance
N16616,220,5,news
N6760,220,10,lifestyle
N14638,220,3,sports
N3148,220,5,video
N13022,220,0,finance
N36888,220,7,foodanddrink
N54228,220,6,sports
N59022,220,12,lifestyle
N29462,219,7,video
N37058,219,10,weather
N6008,219,2,sports
N398,219,2,lifestyle
N60118,219,4,sports
N40943,218,8,music
N41910,218,2,finance
N12024,218,4,movies
N36416,217,5,news
N802,217,5,lifestyle
N49038,217,24,news
N15756,217,5,foodanddrink
N35622,217,34,music
N11911,216,2,finance
N14674,216,19,news
N50372,216,9,entertainment
N46501,216,12,news
N7092,216,33,health
N14159,216,9,weather
N56278,215,5,entertainment
N25133,215,5,weather
N33484,215,1,movies
N34852,215,2,health
N9632,215,9,news
N46662,215,9,sports
N5044,214,2,news
N33064,214,0,lifestyle
N28542,213,0,foodanddrink
N25758,213,4,health
N48215,213,1,foodanddrink
N50570,213,15,video
N61721,212,0,sports
N43299,212,15,sports
N64304,212,4,foodanddrink
N31266,211,3,video
N53626,211,4,weather
N13288,211,3,movies
N13793,211,8,news
N15366,211,4,finance
N38211,211,7,foodanddrink
N34568,210,8,news
N6375,210,0,foodanddrink
N1785,210,10,foodanddrink
N48326,210,6,sports
N22173,210,8,weather
N10142,210,6,news
N54490,210,3,tv
N30374,210,1,autos
N43628,209,5,health
N645,209,1,sports
N50286,209,0,news
N14364,209,4,music
N42112,209,6,travel
N51639,208,14,news
N9836,208,2,lifestyle
N10250,208,12,video
N3707,208,3,lifestyle
N39000,208,1,foodanddrink
N53749,208,18,sports
N30222,207,7,video
N55865,207,2,sports
N59856,207,3,movies
N49939,207,0,foodanddrink
N30750,207,3,video
N47096,206,14,news
N1578,206,3,lifestyle
N19182,206,1,finance
N11513,206,6,sports
N49853,205,10,news
N4956,205,0,sports
N39983,205,8,news
N19376,205,15,sports
N62850,205,1,news
N29847,204,3,foodanddrink
N43246,204,8,health
N25703,204,2,news
N9548,203,3,sports
N32753,203,4,autos
N62804,203,2,foodanddrink
N2782,202,5,travel
N32283,202,1,sports
N55083,202,2,news
N7873,201,9,news
N22292,201,16,news
N14929,201,1,video
N35249,200,6,sports
N59392,200,5,sports
N62310,200,4,sports
N21218,200,7,video
N48373,199,3,sports
N44176,199,4,sports
N15310,198,3,sports
N33590,198,11,video
N1106,198,12,foodanddrink
N39934,197,11,news
N9869,197,7,health
N23779,197,4,foodanddrink
N59577,197,0,news
N3996,197,5,travel
N15053,196,8,health
N28938,195,9,sports
N37258,195,22,sports
N26108,195,8,sports
N15628,195,9,health
N36740,195,1,sports
N58965,194,4,finance
N14977,194,8,health
N34004,194,2,sports
N43932,193,3,sports
N9773,193,4,sports
N51795,193,4,finance
N50555,193,8,news
N61774,193,4,news
N30123,193,0,sports
N4076,192,8,sports
N38550,192,10,video
N29994,192,4,foodanddrink
N808,192,0,finance
N9019,192,3,news
N30874,192,9,sports
N53622,191,13,sports
N16318,191,3,news
N31602,191,1,foodanddrink
N16022,191,10,sports
N1062,191,20,foodanddrink
N37619,191,6,weather
N6579,191,12,sports
N483,191,0,lifestyle
N57258,190,1,finance
N59073,190,7,sports
N46887,190,6,news
N63553,189,1,health
N3322,189,6,video
N10832,189,5,sports
N29156,189,1,news
N64526,188,1,tv
N16806,188,3,weather
N65103,187,8,finance
N20526,187,9,finance
N46882,187,5,sports
N30465,187,12,finance
N1129,187,3,travel
N4894,187,2,health
N39631,186,0,news
N51457,186,2,foodanddrink
N832,186,18,sports
N31515,186,1,sports
N30305,185,7,news
N46367,185,5,weather
N52656,185,1,news
N24581,185,4,video
N8988,185,1,finance
N30367,185,2,news
N23272,185,0,lifestyle
N4610,184,46,sports
N11491,184,0,news
N15856,184,2,sports
N42491,184,2,movies
N18354,183,10,video
N53011,183,3,entertainment
N9936,183,10,news
N32234,183,12,sports
N29857,182,7,tv
N43580,182,7,health
N38476,181,2,lifestyle
N22740,181,7,news
N47520,181,21,sports
N35406,181,3,lifestyle
N2758,181,4,foodanddrink
N5154,181,14,health
N13087,181,15,sports
N56819,181,5,video
N30614,181,6,news
N13684,180,8,news
N10565,180,4,health
N26425,180,2,news
N22750,180,3,lifestyle
N58931,180,3,news
N20016,180,3,news
N45236,180,8,weather
N43,180,5,news
N31552,179,5,lifestyle
N55455,179,18,news
N34689,179,5,sports
N19683,179,6,weather
N55572,179,7,sports
N123,179,2,foodanddrink
N50588,178,4,health
N6735,178,6,news
N61162,178,3,foodanddrink
N34949,178,3,news
N891,177,8,health
N41739,177,4,news
N61839,177,13,sports
N4819,177,8,news
N31688,177,11,autos
N7333,177,1,finance
N52776,177,24,news
N21535,177,9,news
N38771,176,2,video
N45017,176,8,health
N11569,176,8,news
N63799,176,2,lifestyle
N47475,176,1,travel
N9513,176,2,lifestyle
N45723,176,4,news
N8941,176,6,sports
N62873,176,11,lifestyle
N20521,176,4,lifestyle
N46046,175,3,foodanddrink
N64334,175,3,health
N43671,175,7,tv
N25377,175,0,sports
N28704,175,15,health
N15881,175,0,travel
N3516,175,2,foodanddrink
N35730,174,11,sports
N33121,174,10,sports
N59009,173,6,news
N25142,173,4,entertainment
N50316,173,5,health
N16282,173,5,sports
N49583,172,1,video
N62756,172,3,sports
N10263,172,4,foodanddrink
N44330,172,7,sports
N55384,172,0,foodanddrink
N49973,171,1,news
N13876,171,6,lifestyle
N11556,171,12,lifestyle
N42233,170,3,news
N64117,170,10,health
N24876,170,2,health
N62667,169,8,foodanddrink
N59586,169,1,news
N50586,169,16,news
N40470,168,10,video
N46396,168,6,weather
N26819,168,8,news
N52330,167,4,movies
N63465,167,6,sports
N43248,167,1,health
N3159,167,1,finance
N33738,167,3,finance
N47840,167,8,health
N41288,167,2,lifestyle
N40146,167,16,foodanddrink
N34633,166,4,finance
N57312,166,4,health
N48552,166,3,foodanddrink
N36401,166,9,news
N37480,165,25,sports
N13864,165,4,news
N10072,165,7,sports
N8060,165,0,health
N5138,164,3,news
N18405,164,3,sports
N30529,164,4,sports
N31031,164,3,health
N47099,164,8,foodanddrink
N22543,164,2,finance
N51225,164,13,autos
N56884,164,1,movies
N29692,164,3,news
N789,164,11,sports
N49766,164,6,news
N49902,163,9,news
N12354,163,5,news
N62341,163,2,news
N9985,163,1,news
N41322,163,4,news
N16331,162,1,news
N9888,162,3,news
N22891,162,5,travel
N50938,162,3,music
N22170,162,2,sports
N34083,162,8,travel
N39094,162,1,video
N39928,162,5,sports
N30253,162,8,health
N39931,161,20,video
N48698,161,17,sports
N59833,161,12,foodanddrink
N24713,161,9,news
N17310,161,11,travel
N56716,161,2,sports
N51032,161,5,video
N14464,161,5,sports
N1534,160,0,weather
N2530,160,0,lifestyle
N9464,160,8,video
N54911,160,14,sports
N64634,160,2,movies
N63841,160,7,sports
N30989,160,1,lifestyle
N27591,160,3,foodanddrink
N20545,160,0,weather
N12683,160,2,sports
N9738,159,4,news
N10804,159,6,lifestyle
N29364,159,7,music
N37593,159,3,news
N7715,159,9,foodanddrink
N36795,159,3,sports
N52072,159,3,sports
N41929,158,0,sports
N14049,158,21,news
N54491,158,14,foodanddrink
N52009,158,6,news
N47923,158,4,news
N44578,158,8,sports
N47353,158,3,sports
N17650,157,6,health
N2288,157,7,weather
N26416,157,13,autos
N4258,157,2,foodanddrink
N43955,157,2,entertainment
N64744,157,4,finance
N967,157,0,sports
N35652,157,5,travel
N20387,156,2,foodanddrink
N22430,155,2,news
N46564,155,6,finance
N48186,155,15,news
N19013,155,8,weather
N64536,155,6,music
N34480,154,10,news
N39832,154,0,lifestyle
N64837,154,6,news
N61352,154,14,foodanddrink
N47854,154,28,video
N3313,154,10,autos
N63773,154,3,foodanddrink
N26781,154,6,news
N10880,154,0,weather
N59893,153,2,sports
N62533,153,7,foodanddrink
N6553,153,4,news
N45313,153,15,news
N23461,153,0,news
N509,153,14,news
N31384,153,6,news
N62853,153,5,health
N26934,152,3,weather
N41967,152,4,health
N51520,152,5,sports
N35619,152,3,tv
N23585,152,1,news
N37764,151,5,news
N62393,151,6,news
N46261,151,11,movies
N18999,151,2,foodanddrink
N61817,151,6,foodanddrink
N37848,151,4,health
N56154,151,3,news
N32399,150,0,news
N8791,150,5,sports
N24054,150,5,sports
N44903,150,17,news
N19477,150,38,sports
N12020,150,19,sports
N40409,150,21,news
N32058,150,33,sports
N53877,150,6,news
N51009,150,2,sports
N48730,149,5,weather
N54414,149,1,news
N42062,149,4,autos
N23394,149,9,autos
N6159,149,2,sports
N16485,149,4,sports
N40194,148,3,finance
N29989,148,4,news
N42739,148,5,health
N24460,148,3,weather
N23110,148,3,lifestyle
N32947,148,5,sports
N40901,148,3,lifestyle
N32508,148,0,weather
N20136,148,3,travel
N43046,148,0,health
N15665,148,1,autos
N29696,148,4,news
N12259,148,3,weather
N39298,147,13,news
N41551,147,3,foodanddrink
N19694,147,9,sports
N19998,147,4,lifestyle
N13691,147,0,finance
N12641,147,1,news
N42269,147,2,news
N38652,147,2,finance
N30158,147,0,sports
N62443,146,2,autos
N38952,146,10,sports
N36181,146,10,entertainment
N10108,146,0,finance
N16230,146,5,sports
N659,146,5,news
N36904,146,16,travel
N48711,145,3,autos
N7145,145,2,sports
N34837,145,2,foodanddrink
N37142,145,8,news
N39663,145,26,sports
N52289,145,7,news
N41506,144,5,sports
N32157,144,0,finance
N41140,144,10,news
N51002,144,6,news
N9702,144,0,news
N42449,144,3,sports
N37817,144,0,news
N30798,143,1,lifestyle
N37801,143,2,lifestyle
N30658,143,1,finance
N52284,143,4,news
N16595,143,2,health
N45260,142,3,news
N39198,142,10,news
N56270,142,8,news
N409,142,4,lifestyle
N52586,141,5,weather
N44832,141,5,sports
N37242,141,13,lifestyle
N61973,141,23,sports
N20349,141,4,video
N25664,141,2,finance
N40923,141,4,weather
N53182,141,29,sports
N36796,141,2,health
N49842,140,2,autos
N23370,140,4,health
N11899,140,27,sports
N51010,140,8,news
N22926,140,5,news
N31025,140,4,autos
N13353,140,1,lifestyle
N28778,140,3,sports
N31578,140,1,news
N47556,140,8,autos
N2987,139,2,tv
N43173,139,3,health
N21461,139,3,foodanddrink
N1408,139,0,finance
N36446,139,6,weather
N12616,138,3,news
N32381,138,4,sports
N10242,137,4,finance
N64502,137,5,news
N48231,136,6,weather
N35514,136,11,news
N36938,136,9,health
N43570,136,5,autos
N39140,136,0,health
N50245,136,5,health
N9790,136,3,sports
N45576,136,1,weather
N25076,136,11,health
N27749,135,2,autos
N54694,135,3,weather
N8813,135,7,foodanddrink
N6665,135,3,health
N18267,135,6,sports
N4105,135,3,news
N15748,135,1,finance
N21539,135,8,sports
N57266,135,6,sports
N12465,135,2,foodanddrink
N31062,135,11,video
N3727,135,7,tv
N3256,135,1,lifestyle
N3920,135,5,health
N62532,134,8,video
N44183,134,6,foodanddrink
N54784,134,2,sports
N59625,134,3,weather
N32527,134,2,sports
N15405,134,4,weather
N3038,134,2,news
N34534,134,11,autos
N47263,134,2,foodanddrink
N45499,133,8,news
N48861,133,8,sports
N777,133,0,finance
N24981,132,3,news
N25635,132,9,sports
N32074,132,1,health
N38487,132,2,sports
N15582,132,3,sports
N55259,131,4,sports
N46224,131,5,news
N3497,131,1,video
N18324,131,0,weather
N3089,131,2,foodanddrink
N4711,131,4,sports
N63231,131,9,sports
N4672,131,0,news
N57361,131,4,lifestyle
N42159,131,4,news
N40575,131,0,news
N61878,131,1,finance
N20498,131,3,sports
N29344,130,2,lifestyle
N25988,130,1,travel
N7025,130,4,weather
N57211,130,2,news
N46847,130,4,sports
N54398,130,3,foodanddrink
N9991,130,9,sports
N40887,130,4,sports
N13464,130,11,news
N47101,130,4,health
N11698,129,1,travel
N4661,129,4,music
N11328,129,6,finance
N24108,129,1,news
N47425,129,1,sports
N39547,129,3,sports
N42272,129,2,health
N7620,128,4,sports
N46634,128,3,travel
N64446,128,6,sports
N3102,128,9,autos
N57340,128,1,finance
N48782,128,3,sports
N2541,128,1,sports
N50247,128,1,news
N50156,127,6,movies
N40578,127,5,lifestyle
N6601,127,2,sports
N62503,127,3,sports
N27999,127,2,sports
N101,127,1,sports
N63135,127,12,foodanddrink
N61292,127,2,news
N22285,127,10,health
N1927,127,4,news
N31899,127,2,health
N62779,127,4,sports
N46326,127,1,health
N13833,126,3,lifestyle
N26624,126,1,movies
N46324,126,0,sports
N58427,126,2,video
N37441,126,3,news
N7507,126,3,news
N64244,126,0,sports
N63943,126,14,sports
N59566,126,1,weather
N26855,126,1,weather
N54916,126,2,health
N1100,126,1,news
N17073,126,1,travel
N38906,126,0,sports
N21064,125,1,foodanddrink
N31962,125,1,video
N10097,125,9,news
N3476,125,3,sports
N61844,125,0,movies
N17681,125,1,foodanddrink
N30153,125,0,news
N8622,125,5,news
N26705,125,6,news
N53161,125,4,finance
N3135,125,4,video
N3075,125,2,lifestyle
N44758,125,1,finance
N21324,125,1,news
N45960,125,1,news
N14328,124,0,finance
N5736,124,13,news
N3401,124,6,news
N31055,124,1,sports
N60692,124,0,news
N27238,124,6,news
N24358,124,6,foodanddrink
N32745,123,6,sports
N51815,123,2,finance
N5009,123,6,news
N37660,123,16,news
N3312,123,7,news
N31748,122,2,movies
N52588,122,5,news
N52334,122,8,autos
N45159,122,4,news
N47960,122,0,lifestyle
N30345,122,2,entertainment
N52991,122,4,health
N57655,122,6,foodanddrink
N22977,122,2,news
N1371,122,0,movies
N43790,122,1,weather
N63293,122,12,sports
N64469,121,13,news
N28699,121,1,tv
N50845,121,2,foodanddrink
N23452,121,2,autos
N39008,121,1,finance
N7344,121,13,tv
N13565,121,1,weather
N2904,121,3,health
N7157,121,1,foodanddrink
N56016,121,2,foodanddrink
N26251,121,2,health
N22546,121,5,sports
N49548,121,2,finance
N1310,121,12,sports
N33844,121,7,news
N14677,120,3,finance
N27788,120,5,news
N29385,120,15,video
N55261,120,5,news
N12140,120,3,sports
N34973,120,26,sports
N51099,119,1,movies
N51963,119,4,news
N17009,119,3,tv
N12052,119,1,sports
N53439,119,0,sports
N16000,119,1,finance
N56641,119,4,sports
N17605,119,0,weather
N53291,118,1,movies
N3469,118,6,news
N53715,118,2,lifestyle
N4369,118,0,music
N43738,118,16,autos
N59905,118,2,news
N33979,118,14,foodanddrink
N9989,118,1,finance
N60770,118,1,news
N4689,118,8,lifestyle
N23577,118,2,finance
N43030,118,9,news
N37214,118,2,sports
N11162,118,15,video
N53497,117,4,sports
N56645,117,13,news
N9136,117,3,sports
N42672,117,1,health
N44764,116,5,news
N7301,116,10,news
N10101,116,0,news
N24767,116,3,sports
N20660,116,0,sports
N63268,116,1,news
N44166,116,3,news
N65230,116,4,finance
N34504,116,1,travel
N19387,116,2,travel
N16657,116,4,news
N41447,116,2,health
N24097,116,1,finance
N14666,116,7,travel
N50422,116,2,travel
N12999,115,3,news
N5913,115,4,tv
N60447,115,0,lifestyle
N47357,115,3,lifestyle
N28698,115,5,news
N2205,115,2,sports
N64560,115,5,sports
N499,115,0,news
N3677,115,5,news
N27192,115,9,sports
N55558,115,2,lifestyle
N30818,115,5,news
N36584,115,2,sports
N18851,114,5,sports
N12085,114,1,health
N55434,114,1,health
N58636,114,0,health
N17448,114,8,sports
N55837,114,1,tv
N50508,114,1,sports
N64044,113,12,news
N29918,113,0,finance
N56892,113,2,sports
N26525,113,0,lifestyle
N54227,113,7,sports
N1561,113,3,sports
N16552,113,5,news
N52837,112,5,sports
N65045,112,6,sports
N2810,112,4,sports
N30944,112,7,news
N51895,112,2,sports
N24779,112,3,health
N32841,112,5,news
N45417,112,9,health
N51990,112,6,sports
N11826,112,2,weather
N3056,112,3,lifestyle
N19270,111,1,health
N19885,111,1,health
N51772,111,1,music
N32159,111,0,news
N7566,111,3,news
N44342,111,9,sports
N11510,111,7,news
N10470,111,2,tv
N11379,111,3,sports
N20242,110,1,tv
N37744,110,4,sports
N7125,110,3,video
N54499,110,0,sports
N63044,110,3,sports
N58638,110,2,movies
N29488,110,18,news
N57248,110,6,sports
N12283,110,3,foodanddrink
N1323,110,2,finance
N61081,110,0,video
N33655,109,2,news
N19491,109,5,video
N4143,109,1,news
N17183,109,3,news
N37020,109,1,sports
N32600,109,3,sports
N59814,109,3,news
N14370,109,10,weather
N1985,109,6,music
N36336,109,2,sports
N24440,109,3,lifestyle
N57998,109,15,sports
N20112,109,3,health
N12059,109,0,health
N46132,109,5,foodanddrink
N36926,108,3,news
N43745,108,16,news
N32428,108,2,video
N3978,108,3,lifestyle
N31706,108,11,sports
N28445,108,2,finance
N43707,108,1,news
N64263,108,4,news
N39601,108,3,health
N56076,107,9,news
N8817,107,3,news
N50587,107,1,music
N17831,107,2,video
N59908,107,5,news
N65058,107,0,health
N9801,107,3,sports
N18771,107,4,weather
N37751,107,0,foodanddrink
N1965,107,6,sports
N4481,107,22,sports
N7965,107,11,news
N55703,107,5,health
N29534,107,5,sports
N63759,106,11,news
N31080,106,3,lifestyle
N18850,106,2,tv
N28043,106,1,news
N26086,106,3,news
N55504,106,2,sports
N3084,106,0,news
N8863,106,4,news
N63372,105,3,entertainment
N46156,105,10,video
N55632,105,2,weather
N25128,105,5,news
N11675,105,3,entertainment
N38020,104,0,health
N61782,104,4,news
N32412,104,4,news
N23025,104,20,finance
N4118,104,0,lifestyle
N5103,104,2,news
N5734,104,0,news
N3331,104,13,news
N60403,104,0,lifestyle
N30722,104,7,finance
N12702,103,3,news
N14257,103,1,foodanddrink
N17583,103,2,news
N39168,103,0,news
N16447,103,2,lifestyle
N51986,103,1,lifestyle
N59412,103,0,news
N44910,103,3,news
N48022,103,2,news
N15707,103,3,news
N43733,103,1,finance
N20972,103,6,sports
N28968,103,1,news
N11366,103,11,video
N578,102,1,news
N50070,102,5,news
N41826,102,17,news
N61514,102,3,foodanddrink
N19924,102,0,news
N5975,102,2,news
N52649,102,4,news
N23269,102,0,weather
N44408,102,1,travel
N17786,102,3,news
N61730,102,6,lifestyle
N65151,102,16,news
N2058,102,2,entertainment
N58967,102,1,news
N47335,101,3,news
N39489,101,0,finance
N2553,101,4,news
N18202,101,2,health
N46098,101,1,news
N53170,101,2,video
N29945,101,8,music
N60960,101,3,lifestyle
N57689,101,10,health
N48610,101,0,music
N1433,101,0,sports
N58570,101,1,news
N45032,101,8,news
N60660,101,2,news
N34674,101,1,news
N9607,101,0,weather
N52741,100,0,sports
N43574,100,3,finance
N11796,100,1,movies
N19438,100,0,sports
N16260,100,10,news
N34959,100,1,finance
N57670,100,1,health
N57592,100,0,news
N47290,100,2,weather
N13657,100,0,news
N54055,100,16,news
N5025,100,6,weather
N20630,100,4,news
N10264,100,6,weather
N50011,100,19,news
N61632,100,1,tv
N22423,100,1,foodanddrink
N65187,99,0,news
N55377,99,2,news
N14671,99,3,health
N26352,99,2,foodanddrink
N57768,99,4,sports
N56701,99,3,news
N6829,99,3,health
N14097,99,6,news
N63084,99,1,lifestyle
N49529,99,5,weather
N16560,99,3,news
N39451,99,3,health
N29141,99,1,news
N52921,99,1,travel
N55096,99,1,sports
N61373,99,9,lifestyle
N54993,99,4,foodanddrink
N55268,98,4,foodanddrink
N35644,98,2,video
N47040,98,5,health
N6814,98,9,autos
N41594,98,1,music
N15898,98,1,news
N41852,98,0,weather
N50207,98,0,news
N24146,98,1,weather
N24459,98,18,news
N8353,98,6,news
N5448,98,5,news
N22298,98,8,news
N48352,98,3,news
N53561,97,2,travel
N25347,97,11,news
N43222,97,5,news
N15694,97,0,lifestyle
N8047,97,0,health
N43803,97,0,news
N56502,97,3,sports
N56294,97,6,finance
N32548,97,11,video
N51182,97,20,sports
N22600,97,0,news
N8673,97,4,video
N18650,96,7,sports
N54269,96,8,news
N50515,96,1,music
N50868,96,3,weather
N18350,96,2,news
N28103,96,3,weather
N9039,96,9,sports
N64439,96,0,health
N30426,96,0,sports
N11988,96,1,news
N63311,96,5,news
N34711,96,0,news
N52193,96,11,finance
N38239,96,11,sports
N25911,96,5,news
N2060,95,3,news
N50152,95,1,health
N49050,95,0,autos
N29619,95,4,movies
N32174,95,8,video
N59427,95,4,news
N14093,95,12,sports
N59457,95,0,news
N20102,95,4,news
N59801,95,4,news
N40078,95,0,tv
N48925,95,6,news
N64852,94,0,sports
N26189,94,3,news
N57974,94,11,sports
N8560,94,4,autos
N29905,94,3,autos
N20841,94,1,health
N3007,94,6,tv
N62268,94,5,news
N1495,94,9,sports
N4278,94,1,sports
N49527,94,4,foodanddrink
N63309,94,3,lifestyle
N19345,94,1,health
N16549,93,4,health
N46159,93,3,sports
N36854,93,3,sports
N33332,93,5,video
N53095,93,3,travel
N60678,93,2,sports
N61371,93,7,news
N25938,93,7,news
N313,93,8,video
N36258,93,2,sports
N54501,93,2,news
N29541,93,0,tv
N11534,93,6,sports
N49076,93,2,finance
N11381,93,6,travel
N26453,93,3,sports
N53894,93,3,video
N58016,93,3,news
N53910,92,2,news
N44532,92,2,lifestyle
N159,92,4,weather
N30033,92,3,health
N53686,92,2,lifestyle
N26703,92,8,sports
N12302,92,2,weather
N51750,92,2,foodanddrink
N39883,92,0,news
N15234,92,2,health
N33125,92,1,news
N64103,92,5,sports
N28943,92,6,health
N56023,92,2,news
N61,92,4,health
N26213,92,2,health
N61722,92,1,health
N56137,92,0,news
N23855,92,2,music
N24965,92,3,lifestyle
N54408,92,3,lifestyle
N24037,92,3,weather
N56901,91,0,lifestyle
N20568,91,1,weather
N1236,91,1,video
N29922,91,2,foodanddrink
N62402,91,8,sports
N7868,91,1,health
N9059,91,1,finance
N17629,91,4,news
N27577,91,10,sports
N30481,91,7,autos
N7547,91,7,news
N57780,91,13,news
N46213,91,1,finance
N65168,91,0,travel
N5955,91,2,sports
N62621,91,2,lifestyle
N51220,91,11,news
N56479,91,4,finance
N15519,90,4,sports
N7800,90,13,news
N37749,90,0,lifestyle
N22666,90,1,news
N9436,90,0,news
N64515,90,7,health
N34830,90,2,video
N179,90,7,lifestyle
N40854,90,3,sports
N23575,90,9,news
N11570,89,11,sports
N48965,89,3,sports
N5116,89,1,foodanddrink
N23303,89,1,weather
N21093,89,3,news
N38319,89,2,lifestyle
N9778,89,2,news
N18065,89,0,weather
N59931,89,0,news
N37664,88,2,travel
N31670,88,2,news
N47861,88,6,news
N26997,88,5,news
N1215,88,2,finance
N21857,88,1,tv
N29319,88,7,news
N52989,88,0,news
N2552,88,12,news
N52875,88,0,music
N25678,88,1,autos
N42787,88,0,video
N4644,88,9,lifestyle
N27363,87,1,news
N49954,87,5,news
N60727,87,4,foodanddrink
N20702,87,5,video
N61536,87,21,sports
N43699,87,0,lifestyle
N23833,87,2,finance
N63381,87,6,health
N29228,87,1,lifestyle
N64971,87,0,news
N47630,87,3,news
N45629,87,6,sports
N50773,86,3,news
N21358,86,4,movies
N2129,86,3,news
N45384,86,3,news
N32719,86,23,news
N10774,86,3,weather
N31371,86,1,weather
N57628,86,1,news
N11975,86,3,sports
N39047,86,1,sports
N16218,86,1,weather
N12656,86,2,news
N2986,86,6,lifestyle
N60281,86,0,news
N30252,86,1,finance
N12301,86,2,news
N16826,86,4,news
N58414,86,2,sports
N64327,86,1,sports
N9805,85,1,lifestyle
N56120,85,3,news
N38540,85,1,travel
N30069,85,2,news
N5880,85,2,sports
N61051,85,1,news
N22731,85,5,news
N28568,85,10,travel
N58431,85,3,news
N55644,85,3,news
N57484,85,5,news
N13035,85,2,foodanddrink
N43383,85,1,news
N42579,85,1,news
N16718,85,0,health
N48504,85,2,autos
N26271,85,5,news
N10088,85,8,lifestyle
N18032,85,10,news
N22829,85,7,sports
N5276,85,1,sports
N41817,85,12,sports
N32928,85,0,foodanddrink
N64195,85,0,lifestyle
N32395,84,0,news
N21752,84,3,news
N47057,84,5,weather
N41004,84,10,foodanddrink
N47842,84,0,sports
N14261,84,1,weather
N61228,84,2,tv
N10857,84,1,weather
N12526,84,2,weather
N19926,84,7,lifestyle
N8236,84,3,video
N46725,84,4,news
N45505,84,2,weather
N3173,83,2,news
N37111,83,1,news
N56952,83,0,news
N41526,83,1,lifestyle
N37746,83,1,news
N45754,83,5,lifestyle
N17405,83,2,news
N23177,83,4,sports
N21138,83,12,tv
N25334,83,3,news
N21646,83,6,sports
N42972,83,4,sports
N18476,83,5,sports
N44493,83,1,travel
N53698,83,3,weather
N37888,83,11,news
N30667,82,3,foodanddrink
N21784,82,0,news
N21310,82,14,news
N30664,82,5,sports
N36455,82,2,health
N12022,82,2,travel
N58143,82,4,sports
N22163,82,2,lifestyle
N48762,82,4,sports
N15128,82,0,sports
N59161,82,5,sports
N3858,81,2,sports
N1693,81,3,foodanddrink
N19949,81,2,finance
N57267,81,3,sports
N30631,81,19,news
N12549,81,1,foodanddrink
N15477,81,11,sports
N17020,81,1,finance
N42384,81,1,travel
N17607,81,3,news
N50926,81,0,news
N2444,81,1,tv
N50757,81,1,foodanddrink
N49406,81,2,sports
N53350,81,3,lifestyle
N33415,81,1,lifestyle
N57591,81,0,lifestyle
N59857,81,1,foodanddrink
N2340,80,2,news
N5293,80,0,news
N33456,80,0,health
N22301,80,2,foodanddrink
N33947,80,10,video
N24466,80,0,sports
N55593,80,1,news
N56551,80,3,news
N11306,80,5,health
N35930,80,4,tv
N31438,80,0,news
N977,80,5,sports
N18349,80,0,news
N7130,80,2,news
N39598,80,0,health
N9196,80,0,finance
N45548,80,1,health
N16635,79,1,sports
N24507,79,2,health
N40435,79,1,foodanddrink
N11968,79,1,news
N39199,79,1,sports
N43330,79,1,health
N11645,79,2,weather
N2568,79,8,news
N6930,79,6,sports
N41972,79,1,finance
N45023,79,7,foodanddrink
N8456,79,4,sports
N61281,79,3,sports
N38836,79,0,sports
N61190,79,11,news
N54010,79,3,news
N26783,79,1,news
N58950,78,6,news
N45798,78,2,news
N34092,78,3,autos
N50678,78,3,news
N46862,78,1,finance
N18213,78,1,sports
N44958,78,1,foodanddrink
N19353,78,1,foodanddrink
N41008,78,1,health
N17924,78,1,travel
N34344,78,2,news
N51689,78,14,sports
N10367,78,6,news
N5928,78,0,weather
N64381,78,3,news
N2965,78,1,sports
N29553,78,4,foodanddrink
N59450,78,6,finance
N40956,78,4,movies
N7631,78,3,news
N34620,77,3,news
N43530,77,3,news
N20333,77,1,news
N25748,77,3,video
N10883,77,2,sports
N17531,77,2,sports
N61429,77,9,video
N49948,77,3,news
N26590,77,0,sports
N35682,77,0,news
N19230,77,4,lifestyle
N8262,77,6,news
N21931,77,9,news
N15137,77,9,health
N40636,77,1,health
N6932,77,1,foodanddrink
N23827,77,0,news
N31753,76,2,sports
N17444,76,2,sports
N40936,76,2,news
N27376,76,1,lifestyle
N37279,76,5,news
N9415,76,0,autos
N24643,76,5,video
N23373,76,8,sports
N56685,76,4,news
N26023,76,2,video
N52039,76,4,sports
N30528,76,3,news
N26556,76,3,sports
N62269,76,6,sports
N15171,76,0,lifestyle
N17381,76,4,sports
N30184,76,2,lifestyle
N41850,76,2,foodanddrink
N30717,76,0,lifestyle
N11923,76,3,news
N26388,76,7,sports
N37954,76,0,news
N28661,76,1,sports
N25980,76,2,finance
N28110,76,9,lifestyle
N28931,76,2,weather
N31359,75,3,news
N11039,75,0,foodanddrink
N63570,75,1,news
N26469,75,4,news
N52040,75,1,tv
N55843,75,0,finance
N63211,75,4,finance
N378,75,0,news
N64829,75,1,lifestyle
N42088,75,5,news
N15119,75,0,health
N14818,75,0,foodanddrink
N64811,75,6,finance
N14354,74,4,news
N29746,74,1,news
N64933,74,0,news
N46022,74,0,news
N2843,74,4,news
N1903,74,0,weather
N239,74,1,travel
N2035,74,1,music
N25183,74,0,news
N23032,74,1,lifestyle
N45887,74,1,health
N50888,74,5,news
N1364,73,4,travel
N57180,73,7,news
N62895,73,0,finance
N10566,73,3,foodanddrink
N51500,73,1,sports
N50595,73,7,news
N963,73,1,news
N20711,73,0,foodanddrink
N31326,73,8,sports
N43269,73,5,entertainment
N44394,73,1,sports
N47703,73,2,weather
N2551,73,3,lifestyle
N35282,73,11,sports
N13661,73,0,sports
N22849,73,3,news
N50029,72,5,weather
N24200,72,1,news
N24608,72,4,news
N40889,72,2,video
N2454,72,2,health
N28847,72,0,foodanddrink
N13520,72,7,sports
N2528,72,6,news
N48664,72,2,sports
N44865,72,1,finance
N39210,72,0,tv
N60864,72,3,travel
N63823,72,2,lifestyle
N42808,72,0,lifestyle
N10799,72,2,autos
N17313,72,3,foodanddrink
N28282,72,4,news
N28497,71,0,health
N12214,71,2,weather
N61693,71,0,travel
N49706,71,3,news
N45916,71,1,foodanddrink
N63516,71,8,sports
N43646,71,3,news
N50822,71,6,health
N34871,71,4,sports
N6853,71,0,health
N22592,71,3,finance
N51150,71,0,lifestyle
N4722,71,3,weather
N43421,71,3,weather
N27770,71,3,sports
N20901,71,1,health
N40123,71,1,sports
N28303,71,11,tv
N41853,71,1,news
N3293,70,1,news
N36568,70,4,sports
N4820,70,4,foodanddrink
N35093,70,5,sports
N34063,70,1,foodanddrink
N59423,70,1,foodanddrink
N22468,70,0,news
N26003,70,0,sports
N16988,70,0,foodanddrink
N42017,70,6,autos
N32226,70,1,travel
N20533,70,1,movies
N17127,70,4,foodanddrink
N63356,70,3,travel
N43919,70,2,news
N60868,70,0,lifestyle
N6580,70,2,news
N30742,70,1,news
N27025,70,1,news
N45757,69,0,lifestyle
N19162,69,2,news
N37451,69,0,news
N13658,69,0,lifestyle
N924,69,1,weather
N57860,69,6,sports
N50097,69,8,news
N42518,69,0,finance
N51455,69,0,weather
N48717,69,2,news
N31329,69,0,weather
N40156,69,3,finance
N60621,69,3,news
N27267,69,0,health
N30714,69,10,news
N6371,69,4,health
N11384,69,1,news
N62610,69,0,lifestyle
N40221,69,1,news
N42628,69,3,news
N39707,69,2,foodanddrink
N26154,69,1,news
N60988,69,5,news
N31624,69,2,news
N46123,69,2,sports
N40332,69,2,lifestyle
N44252,68,3,finance
N56567,68,2,news
N2104,68,4,finance
N19871,68,1,news
N5423,68,1,sports
N42653,68,0,news
N7202,68,3,finance
N29797,68,0,sports
N23716,68,2,news
N6406,68,3,finance
N55548,68,6,sports
N13460,68,0,finance
N6094,68,8,news
N21879,68,1,weather
N55340,68,0,sports
N57322,68,0,travel
N36569,68,1,lifestyle
N14711,68,2,news
N42095,68,2,sports
N50322,68,0,sports
N19511,68,1,lifestyle
N39320,68,8,news
N29190,68,1,travel
N49108,68,1,foodanddrink
N38605,68,2,travel
N27760,68,1,news
N57187,68,2,news
N2875,68,2,weather
N57202,68,2,sports
N45368,68,2,sports
N63531,68,1,weather
N34396,68,2,sports
N2864,68,7,sports
N35797,68,1,foodanddrink
N35436,67,4,sports
N12721,67,3,news
N35161,67,10,finance
N38770,67,0,entertainment
N23503,67,0,lifestyle
N59478,67,2,sports
N40882,67,0,sports
N35757,67,2,foodanddrink
N63142,67,3,news
N32776,67,4,autos
N12517,67,3,sports
N11961,67,3,sports
N62275,67,7,entertainment
N6911,67,2,finance
N39738,67,1,sports
N50195,67,0,autos
N7365,67,0,news
N40917,67,1,sports
N60952,67,0,weather
N46589,67,3,weather
N64486,67,4,foodanddrink
N51531,67,3,travel
N60197,67,7,sports
N43629,66,1,autos
N2994,66,1,entertainment
N44346,66,0,movies
N39500,66,3,video
N28084,66,9,foodanddrink
N22565,66,1,news
N57011,66,1,foodanddrink
N43801,66,2,news
N29816,66,4,sports
N382,66,1,finance
N3718,66,4,news
N12324,66,1,lifestyle
N16489,66,3,news
N20601,66,1,finance
N14878,66,1,sports
N2678,66,4,sports
N60855,66,4,sports
N30691,66,6,news
N33871,66,0,music
N11199,66,3,news
N50879,66,2,travel
N20081,66,3,news
N40043,66,1,news
N15894,66,0,sports
N46910,66,0,lifestyle
N57866,66,0,health
N60600,66,2,news
N6198,65,2,sports
N14488,65,2,sports
N14721,65,2,finance
N27532,65,0,news
N18828,65,4,weather
N48494,65,2,autos
N60686,65,4,news
N42522,65,5,sports
N29690,65,0,travel
N27417,65,7,sports
N53717,65,3,news
N47325,65,2,weather
N46270,65,0,health
N57420,65,2,news
N60296,65,4,weather
N4954,65,1,news
N9910,65,5,news
N27976,65,1,news
N46185,65,1,travel
N16035,65,5,video
N11032,65,2,health
N53940,65,9,weather
N57734,65,0,weather
N48722,65,3,sports
N52163,65,4,foodanddrink
N54987,65,2,news
N1518,65,1,news
N16700,64,0,video
N43420,64,16,news
N1344,64,2,travel
N23583,64,2,sports
N65224,64,2,news
N21544,64,2,finance
N37517,64,0,news
N35803,64,5,foodanddrink
N3257,64,2,sports
N18394,64,0,news
N56166,64,3,travel
N23295,64,10,news
N59143,64,2,autos
N59463,64,0,sports
N5832,64,2,news
N28710,64,4,news
N17524,64,7,news
N44623,64,4,sports
N55894,64,2,news
N25625,64,2,news
N31964,63,1,tv
N50440,63,4,sports
N8756,63,2,sports
N41306,63,0,travel
N47846,63,2,foodanddrink
N61566,63,0,video
N18332,63,5,sports
N46342,63,1,finance
N24014,63,5,news
N57939,63,6,autos
N10282,63,3,sports
N9505,63,1,news
N15344,63,0,sports
N63412,63,7,news
N46111,63,8,news
N5369,63,2,news
N63529,63,4,sports
N27516,63,8,video
N56807,63,0,weather
N36119,63,6,foodanddrink
N42365,63,9,news
N39895,63,4,sports
N61057,63,3,weather
N51355,63,3,news
N23587,63,1,finance
N30769,62,1,weather
N60643,62,3,autos
N9775,62,0,sports
N60252,62,5,news
N19687,62,0,foodanddrink
N41039,62,1,sports
N9739,62,1,sports
N12551,62,8,news
N3069,62,0,lifestyle
N45586,62,1,news
N59693,62,3,sports
N23499,62,3,news
N32785,62,4,autos
N45470,62,0,news
N15973,62,4,news
N6098,62,0,news
N11193,62,2,sports
N11380,61,0,weather
N3734,61,4,sports
N45839,61,3,sports
N64731,61,2,news
N31279,61,2,news
N60092,61,0,news
N40121,61,3,foodanddrink
N14924,61,2,entertainment
N25091,61,0,movies
N7928,61,4,news
N17333,61,5,sports
N17175,61,3,news
N11253,61,1,news
N32649,61,9,news
N45067,61,0,news
N34736,61,0,finance
N64615,61,1,health
N3083,61,5,weather
N52055,61,2,news
N29424,61,2,sports
N17301,61,11,sports
N63480,61,4,travel
N37738,61,1,lifestyle
N31136,61,9,sports
N52329,61,4,sports
N37330,61,2,video
N16465,60,2,video
N53206,60,1,entertainment
N37007,60,8,sports
N12598,60,3,news
N5615,60,1,foodanddrink
N56820,60,1,news
N54156,60,5,news
N19004,60,1,finance
N57515,60,1,news
N6812,60,1,sports
N5874,60,2,sports
N25954,60,4,news
N34820,60,2,tv
N8918,60,1,news
N46969,60,1,news
N42416,60,0,lifestyle
N33120,60,1,entertainment
N60103,60,3,travel
N9887,60,4,weather
N62155,60,5,tv
N1657,60,3,news
N31516,59,1,lifestyle
N60931,59,3,weather
N5517,59,2,foodanddrink
N22607,59,1,sports
N62967,59,4,news
N20709,59,3,news
N50256,59,2,sports
N54879,59,3,foodanddrink
N8878,59,1,finance
N60658,59,1,sports
N10536,59,1,news
N31156,59,2,news
N6894,59,0,news
N14345,59,0,sports
N55364,59,3,news
N40016,59,8,foodanddrink
N54394,59,1,news
N28669,59,0,foodanddrink
N35812,59,0,lifestyle
N35495,59,0,weather
N54603,59,1,travel
N32195,59,6,weather
N61593,59,1,news
N37500,59,0,lifestyle
N63353,59,9,sports
N33505,59,2,finance
N54426,59,0,video
N29398,59,5,news
N60681,59,1,travel
N53783,59,2,entertainment
N5774,59,2,sports
N37967,59,1,news
N10278,58,5,sports
N26555,58,2,foodanddrink
N45765,58,0,news
N39184,58,9,news
N37729,58,0,finance
N10560,58,2,health
N37477,58,4,news
N49178,58,3,sports
N61378,58,7,news
N59783,58,0,sports
N16327,58,9,foodanddrink
N61306,58,0,weather
N4955,58,4,travel
N57171,58,0,news
N56225,58,6,lifestyle
N63899,58,5,tv
N5838,58,1,news
N21141,58,2,sports
N60337,58,1,sports
N35989,58,0,sports
N63091,58,3,sports
N61622,58,4,sports
N32880,58,0,news
N28300,58,4,news
N12629,58,3,finance
N52484,58,2,health
N56947,58,7,sports
N15596,57,12,news
N43223,57,2,finance
N19433,57,0,health
N27234,57,0,news
N20444,57,1,sports
N53043,57,1,lifestyle
N36259,57,1,sports
N62988,57,2,sports
N64876,57,1,foodanddrink
N52314,57,0,finance
N34865,57,1,finance
N18050,57,1,finance
N63990,57,0,sports
N60558,57,1,news
N2171,57,0,news
N9295,57,0,lifestyle
N22445,57,1,foodanddrink
N633,57,2,travel
N21578,57,1,entertainment
N48132,57,4,news
N747,57,6,weather
N26728,57,7,autos
N47872,57,1,news
N36984,57,3,foodanddrink
N2700,57,0,news
N30212,56,4,sports
N46100,56,0,news
N21196,56,2,foodanddrink
N21173,56,0,weather
N32078,56,0,tv
N33577,56,1,autos
N6854,56,0,news
N30813,56,0,news
N5339,56,0,news
N55008,56,0,weather
N32701,56,2,weather
N40653,56,0,news
N625,56,6,travel
N28356,56,4,travel
N35236,56,2,news
N48764,56,0,travel
N61517,56,5,sports
N59622,56,2,lifestyle
N13235,56,4,sports
N63007,56,2,finance
N32330,56,2,sports
N570,56,3,travel
N31701,56,6,weather
N7660,56,1,sports
N52988,56,1,news
N7819,56,8,foodanddrink
N30017,56,2,finance
N53114,56,2,entertainment
N59785,56,1,sports
N43847,56,2,video
N22811,56,3,news
N41074,56,2,finance
N35609,56,2,news
N33435,56,0,lifestyle
N20929,56,1,music
N1540,56,0,foodanddrink
N17258,56,0,news
N56505,56,0,sports
N485,55,3,news
N35599,55,7,sports
N6727,55,0,travel
N48627,55,2,sports
N7246,55,2,news
N5078,55,3,music
N58502,55,0,news
N17721,55,0,lifestyle
N61213,55,1,news
N42723,55,2,news
N63509,55,1,lifestyle
N47406,55,0,finance
N37395,55,0,kids
N5550,55,5,news
N7364,55,3,news
N11808,55,2,news
N63580,55,3,foodanddrink
N16130,55,4,news
N51364,55,4,news
N43518,55,0,lifestyle
N1014,55,0,travel
N52810,55,0,health
N37800,55,11,sports
N38841,55,0,lifestyle
N28835,55,0,weather
N3059,55,0,news
N20180,55,0,sports
N28843,55,0,lifestyle
N13220,55,2,news
N16084,55,0,news
N37139,54,2,weather
N53406,54,1,weather
N31454,54,5,sports
N52667,54,5,news
N955,54,0,news
N18236,54,0,news
N14831,54,1,foodanddrink
N52637,54,0,news
N27195,54,4,autos
N38350,54,2,video
N33204,54,1,news
N933,54,0,sports
N35213,54,1,news
N30744,54,1,autos
N59298,54,7,news
N62645,54,1,sports
N56924,54,4,sports
N15072,54,0,video
N20231,54,4,news
N9382,54,3,news
N8374,54,2,sports
N64671,54,0,news
N27276,54,3,news
N34203,54,1,news
N60805,54,0,weather
N51005,54,3,foodanddrink
N46200,54,2,autos
N19257,54,2,health
N57236,54,2,weather
N348,54,0,news
N59722,53,0,weather
N57995,53,1,foodanddrink
N22718,53,0,news
N13152,53,0,lifestyle
N27480,53,2,sports
N44417,53,7,news
N4550,53,3,health
N33575,53,2,news
N26587,53,3,sports
N41368,53,0,travel
N6129,53,1,weather
N32260,53,2,autos
N10747,53,0,sports
N11694,53,0,sports
N34035,53,3,news
N4119,53,1,news
N42588,53,2,news
N45896,53,0,autos
N15882,53,2,travel
N36946,53,2,news
N806,53,4,news
N5886,53,2,health
N35320,53,1,news
N15240,53,0,sports
N9822,53,0,health
N35475,53,2,news
N1102,52,3,news
N31505,52,6,news
N62744,52,7,travel
N62529,52,0,finance
N10232,52,0,news
N62518,52,0,news
N29494,52,2,sports
N18956,52,3,weather
N56672,52,3,music
N61488,52,0,sports
N52693,52,0,lifestyle
N16283,52,1,news
N13073,52,9,news
N33700,52,0,travel
N16772,52,2,news
N17006,52,1,news
N52857,52,8,sports
N6947,52,1,finance
N10012,52,0,autos
N46092,52,1,news
N63560,52,0,sports
N25225,52,3,video
N49514,52,1,news
N31005,52,3,news
N30759,52,12,news
N54805,52,0,finance
N48847,52,1,finance
N55613,52,0,music
N33935,52,0,news
N64885,52,6,travel
N3126,52,1,finance
N43999,52,2,finance
N21042,52,0,lifestyle
N23927,52,1,autos
N41846,52,2,news
N29826,51,4,video
N475,51,3,news
N19200,51,1,news
N38206,51,0,video
N38027,51,5,sports
N33563,51,0,weather
N56897,51,0,news
N27879,51,6,news
N15275,51,0,travel
N17859,51,1,news
N3769,51,2,news
N65081,51,4,health
N16044,51,5,news
N48659,51,5,news
N17839,51,1,sports
N51976,51,6,entertainment
N45261,51,7,sports
N4731,51,2,sports
N42265,51,3,sports
N30490,51,1,sports
N56710,51,2,news
N58562,51,2,sports
N53087,51,6,news
N19875,51,0,finance
N696,51,6,news
N5324,51,6,sports
N24168,51,3,weather
N15404,51,1,weather
N22684,51,5,sports
N52678,51,5,news
N9960,51,0,news
N63832,51,1,sports
N2989,51,0,news
N27716,51,1,news
N50861,51,2,news
N7909,51,4,news
N51229,51,1,weather
N19484,51,1,news
N46012,51,1,news
N60000,51,2,foodanddrink
N9506,51,2,news
N42909,51,1,news
N55492,51,6,sports
N36912,51,0,travel
N20219,50,0,lifestyle
N45065,50,0,news
N17171,50,1,news
N27928,50,1,sports
N24467,50,1,foodanddrink
N4376,50,2,news
N615,50,1,news
N45298,50,0,weather
N60045,50,4,sports
N8137,50,1,foodanddrink
N1835,50,0,sports
N52764,50,1,weather
N14225,50,0,weather
N55640,50,1,news
N40691,50,0,weather
N61852,50,0,sports
N32780,50,0,finance
N41673,50,1,news
N19211,50,1,lifestyle
N36807,50,1,weather
N29447,50,11,news
N12544,50,1,lifestyle
N36553,50,1,weather
N2439,50,2,sports
N62202,50,2,news
N24619,50,0,lifestyle
N59926,50,3,news
N17169,50,3,travel
N9746,50,4,sports
N44928,50,0,tv
N29198,50,2,finance
N4277,50,1,autos
N61898,50,1,finance
N21384,50,2,weather
N58875,49,5,sports
N12788,49,3,sports
N35857,49,2,news
N8128,49,2,news
N3116,49,3,weather
N46713,49,6,news
N34292,49,3,sports
N65209,49,1,news
N28932,49,3,sports
N39878,49,1,sports
N13461,49,2,finance
N17238,49,0,news
N25697,49,0,news
N64646,49,2,travel
N20083,49,0,sports
N64335,49,1,health
N51462,49,2,movies
N54016,49,0,foodanddrink
N35204,49,0,sports
N23425,49,0,news
N47689,49,3,sports
N39837,49,1,lifestyle
N30100,49,3,sports
N23873,49,2,news
N23955,49,5,news
N2348,49,1,weather
N60236,49,1,weather
N44749,49,6,news
N352,49,0,finance
N30261,49,0,foodanddrink
N45168,49,3,sports
N64326,49,2,sports
N40411,49,0,foodanddrink
N28895,49,2,lifestyle
N13690,49,0,lifestyle
N35382,49,0,lifestyle
N19600,49,1,travel
N64508,49,1,sports
N33618,49,2,finance
N44834,49,7,news
N7726,48,0,sports
N63159,48,2,travel
N3461,48,2,finance
N54392,48,0,lifestyle
N34467,48,0,tv
N47148,48,2,sports
N35045,48,1,sports
N39463,48,12,sports
N25527,48,1,music
N60986,48,2,finance
N52579,48,0,sports
N45991,48,1,sports
N40605,48,0,sports
N32490,48,2,news
N16234,48,2,lifestyle
N12112,48,0,sports
N51711,48,1,finance
N43115,48,2,weather
N53423,48,5,weather
N23113,48,3,weather
N37096,48,1,weather
N7220,48,2,sports
N1113,48,2,finance
N1185,48,2,foodanddrink
N51908,48,0,foodanddrink
N51912,48,0,news
N45777,48,4,news
N55302,48,1,news
N58490,48,1,travel
N53962,48,1,weather
N49335,48,0,lifestyle
N37666,48,4,news
N44314,48,4,news
N729,48,1,health
N20205,48,3,news
N51019,48,3,weather
N34086,48,3,news
N27740,48,4,news
N47794,48,0,weather
N28170,47,3,health
N58426,47,1,news
N22096,47,3,weather
N22838,47,2,weather
N38267,47,1,sports
N35917,47,2,weather
N53496,47,3,entertainment
N56116,47,5,foodanddrink
N48146,47,2,lifestyle
N41006,47,0,news
N3885,47,6,movies
N19298,47,0,sports
N34672,47,4,foodanddrink
N29059,47,2,news
N60613,47,1,tv
N15370,47,8,news
N16445,47,1,foodanddrink
N54702,47,6,news
N49694,47,11,sports
N50080,47,0,finance
N4386,47,0,finance
N15951,47,2,news
N27393,47,6,news
N30519,47,0,weather
N42710,47,1,travel
N59213,47,0,news
N28975,47,0,news
N49576,47,0,travel
N53839,47,1,finance
N47870,47,1,foodanddrink
N52525,47,5,news
N11871,47,4,finance
N62339,47,3,sports
N25240,47,1,sports
N30436,47,0,lifestyle
N55279,47,1,news
N42815,47,1,weather
N12593,47,0,sports
N55355,47,2,news
N22601,47,1,travel
N43871,46,2,entertainment
N34459,46,6,video
N63162,46,0,weather
N21019,46,0,autos
N59913,46,0,sports
N21386,46,2,news
N53866,46,5,sports
N8172,46,3,news
N36168,46,5,sports
N21863,46,0,finance
N18546,46,0,sports
N14512,46,0,news
N10371,46,0,news
N46319,46,0,news
N1865,46,2,lifestyle
N26690,46,1,finance
N47565,46,0,video
N27866,46,2,lifestyle
N10483,46,3,news
N17535,46,3,weather
N19961,46,0,news
N23809,46,8,weather
N16934,46,0,sports
N60869,46,5,foodanddrink
N32011,46,1,health
N36134,46,0,health
N45599,46,0,foodanddrink
N9928,46,0,health
N22696,46,18,sports
N20459,46,0,news
N43149,46,5,sports
N5434,46,3,news
N51115,46,1,news
N12813,46,11,sports
N30671,46,2,travel
N565,45,0,travel
N10442,45,0,finance
N26438,45,1,foodanddrink
N53654,45,1,news
N63014,45,0,lifestyle
N4329,45,0,news
N6117,45,0,foodanddrink
N5514,45,0,news
N39448,45,0,foodanddrink
N39151,45,3,lifestyle
N29832,45,0,foodanddrink
N34362,45,3,news
N24265,45,1,news
N3498,45,1,weather
N7113,45,0,finance
N16300,45,0,news
N44998,45,0,finance
N36413,45,0,news
N42283,45,3,news
N12071,45,1,news
N54164,45,0,video
N19868,45,2,sports
N40789,45,6,news
N25259,45,0,news
N6354,45,0,lifestyle
N14169,45,4,news
N20249,45,0,news
N14513,45,1,news
N32371,45,4,news
N65212,45,0,news
N38433,45,4,video
N64040,45,2,sports
N45267,45,1,sports
N12018,45,3,health
N24121,45,3,tv
N10266,45,3,sports
N19053,45,1,finance
N47988,45,0,finance
N18649,45,10,sports
N43451,45,0,news
N24225,45,3,news
N18140,45,1,finance
N40523,45,2,lifestyle
N26812,45,8,news
N7372,45,0,finance
N60993,45,0,news
N11204,45,1,autos
N63682,45,0,lifestyle
N3788,45,3,sports
N58675,45,3,video
N8364,44,3,tv
N19764,44,0,finance
N48345,44,0,news
N57755,44,2,news
N53606,44,0,news
N55435,44,3,sports
N53528,44,2,foodanddrink
N8451,44,0,tv
N9797,44,0,lifestyle
N197,44,2,news
N15735,44,3,finance
N18020,44,1,news
N22632,44,1,music
N44887,44,4,autos
N53728,44,1,sports
N25609,44,3,health
N59127,44,2,news
N61158,44,6,sports
N19232,44,0,news
N4662,44,0,finance
N60343,44,0,sports
N21999,44,2,health
N40014,44,2,news
N36272,44,0,foodanddrink
N53105,44,0,health
N21826,44,2,sports
N18251,44,1,news
N58125,44,1,news
N48812,44,1,news
N30687,44,0,news
N35232,44,5,weather
N39443,44,0,sports
N2355,44,5,news
N23558,44,0,health
N30231,44,2,news
N28273,44,0,lifestyle
N38025,44,2,news
N24264,44,2,lifestyle
N41725,44,1,news
N5794,44,1,sports
N9788,44,6,sports
N56687,44,1,autos
N14889,44,0,weather
N57912,44,3,news
N38639,44,1,finance
N39655,44,2,news
N51914,44,0,finance
N53117,44,0,sports
N60893,43,0,news
N35535,43,4,sports
N15492,43,1,health
N37429,43,2,finance
N43227,43,2,news
N7789,43,0,weather
N5822,43,1,weather
N41452,43,1,travel
N58478,43,2,weather
N37201,43,1,sports
N19080,43,0,sports
N18623,43,1,weather
N26418,43,2,sports
N5219,43,0,sports
N56459,43,1,news
N9149,43,0,news
N2747,43,1,news
N9259,43,0,health
N22855,43,4,news
N64306,43,1,sports
N49292,43,4,news
N53174,43,0,news
N1885,43,1,sports
N20296,43,4,news
N40516,43,0,lifestyle
N56328,43,0,sports
N35786,43,9,sports
N35700,43,9,sports
N6210,43,1,news
N10787,43,0,weather
N56681,43,3,weather
N18245,43,6,sports
N13503,43,0,foodanddrink
N54587,43,1,foodanddrink
N40155,43,0,news
N1925,43,4,weather
N20404,43,3,news
N45890,43,1,weather
N52118,43,1,sports
N22794,43,1,sports
N24078,43,3,news
N5476,43,0,news
N5340,43,2,news
N2216,43,3,news
N21236,43,0,news
N61846,43,3,news
N62260,43,1,travel
N61904,42,1,foodanddrink
N670,42,1,lifestyle
N47177,42,0,finance
N51324,42,2,news
N22532,42,0,news
N54114,42,1,news
N1330,42,0,news
N32255,42,0,news
N10150,42,0,news
N42544,42,1,sports
N52129,42,3,health
N23456,42,0,news
N28060,42,0,news
N59494,42,1,news
N26138,42,0,finance
N22456,42,0,health
N16065,42,0,lifestyle
N45284,42,0,health
N42248,42,0,travel
N35006,42,1,entertainment
N25614,42,3,news
N52671,42,1,travel
N28974,42,1,news
N33634,42,1,sports
N22143,42,8,sports
N37391,42,2,news
N57641,42,0,finance
N49071,42,0,sports
N25658,42,0,sports
N33915,42,0,news
N49521,42,1,foodanddrink
N16205,42,2,news
N23623,42,6,news
N42501,42,0,tv
N19464,42,3,news
N31986,42,0,autos
N35658,42,2,finance
N42607,42,0,lifestyle
N48507,42,0,lifestyle
N46147,42,0,sports
N53532,42,1,video
N30202,42,3,sports
N27462,42,1,news
N23632,42,3,weather
N42549,42,0,health
N17010,42,1,foodanddrink
N37612,41,1,lifestyle
N23132,41,0,news
N3699,41,0,sports
N38813,41,3,sports
N51748,41,0,foodanddrink
N3292,41,0,tv
N34354,41,1,news
N10057,41,2,weather
N3151,41,0,travel
N42167,41,3,travel
N12780,41,0,news
N10825,41,1,sports
N31112,41,0,sports
N47272,41,3,news
N14213,41,3,sports
N7524,41,1,news
N32267,41,0,news
N773,41,0,lifestyle
N52127,41,0,news
N53434,41,0,news
N7173,41,2,news
N18038,41,4,sports
N10115,41,0,news
N31850,41,0,travel
N6821,41,0,finance
N34225,41,1,weather
N24995,41,8,sports
N56526,41,4,travel
N8660,41,2,news
N27399,41,0,sports
N45655,41,0,health
N40180,41,3,news
N39079,41,3,foodanddrink
N45905,41,1,health
N20646,41,0,news
N13933,41,1,travel
N53976,41,1,health
N33540,41,1,travel
N7034,41,0,sports
N25430,40,0,news
N41378,40,3,news
N22786,40,1,travel
N11567,40,0,lifestyle
N47430,40,0,foodanddrink
N44257,40,1,weather
N38692,40,2,finance
N61725,40,1,sports
N1313,40,0,news
N10511,40,1,entertainment
N22226,40,2,sports
N23559,40,0,news
N56783,40,0,news
N33541,40,0,movies
N40824,40,1,movies
N11932,40,1,finance
N47938,40,7,weather
N43650,40,0,sports
N39452,40,3,news
N57973,40,4,finance
N53010,40,1,tv
N27941,40,6,sports
N11708,40,4,news
N3271,40,4,finance
N26643,40,2,sports
N4692,40,0,autos
N44967,40,0,sports
N37175,40,1,news
N3496,40,0,tv
N46838,40,0,news
N12191,40,1,news
N46061,40,0,weather
N25989,40,11,sports
N29543,40,2,sports
N53365,40,0,news
N903,40,4,autos
N62253,40,1,sports
N2419,40,0,foodanddrink
N53529,40,1,travel
N49320,40,2,news
N46979,40,2,travel
N10879,40,0,foodanddrink
N44208,40,1,news
N17780,40,2,weather
N2649,40,0,travel
N50875,40,5,news
N57041,40,1,video
N63862,40,1,news
N26155,40,1,health
N35091,40,1,sports
N50165,40,5,music
N42754,40,4,sports
N18317,40,3,sports
N63076,40,0,sports
N58047,40,3,sports
N19973,39,1,news
N35392,39,0,news
N47691,39,1,entertainment
N58769,39,0,weather
N15780,39,1,sports
N17201,39,0,finance
N62477,39,2,news
N20003,39,2,news
N5610,39,2,news
N28162,39,0,sports
N36696,39,0,sports
N26653,39,0,weather
N726,39,1,sports
N26650,39,2,lifestyle
N38900,39,8,sports
N37862,39,1,sports
N31333,39,3,news
N10138,39,0,sports
N56040,39,1,sports
N24951,39,0,music
N48084,39,2,news
N4810,39,4,sports
N30244,39,0,health
N22363,39,1,travel
N64726,39,1,news
N12980,39,2,sports
N7456,39,6,sports
N52421,39,1,news
N34750,39,0,lifestyle
N50228,39,3,foodanddrink
N54404,39,0,finance
N59529,39,1,sports
N61560,39,1,news
N29048,39,2,sports
N1660,39,4,sports
N6652,39,0,news
N26505,39,0,weather
N38435,39,0,news
N63218,39,3,news
N15429,39,1,news
N39866,39,0,news
N2644,39,3,weather
N6977,39,2,news
N42694,39,5,news
N6329,39,2,news
N39818,39,0,news
N53811,39,1,lifestyle
N7975,39,0,lifestyle
N21304,39,4,autos
N46088,39,0,news
N43763,39,3,lifestyle
N62854,39,0,finance
N4993,39,1,sports
N16733,39,0,finance
N29700,39,0,finance
N18653,39,0,sports
N39229,39,5,finance
N3804,39,1,weather
N56520,39,1,foodanddrink
N30627,38,1,finance
N44941,38,0,weather
N46050,38,2,foodanddrink
N61146,38,0,video
N14602,38,9,sports
N10613,38,1,sports
N23905,38,1,finance
N49696,38,3,travel
N10046,38,0,news
N64471,38,1,news
N33469,38,2,news
N32408,38,2,sports
N60638,38,0,health
N10056,38,6,sports
N48992,38,3,news
N31654,38,3,news
N38051,38,1,finance
N10015,38,0,sports
N49545,38,3,news
N32278,38,0,news
N39776,38,1,autos
N11308,38,3,news
N27080,38,0,finance
N17167,38,0,news
N4328,38,2,news
N56494,38,1,news
N2846,38,2,autos
N1293,38,1,news
N8407,38,0,news
N13130,38,2,weather
N12139,38,6,news
N38065,38,0,music
N58542,38,0,lifestyle
N16953,38,2,sports
N24473,38,3,news
N25185,38,0,news
N41863,38,3,travel
N133,38,0,sports
N13299,38,3,travel
N52665,38,2,tv
N9950,38,1,lifestyle
N23730,38,2,movies
N41685,38,3,news
N17447,38,1,news
N52696,38,2,tv
N64289,38,0,sports
N58601,38,0,health
N27702,38,1,sports
N41352,38,0,lifestyle
N41491,38,1,weather
N59522,38,1,news
N1059,38,3,news
N44670,37,1,sports
N13614,37,4,news
N1958,37,4,video
N60052,37,0,health
N39979,37,1,news
N25868,37,3,news
N54422,37,0,lifestyle
N62752,37,2,news
N55649,37,2,foodanddrink
N47903,37,0,news
N55178,37,5,sports
N34241,37,1,weather
N31398,37,0,sports
N7964,37,4,finance
N42212,37,3,news
N52945,37,1,foodanddrink
N59076,37,0,news
N22566,37,0,health
N28831,37,2,sports
N9877,37,0,news
N55236,37,1,movies
N4215,37,1,travel
N33514,37,0,sports
N19880,37,0,news
N20766,37,3,entertainment
N25796,37,9,sports
N15795,37,5,sports
N44954,37,1,finance
N51757,37,0,news
N25501,37,5,sports
N20414,37,1,music
N28734,37,9,sports
N47880,37,0,news
N12484,37,3,news
N43826,37,2,travel
N17930,37,7,tv
N6942,37,1,sports
N11094,37,0,video
N48264,37,4,news
N26434,37,2,news
N51035,37,1,news
N43568,37,4,news
N33965,37,1,weather
N6475,37,2,movies
N57499,37,2,news
N35593,37,1,finance
N10307,37,0,news
N15189,37,0,finance
N49607,37,6,news
N57448,37,0,news
N15505,37,1,autos
N50841,37,2,news
N49323,37,2,lifestyle
N50830,37,0,foodanddrink
N64831,37,2,foodanddrink
N64914,37,2,news
N38979,37,3,foodanddrink
N277,37,4,music
N35397,36,1,finance
N43984,36,3,finance
N56983,36,0,news
N26969,36,2,news
N11523,36,0,lifestyle
N26903,36,0,news
N11587,36,3,finance
N41858,36,6,sports
N23847,36,0,weather
N13539,36,1,autos
N13019,36,1,video
N51608,36,2,travel
N64000,36,0,finance
N42459,36,6,foodanddrink
N46236,36,0,news
N37532,36,0,news
N45315,36,1,foodanddrink
N12371,36,1,news
N19165,36,0,lifestyle
N52629,36,3,sports
N63751,36,2,sports
N16952,36,1,sports
N26142,36,5,news
N16557,36,0,news
N45283,36,4,lifestyle
N1427,36,0,news
N19904,36,4,news
N24824,36,2,tv
N52705,36,2,finance
N59732,36,0,news
N17578,36,0,sports
N25767,36,0,sports
N38323,36,5,news
N13615,36,0,sports
N3599,36,1,news
N56456,36,0,finance
N17931,36,0,weather
N58693,36,3,foodanddrink
N64069,36,1,news
N2627,36,3,sports
N16181,36,0,sports
N58751,36,1,foodanddrink
N60179,36,3,news
N25923,36,0,sports
N21186,36,0,sports
N27102,36,0,news
N10677,36,0,news
N53510,36,3,sports
N28527,36,3,sports
N30315,36,3,sports
N3460,36,0,sports
N27539,36,0,foodanddrink
N12055,36,0,finance
N53147,36,1,health
N17887,36,0,tv
N24904,36,2,news
N31993,36,0,news
N31492,36,3,sports
N39244,36,4,news
N750,36,0,video
N55967,36,4,news
N55334,36,1,news
N9883,36,3,travel
N23975,36,0,foodanddrink
N55421,36,0,entertainment
N49021,36,2,news
N50453,36,1,news
N9603,35,0,sports
N8361,35,2,sports
N54692,35,1,news
N33768,35,1,news
N18943,35,0,news
N24693,35,0,news
N1887,35,2,news
N234,35,1,travel
N38983,35,0,sports
N18740,35,0,video
N54662,35,2,sports
N36243,35,1,lifestyle
N25043,35,0,foodanddrink
N48676,35,0,lifestyle
N15569,35,1,foodanddrink
N57723,35,4,news
N25919,35,1,news
N53372,35,1,news
N24208,35,0,finance
N10696,35,2,sports
N31852,35,1,foodanddrink
N43832,35,3,news
N53867,35,0,news
N16389,35,1,weather
N46935,35,0,news
N12239,35,0,sports
N43064,35,1,lifestyle
N1646,35,0,foodanddrink
N49735,35,1,sports
N1352,35,0,travel
N45873,35,10,sports
N42132,35,2,weather
N39925,35,4,foodanddrink
N16505,35,1,weather
N17808,35,0,news
N31752,35,0,news
N49881,35,2,news
N43081,35,2,news
N42158,35,0,news
N63896,35,1,foodanddrink
N54066,35,5,weather
N4265,35,2,news
N55784,35,0,weather
N10363,35,2,news
N22538,35,2,news
N7213,35,2,sports
N40368,35,0,entertainment
N55440,35,0,finance
N37972,35,3,news
N25312,35,2,movies
N22575,35,0,finance
N61853,35,1,autos
N59144,35,1,kids
N17464,35,2,foodanddrink
N64080,35,0,sports
N55509,35,2,weather
N28506,35,1,lifestyle
N44241,35,0,news
N14481,35,1,finance
N9371,35,7,autos
N64617,35,0,video
N37963,35,0,sports
N1972,34,0,travel
N33929,34,0,music
N57554,34,1,sports
N50118,34,0,news
N18565,34,0,sports
N63908,34,0,news
N59031,34,4,lifestyle
N62870,34,0,autos
N38173,34,1,tv
N21105,34,0,news
N58179,34,2,news
N32257,34,4,news
N44075,34,8,sports
N35623,34,2,sports
N32233,34,1,sports
N4994,34,1,sports
N63087,34,1,lifestyle
N34858,34,1,news
N29330,34,0,foodanddrink
N37363,34,0,travel
N17819,34,1,news
N43491,34,2,news
N24444,34,1,news
N12746,34,1,health
N17875,34,3,news
N39167,34,2,autos
N13416,34,0,travel
N6642,34,1,news
N57210,34,1,news
N1183,34,2,sports
N8346,34,1,lifestyle
N8458,34,2,news
N34709,34,0,travel
N5196,34,3,news
N14816,34,5,news
N52201,34,1,news
N50425,34,2,sports
N33868,34,3,news
N58477,34,0,finance
N9296,34,3,news
N59422,34,0,finance
N61783,34,0,autos
N48653,34,0,autos
N40056,34,1,finance
N42651,34,3,sports
N34540,34,1,sports
N6343,34,0,movies
N11576,34,0,travel
N54912,34,1,sports
N36932,34,4,news
N12120,34,1,news
N12082,34,1,sports
N41788,34,0,news
N26915,34,1,video
N53634,34,1,video
N9325,34,4,foodanddrink
N32002,34,0,sports
N9961,33,4,foodanddrink
N57625,33,2,entertainment
N33113,33,2,health
N30421,33,0,sports
N45148,33,1,sports
N16477,33,0,news
N19486,33,4,news
N32103,33,4,sports
N61452,33,0,news
N53583,33,0,news
N45724,33,2,lifestyle
N53652,33,2,news
N37145,33,1,finance
N5365,33,0,news
N9092,33,4,lifestyle
N38248,33,8,sports
N46883,33,1,lifestyle
N51493,33,0,autos
N7471,33,0,news
N42604,33,0,music
N31833,33,1,weather
N60130,33,2,news
N64462,33,1,video
N20984,33,0,news
N44487,33,1,sports
N49462,33,0,video
N38390,33,0,news
N94,33,5,news
N12166,33,4,sports
N57675,33,1,lifestyle
N34171,33,0,lifestyle
N44347,33,1,finance
N59771,33,1,lifestyle
N64938,33,1,travel
N36890,33,1,news
N5088,33,5,news
N35327,33,0,video
N16006,33,1,news
N27492,33,3,news
N43400,33,0,news
N42928,33,3,news
N6258,33,0,lifestyle
N7651,33,0,sports
N50068,33,2,travel
N60984,33,1,travel
N15052,33,0,autos
N14747,33,2,news
N3169,33,0,travel
N7601,33,0,lifestyle
N51973,33,0,news
N48643,33,0,lifestyle
N35744,33,0,lifestyle
N62534,33,3,sports
N7788,33,1,news
N13964,33,3,sports
N9785,33,1,lifestyle
N38615,33,4,news
N24571,33,1,sports
N31574,33,0,foodanddrink
N22037,33,0,weather
N42224,33,0,sports
N36987,33,0,travel
N63004,33,7,travel
N41505,33,0,news
N6265,33,1,news
N50831,33,0,news
N31320,33,0,travel
N3622,33,0,foodanddrink
N49940,33,3,news
N43342,33,0,lifestyle
N59302,33,1,video
N62541,33,2,video
N41795,33,1,music
N37659,33,1,finance
N7654,32,0,health
N64638,32,0,finance
N22040,32,0,travel
N11772,32,1,finance
N56818,32,2,news
N62550,32,2,video
N43442,32,1,weather
N60887,32,10,sports
N3704,32,1,news
N58802,32,1,foodanddrink
N16194,32,0,news
N33343,32,1,finance
N52186,32,4,travel
N50561,32,0,autos
N28998,32,0,news
N23444,32,0,news
N48101,32,0,weather
N12637,32,0,travel
N46079,32,1,weather
N31477,32,2,news
N29442,32,0,news
N31376,32,1,news
N40784,32,1,weather
N64514,32,0,autos
N24525,32,0,finance
N61318,32,3,sports
N24480,32,1,sports
N57384,32,2,news
N62107,32,1,autos
N60748,32,1,news
N585,32,0,travel
N19848,32,4,sports
N54023,32,3,autos
N21513,32,0,news
N59728,32,1,weather
N19268,32,1,news
N21800,32,3,sports
N6382,32,2,news
N58087,32,1,news
N20540,32,0,news
N41714,32,0,sports
N45302,32,0,travel
N21605,32,2,news
N61450,32,2,sports
N60255,32,0,news
N3273,32,0,finance
N296,32,0,travel
N63658,32,0,lifestyle
N10869,32,1,news
N3982,32,2,tv
N41660,32,1,news
N5447,32,3,weather
N35655,32,0,lifestyle
N32849,32,1,news
N37575,32,1,weather
N53113,32,3,sports
N52604,32,2,news
N14633,32,1,weather
N48247,32,1,weather
N46619,32,3,foodanddrink
N30039,32,2,news
N32805,32,0,sports
N44929,32,0,health
N43820,31,0,music
N46191,31,0,finance
N9976,31,0,sports
N34397,31,4,news
N3432,31,2,weather
N2688,31,0,news
N10789,31,0,news
N9500,31,2,sports
N44293,31,0,foodanddrink
N8658,31,1,sports
N64269,31,1,sports
N42103,31,2,news
N48432,31,0,news
N49688,31,1,sports
N6794,31,2,sports
N56315,31,4,sports
N38699,31,2,news
N56536,31,0,news
N56890,31,2,news
N37010,31,0,news
N61384,31,2,sports
N61299,31,0,sports
N61282,31,4,travel
N41464,31,2,sports
N15772,31,0,travel
N41468,31,1,music
N24923,31,2,foodanddrink
N61119,31,6,weather
N34005,31,0,news
N6100,31,0,finance
N58131,31,3,news
N38060,31,1,news
N60965,31,0,lifestyle
N32765,31,2,sports
N60825,31,2,sports
N53072,31,2,music
N4101,31,0,autos
N14456,31,1,autos
N50376,31,2,news
N52805,31,6,sports
N21660,31,0,news
N13648,31,0,news
N39753,31,1,news
N21965,31,2,music
N39705,31,0,lifestyle
N36452,31,1,weather
N53955,31,2,finance
N36478,31,2,sports
N20776,31,0,news
N6425,31,3,news
N64424,31,0,weather
N6299,31,2,sports
N30373,31,1,sports
N20005,31,0,health
N19858,31,3,sports
N36692,31,1,news
N19795,31,0,movies
N55323,31,0,entertainment
N64895,31,4,sports
N50514,31,1,news
N41770,31,6,news
N6761,31,1,lifestyle
N11415,31,3,lifestyle
N41950,31,0,music
N41926,31,0,health
N59706,31,1,sports
N59227,31,0,foodanddrink
N37408,31,1,news
N15982,31,2,finance
N60034,31,1,news
N11439,31,0,news
N29121,30,6,news
N24367,30,2,sports
N27396,30,0,sports
N5703,30,1,news
N5144,30,7,news
N20410,30,1,news
N18308,30,2,sports
N54693,30,1,health
N19623,30,3,sports
N44853,30,3,music
N45602,30,0,news
N20209,30,3,sports
N57494,30,0,sports
N51568,30,1,health
N3839,30,2,news
N38385,30,1,news
N38363,30,0,news
N40345,30,1,lifestyle
N916,30,1,sports
N7136,30,4,news
N20731,30,0,news
N35060,30,1,health
N31000,30,2,weather
N39466,30,1,weather
N5142,30,3,news
N9318,30,1,weather
N42799,30,1,weather
N41115,30,0,news
N23801,30,1,news
N40899,30,0,lifestyle
N62284,30,6,video
N27594,30,2,sports
N41026,30,0,entertainment
N9425,30,0,sports
N47102,30,0,sports
N23876,30,2,foodanddrink
N32378,30,3,sports
N29935,30,1,lifestyle
N61862,30,3,news
N14807,30,0,finance
N56387,30,4,news
N18700,30,3,foodanddrink
N19745,30,0,sports
N56464,30,1,sports
N37489,30,2,news
N33718,30,1,news
N55212,30,1,video
N36914,30,2,sports
N39172,30,0,video
N44593,30,0,news
N9596,30,2,sports
N44615,30,2,health
N56786,30,2,sports
N46718,30,1,foodanddrink
N57764,30,0,lifestyle
N11967,30,0,weather
N14597,30,1,news
N53251,30,2,weather
N58861,30,1,sports
N61061,30,0,sports
N45367,30,3,sports
N6102,30,0,tv
N21750,30,3,sports
N25102,30,1,health
N13680,30,1,foodanddrink
N3771,30,0,weather
N1067,30,1,finance
N2822,30,0,weather
N9809,30,1,news
N52426,30,3,news
N53300,30,3,movies
N30639,30,0,news
N21183,30,3,news
N21818,30,0,sports
N27081,30,0,finance
N3275,30,0,weather
N11614,30,0,news
N7560,30,0,travel
N60862,30,0,video
N4322,30,1,health
N60802,30,0,weather
N722,30,1,news
N53228,30,0,lifestyle
N39679,30,0,news
N28967,30,0,news
N21458,30,1,travel
N45431,30,0,news
N15382,30,3,sports
N17870,30,1,sports
N15403,30,0,finance
N53223,30,2,news
N29405,30,1,lifestyle
N46714,30,2,sports
N26105,30,0,lifestyle
N26518,29,2,news
N63848,29,1,news
N42845,29,0,entertainment
N5535,29,0,news
N64814,29,0,music
N50040,29,0,entertainment
N23701,29,1,news
N3318,29,1,video
N62114,29,0,travel
N13510,29,0,news
N62288,29,0,sports
N39069,29,0,news
N13628,29,1,news
N62294,29,0,news
N21354,29,0,sports
N44514,29,0,sports
N14406,29,0,news
N50487,29,3,news
N42837,29,0,sports
N50504,29,1,health
N46747,29,1,news
N62437,29,0,autos
N22120,29,0,sports
N63025,29,1,news
N22520,29,0,weather
N27183,29,3,entertainment
N10833,29,4,travel
N19351,29,1,news
N22111,29,1,news
N59867,29,0,news
N22488,29,1,sports
N13374,29,1,news
N20892,29,0,sports
N30472,29,0,travel
N25866,29,0,lifestyle
N51871,29,0,news
N64109,29,3,news
N64130,29,0,sports
N52034,29,0,travel
N30383,29,1,news
N42659,29,3,sports
N13716,29,0,health
N37463,29,1,finance
N12774,29,3,sports
N2709,29,0,news
N53381,29,0,news
N22933,29,1,news
N3638,29,0,finance
N13133,29,0,foodanddrink
N39193,29,2,video
N3974,29,0,sports
N31203,29,1,video
N9276,29,1,sports
N25944,29,1,news
N52274,29,1,sports
N36583,29,0,travel
N3338,29,5,health
N62961,29,0,sports
N54966,29,2,health
N59162,29,0,news
N62018,29,0,news
N34538,29,1,travel
N24700,29,0,sports
N57667,29,0,health
N41353,29,0,news
N61300,29,0,sports
N24481,29,0,news
N1199,29,7,sports
N24428,29,0,finance
N18282,29,0,lifestyle
N57229,29,1,northamerica
N43926,29,1,finance
N61642,29,1,weather
N61662,29,2,sports
N37596,29,4,sports
N10293,29,0,news
N31664,29,1,foodanddrink
N31648,29,1,video
N49249,29,2,sports
N24707,29,1,news
N48470,29,0,foodanddrink
N43770,29,1,news
N25149,29,1,sports
N37234,29,1,news
N29430,29,0,finance
N60716,29,4,sports
N2529,29,0,lifestyle
N38044,29,0,sports
N34013,29,0,lifestyle
N37263,29,1,sports
N25107,29,0,news
N5939,29,1,news
N16835,29,5,travel
N38151,29,0,health
N17841,29,0,weather
N29627,29,1,finance
N57813,29,1,sports
N11122,29,1,sports
N811,29,0,news
N690,29,0,news
N30724,29,0,travel
N38698,29,2,sports
N19030,29,1,foodanddrink
N12298,29,0,news
N12204,29,0,tv
N6779,29,3,finance
N25667,29,2,news
N61843,29,2,music
N49714,29,3,sports
N59530,29,1,sports
N8489,29,0,news
N64804,28,0,news
N40148,28,0,sports
N45010,28,2,sports
N33345,28,0,music
N7224,28,0,news
N61929,28,1,movies
N41503,28,0,health
N53777,28,0,news
N39664,28,1,sports
N64045,28,0,sports
N27590,28,1,news
N48421,28,1,sports
N59344,28,4,news
N52007,28,1,health
N2080,28,0,foodanddrink
N23460,28,0,sports
N5527,28,2,finance
N8355,28,0,sports
N11397,28,2,news
N31868,28,2,news
N35575,28,0,news
N5172,28,0,news
N9424,28,0,weather
N16788,28,4,news
N28876,28,0,sports
N56136,28,1,travel
N4637,28,1,music
N39853,28,3,sports
N36292,28,0,health
N39824,28,0,finance
N42594,28,1,news
N17054,28,0,sports
N60035,28,0,news
N43515,28,2,news
N11190,28,0,sports
N56090,28,1,travel
N16902,28,1,sports
N21290,28,1,travel
N29445,28,1,news
N47644,28,1,news
N17645,28,7,sports
N14489,28,0,sports
N19537,28,2,news
N46430,28,0,news
N59612,28,3,news
N52299,28,0,sports
N17800,28,2,weather
N5226,28,4,weather
N37755,28,0,sports
N11918,28,0,autos
N23918,28,1,foodanddrink
N59980,28,2,video
N20705,28,0,news
N57250,28,2,sports
N54672,28,0,health
N6806,28,2,weather
N45643,28,0,news
N1104,28,0,news
N18548,28,0,travel
N547,28,0,news
N20233,28,1,sports
N64993,28,0,news
N30294,28,0,sports
N29002,28,1,news
N34304,28,0,music
N51183,28,1,news
N51175,28,0,lifestyle
N1666,28,0,sports
N49117,28,5,sports
N34485,28,0,news
N35664,28,0,sports
N50743,28,0,autos
N6875,28,0,news
N59797,28,2,news
N25665,28,0,video
N39313,28,2,sports
N20563,28,1,sports
N9270,28,0,travel
N63064,28,2,sports
N10599,28,1,tv
N8395,28,0,finance
N62355,28,2,lifestyle
N62981,28,3,news
N40998,28,0,sports
N13006,28,0,sports
N28325,28,0,news
N64958,28,0,sports
N55819,27,1,sports
N27821,27,0,sports
N14756,27,3,news
N59393,27,0,news
N27832,27,3,news
N60058,27,1,sports
N44627,27,3,sports
N43320,27,0,news
N15777,27,1,news
N53248,27,1,news
N37989,27,4,weather
N14296,27,0,news
N59044,27,0,news
N59069,27,0,news
N13583,27,0,lifestyle
N36678,27,0,music
N5979,27,3,weather
N13944,27,0,travel
N63630,27,1,autos
N13555,27,0,news
N60576,27,1,sports
N54960,27,1,foodanddrink
N15568,27,1,sports
N5576,27,1,news
N20372,27,1,lifestyle
N38213,27,1,sports
N16002,27,1,news
N15095,27,5,sports
N57956,27,3,sports
N63307,27,0,lifestyle
N43868,27,0,news
N14710,27,4,sports
N14753,27,3,weather
N3466,27,0,weather
N59821,27,0,sports
N3118,27,0,news
N27213,27,0,autos
N38594,27,0,weather
N2108,27,2,travel
N33023,27,1,lifestyle
N18212,27,0,foodanddrink
N17723,27,4,foodanddrink
N33387,27,0,sports
N32651,27,1,sports
N54903,27,2,news
N63481,27,3,travel
N59951,27,1,lifestyle
N14491,27,1,sports
N56463,27,2,weather
N20908,27,0,finance
N503,27,3,news
N29805,27,0,sports
N810,27,1,news
N30042,27,1,lifestyle
N8420,27,1,news
N3361,27,3,sports
N39974,27,0,travel
N11312,27,0,weather
N29856,27,1,finance
N40100,27,0,travel
N47117,27,0,news
N64670,27,2,news
N33855,27,3,news
N36102,27,1,news
N12190,27,2,sports
N3367,27,1,weather
N35208,27,0,travel
N4059,27,0,foodanddrink
N52322,27,1,travel
N7864,27,1,health
N42387,27,0,news
N33490,27,1,tv
N7862,27,0,news
N21702,27,0,news
N8747,27,2,news
N11746,27,2,travel
N29518,27,0,news
N733,27,0,sports
N25794,27,0,sports
N12476,27,3,sports
N4038,27,1,travel
N22102,27,3,news
N11123,27,1,sports
N5213,27,2,travel
N48445,27,2,health
N47792,27,1,foodanddrink
N6522,27,0,finance
N41350,27,1,news
N13198,27,0,news
N41295,27,0,news
N41266,27,1,news
N64492,27,0,weather
N34488,26,2,travel
N40595,26,2,lifestyle
N10944,26,2,health
N29354,26,0,news
N28759,26,2,news
N30125,26,0,news
N47182,26,1,sports
N19091,26,1,tv
N10934,26,0,news
N12954,26,1,foodanddrink
N62928,26,1,sports
N16538,26,0,news
N54406,26,0,sports
N47095,26,0,tv
N54471,26,1,weather
N28811,26,1,movies
N3035,26,0,foodanddrink
N31179,26,1,news
N29208,26,1,sports
N39242,26,2,news
N64530,26,1,tv
N40852,26,0,travel
N20165,26,0,news
N64685,26,0,music
N33691,26,2,weather
N36636,26,2,sports
N1416,26,0,finance
N49919,26,2,finance
N44427,26,0,foodanddrink
N38402,26,1,sports
N37151,26,1,news
N38628,26,1,sports
N56934,26,1,news
N32932,26,0,foodanddrink
N15048,26,1,news
N57221,26,1,news
N7035,26,0,news
N31824,26,0,foodanddrink
N29864,26,0,sports
N11877,26,2,news
N61207,26,0,news
N28129,26,4,news
N25159,26,1,finance
N58139,26,2,news
N37098,26,1,news
N3195,26,0,news
N42372,26,1,weather
N38665,26,0,foodanddrink
N25486,26,0,weather
N1583,26,1,sports
N45950,26,0,sports
N19487,26,0,news
N14511,26,1,news
N12373,26,1,news
N55862,26,0,news
N5591,26,0,travel
N56036,26,1,travel
N56133,26,3,entertainment
N766,26,0,news
N23835,26,0,travel
N6758,26,3,finance
N58900,26,0,sports
N12229,26,0,news
N61876,26,0,video
N29406,26,0,news
N24060,26,0,news
N54370,26,0,lifestyle
N60408,26,0,weather
N11280,26,2,news
N45287,26,1,finance
N3049,26,1,sports
N53972,26,0,travel
N52590,26,0,news
N2847,26,4,sports
N13355,26,0,sports
N59973,26,3,news
N800,26,0,news
N63145,26,0,news
N30849,26,0,news
N36277,26,0,sports
N21587,26,3,news
N28395,26,0,news
N20844,26,0,news
N13234,26,1,sports
N35187,26,1,autos
N9118,26,0,news
N37484,26,3,sports
N5152,26,1,news
N60048,26,3,lifestyle
N344,26,3,news
N54296,26,0,news
N46691,26,1,finance
N894,26,0,news
N38849,25,1,sports
N30579,25,0,music
N18802,25,0,news
N14537,25,1,health
N125,25,3,news
N8914,25,2,sports
N53826,25,1,news
N21226,25,0,sports
N60547,25,0,weather
N27626,25,0,travel
N56477,25,0,news
N44223,25,1,news
N24077,25,1,news
N34442,25,0,entertainment
N522,25,0,finance
N49489,25,1,health
N43151,25,0,video
N49627,25,1,weather
N56279,25,1,news
N26452,25,2,finance
N53627,25,4,weather
N31487,25,0,weather
N25403,25,0,video
N13251,25,0,sports
N14699,25,2,sports
N55594,25,1,weather
N56153,25,2,sports
N29292,25,1,sports
N42857,25,0,sports
N24167,25,0,sports
N64015,25,0,weather
N59067,25,2,finance
N62970,25,2,autos
N56667,25,0,autos
N17928,25,1,travel
N25191,25,3,news
N39814,25,4,lifestyle
N57724,25,1,finance
N8964,25,0,sports
N31881,25,0,news
N57757,25,0,news
N11119,25,2,sports
N30758,25,1,finance
N34283,25,0,finance
N43090,25,2,weather
N57874,25,0,news
N63606,25,1,news
N17720,25,1,finance
N61143,25,2,news
N7285,25,5,news
N48047,25,0,weather
N25024,25,0,sports
N8299,25,1,foodanddrink
N32786,25,1,finance
N57405,25,1,news
N34055,25,1,travel
N28174,25,0,sports
N17323,25,0,lifestyle
N63851,25,0,news
N62289,25,0,news
N49036,25,1,weather
N53335,25,3,sports
N48968,25,2,foodanddrink
N17479,25,1,news
N8946,25,0,video
N37986,25,0,sports
N48818,25,1,sports
N5843,25,0,news
N35628,25,1,sports
N57206,25,1,finance
N52647,25,1,travel
N11309,25,0,news
N61484,25,0,movies
N4884,25,0,autos
N58402,25,0,music
N17350,25,0,foodanddrink
N3545,25,0,sports
N22847,25,1,lifestyle
N40512,25,2,news
N60312,25,0,sports
N22539,25,1,travel
N8801,25,0,weather
N6255,25,0,weather
N8627,25,2,news
N44605,25,2,sports
N20267,25,1,finance
N5534,25,2,news
N16794,25,2,finance
N54062,25,3,foodanddrink
N33730,25,1,weather
N51375,25,0,travel
N45779,25,0,finance
N10544,25,2,news
N3263,25,0,sports
N15957,25,0,sports
N51572,25,2,news
N53913,25,1,lifestyle
N20812,25,0,weather
N37592,25,1,sports
N55129,25,1,news
N29327,25,2,weather
N59750,25,1,sports
N62506,25,0,news
N9273,25,2,weather
N8621,25,0,foodanddrink
N28994,25,1,sports
N14074,25,0,finance
N4549,25,3,lifestyle
N9298,25,4,sports
N23236,25,0,news
N39395,25,1,sports
N54838,25,0,news
N65034,25,4,travel
N4694,25,1,travel
N8107,25,1,sports
N39424,25,0,sports
N51550,25,2,news
N47119,25,1,finance
N40165,25,1,foodanddrink
N3094,25,1,news
N10040,25,0,news
N37655,25,0,sports
N7826,25,1,autos
N38131,25,1,entertainment
N11408,25,1,foodanddrink
N36549,25,0,finance
N18625,24,1,news
N25271,24,0,sports
N62647,24,1,news
N48934,24,1,sports
N46468,24,0,sports
N6271,24,0,video
N11990,24,2,news
N39238,24,1,news
N5721,24,0,sports
N8418,24,0,news
N49003,24,0,lifestyle
N48856,24,0,weather
N29448,24,2,sports
N43384,24,0,news
N58546,24,1,news
N13905,24,3,news
N28956,24,1,finance
N47665,24,2,news
N25978,24,0,news
N26689,24,0,sports
N8280,24,1,sports
N35402,24,1,finance
N15561,24,0,health
N64480,24,0,tv
N16005,24,0,music
N52939,24,2,news
N44803,24,0,lifestyle
N47078,24,1,news
N38289,24,1,music
N39898,24,4,movies
N22590,24,2,video
N53079,24,4,news
N34986,24,0,kids
N38095,24,0,lifestyle
N58056,24,2,news
N6373,24,2,news
N42766,24,0,sports
N17577,24,4,sports
N28924,24,3,sports
N57409,24,0,finance
N27946,24,3,news
N60902,24,0,foodanddrink
N13969,24,1,news
N7043,24,0,foodanddrink
N25977,24,0,news
N16522,24,0,news
N11237,24,0,sports
N24521,24,3,health
N48700,24,1,news
N13591,24,1,sports
N2034,24,0,foodanddrink
N10556,24,2,foodanddrink
N57717,24,1,sports
N41202,24,0,news
N25411,24,0,news
N49866,24,0,news
N14584,24,0,health
N45124,24,0,news
N12436,24,4,autos
N61909,24,1,foodanddrink
N8542,24,1,news
N61954,24,1,sports
N12739,24,0,health
N17107,24,3,weather
N19605,24,0,lifestyle
N36394,24,2,lifestyle
N30193,24,0,weather
N62104,24,2,travel
N9247,24,2,news
N40906,24,2,foodanddrink
N55347,24,3,foodanddrink
N63334,24,2,news
N55851,24,0,weather
N34387,24,4,video
N34843,24,0,finance
N52211,24,0,foodanddrink
N35004,24,0,health
N4179,24,0,foodanddrink
N36403,24,1,news
N62239,24,1,sports
N55671,24,1,sports
N9076,24,3,sports
N19503,24,0,foodanddrink
N32232,24,2,sports
N63380,24,0,lifestyle
N33517,24,0,sports
N27619,24,0,video
N16909,24,0,weather
N28214,24,1,tv
N5037,24,1,lifestyle
N37252,24,2,news
N52178,24,0,news
N56568,24,4,news
N4552,24,1,news
N14203,24,0,sports
N24132,24,1,entertainment
N32133,24,1,sports
N34235,24,1,finance
N32494,24,0,news
N65052,24,0,sports
N60131,24,1,video
N37886,24,0,weather
N20051,24,2,news
N50417,24,0,news
N22815,24,2,tv
N17217,24,0,lifestyle
N44250,24,4,finance
N64197,24,2,health
N49510,24,1,lifestyle
N46055,24,0,news
N8816,24,1,news
N60670,24,2,health
N6928,24,0,sports
N47862,23,0,finance
N16027,23,0,sports
N32413,23,0,autos
N43489,23,0,sports
N47303,23,1,sports
N7792,23,0,lifestyle
N47215,23,1,autos
N16020,23,0,finance
N11360,23,0,health
N28398,23,2,finance
N46849,23,0,weather
N37164,23,2,sports
N16741,23,1,lifestyle
N37406,23,0,news
N60336,23,1,travel
N16692,23,1,news
N43540,23,1,sports
N28221,23,3,news
N29418,23,0,sports
N25412,23,1,sports
N60222,23,0,lifestyle
N28408,23,3,sports
N15785,23,1,weather
N3780,23,1,weather
N37786,23,1,lifestyle
N25305,23,0,tv
N59770,23,3,news
N7741,23,2,news
N16197,23,1,sports
N3279,23,3,news
N44795,23,2,travel
N20386,23,3,sports
N3113,23,3,sports
N54653,23,0,sports
N51217,23,1,foodanddrink
N64598,23,2,travel
N54869,23,0,news
N6463,23,1,news
N54876,23,3,lifestyle
N62632,23,3,foodanddrink
N36622,23,0,autos
N5115,23,2,weather
N55041,23,1,news
N64778,23,2,news
N50865,23,0,sports
N10432,23,0,foodanddrink
N44519,23,3,sports
N27555,23,0,lifestyle
N12547,23,0,sports
N61039,23,6,news
N33135,23,4,sports
N23440,23,2,music
N44476,23,2,finance
N44461,23,3,sports
N5553,23,0,sports
N19589,23,0,news
N12977,23,1,movies
N54466,23,0,finance
N9489,23,3,music
N20456,23,0,sports
N13543,23,0,lifestyle
N2141,23,3,sports
N53219,23,3,sports
N34967,23,2,news
N26972,23,3,video
N899,23,1,finance
N33401,23,0,news
N10785,23,1,health
N52485,23,2,sports
N30633,23,0,music
N63960,23,0,news
N4508,23,2,news
N30554,23,3,weather
N13825,23,6,news
N52016,23,0,sports
N39532,23,1,news
N64148,23,0,sports
N36504,23,1,sports
N40243,23,2,sports
N51767,23,2,news
N54257,23,0,news
N54376,23,2,sports
N14036,23,0,finance
N20479,23,3,lifestyle
N62883,23,1,sports
N45953,23,3,news
N55386,23,0,lifestyle
N49139,23,1,news
N56721,23,1,finance
N6836,23,2,news
N46311,23,4,news
N14857,23,0,news
N28579,23,6,sports
N18028,23,1,news
N46272,23,2,finance
N24506,23,0,travel
N31662,23,1,news
N18729,23,9,sports
N49138,23,0,news
N9549,23,0,news
N61694,23,0,travel
N36943,23,3,news
N18600,23,0,music
N24310,23,0,sports
N38587,23,1,weather
N61614,23,0,travel
N35640,23,0,music
N15074,23,4,sports
N57104,23,1,news
N61849,23,3,sports
N5650,23,0,autos
N44287,23,2,finance
N43746,23,0,news
N47967,23,1,news
N55919,23,2,sports
N12312,23,0,music
N9753,23,2,news
N56091,23,1,travel
N35722,23,1,autos
N49799,23,1,music
N53037,23,0,news
N4841,23,1,news
N19060,23,1,news
N61395,23,0,news
N57817,23,1,finance
N56347,23,2,news
N56356,23,0,sports
N48420,23,0,news
N49553,23,1,lifestyle
N3252,22,1,lifestyle
N33396,22,2,health
N30835,22,0,travel
N3471,22,1,finance
N4152,22,0,foodanddrink
N34028,22,0,news
N38461,22,0,video
N37385,22,0,sports
N29767,22,1,sports
N28858,22,0,news
N37036,22,1,foodanddrink
N36379,22,0,lifestyle
N34438,22,0,autos
N39756,22,2,news
N38940,22,0,news
N40365,22,2,travel
N37646,22,0,foodanddrink
N34073,22,0,news
N41848,22,0,news
N39003,22,0,news
N33141,22,0,finance
N33145,22,3,lifestyle
N35139,22,7,sports
N34059,22,0,sports
N30166,22,3,sports
N32158,22,1,news
N33697,22,0,foodanddrink
N3160,22,1,sports
N32583,22,0,sports
N35338,22,2,entertainment
N33870,22,1,travel
N37304,22,2,foodanddrink
N38644,22,1,sports
N39219,22,4,video
N30309,22,0,entertainment
N34642,22,1,news
N40395,22,3,travel
N30041,22,0,travel
N35160,22,1,weather
N3073,22,2,travel
N34640,22,0,weather
N2414,22,3,sports
N44351,22,1,lifestyle
N59317,22,1,weather
N48486,22,1,lifestyle
N54214,22,0,sports
N57216,22,3,sports
N60865,22,1,news
N24803,22,0,finance
N14367,22,2,video
N54018,22,0,news
N48327,22,4,news
N5728,22,0,news
N27073,22,0,lifestyle
N14372,22,0,autos
N52229,22,0,news
N60969,22,1,sports
N55997,22,1,news
N679,22,1,news
N52343,22,1,travel
N55977,22,0,health
N48168,22,1,sports
N16062,22,1,travel
N5820,22,1,news
N44872,22,1,news
N48853,22,0,news
N51704,22,0,news
N64728,22,2,news
N58653,22,2,sports
N27614,22,3,news
N64735,22,2,news
N51727,22,2,finance
N22374,22,3,sports
N58662,22,0,news
N44575,22,0,news
N14338,22,2,sports
N24401,22,1,sports
N19821,22,1,lifestyle
N51889,22,0,news
N64918,22,0,travel
N27406,22,0,news
N27387,22,2,music
N59320,22,2,sports
N20554,22,2,sports
N26968,22,0,news
N61180,22,0,sports
N45312,22,2,health
N16132,22,1,autos
N11762,22,1,finance
N53364,22,1,news
N60024,22,2,weather
N47219,22,4,sports
N21251,22,1,finance
N58969,22,0,autos
N59024,22,0,news
N46545,22,1,lifestyle
N55652,22,0,news
N26193,22,0,travel
N57783,22,0,autos
N53168,22,0,news
N7688,22,2,news
N59094,22,0,weather
N7684,22,0,news
N25776,22,0,news
N2594,22,0,foodanddrink
N46746,22,0,sports
N61880,22,0,music
N61888,22,1,sports
N57328,22,2,news
N20873,22,3,sports
N6868,22,2,lifestyle
N61204,22,2,news
N61212,22,3,finance
N60243,22,0,weather
N15329,22,1,sports
N4554,22,0,foodanddrink
N26762,22,1,news
N55924,22,0,news
N25127,22,2,lifestyle
N59978,22,3,sports
N53799,22,1,sports
N7085,22,2,travel
N61469,22,2,foodanddrink
N62059,22,2,lifestyle
N46225,22,1,news
N16911,22,0,sports
N47454,22,3,travel
N11351,22,1,sports
N44357,22,3,news
N56072,22,0,finance
N22809,22,0,travel
N51100,22,0,finance
N55056,22,0,sports
N62766,22,1,weather
N56488,22,0,sports
N50485,22,2,travel
N28224,22,5,news
N50463,22,2,video
N44205,22,0,tv
N63859,22,1,autos
N51373,22,1,lifestyle
N23981,22,0,sports
N19034,22,0,news
N50387,22,7,sports
N13135,22,0,news
N50232,22,0,news
N43877,22,1,news
N59773,22,0,news
N43819,22,1,sports
N51314,22,2,weather
N50931,22,1,foodanddrink
N50122,22,0,weather
N49350,22,0,news
N64564,22,0,news
N50700,22,1,health
N15836,22,1,news
N43312,22,1,foodanddrink
N25147,21,0,health
N26684,21,0,news
N29527,21,0,news
N60226,21,1,video
N25095,21,6,music
N11225,21,0,health
N7739,21,0,sports
N45609,21,2,health
N59957,21,0,news
N58935,21,2,travel
N11262,21,0,sports
N41667,21,0,weather
N53741,21,0,weather
N29486,21,1,news
N17975,21,0,health
N47904,21,2,news
N58506,21,2,video
N36743,21,0,news
N5908,21,0,sports
N19466,21,3,sports
N17225,21,0,news
N18989,21,3,news
N24903,21,0,foodanddrink
N42589,21,1,autos
N30605,21,3,news
N54799,21,0,health
N50215,21,1,weather
N2100,21,0,news
N53181,21,1,news
N7674,21,1,sports
N2957,21,2,sports
N32045,21,0,sports
N62186,21,2,travel
N5513,21,0,entertainment
N28146,21,2,travel
N25219,21,3,news
N7600,21,0,news
N57942,21,0,autos
N47165,21,0,lifestyle
N2838,21,4,sports
N16140,21,0,travel
N26166,21,0,news
N16596,21,0,travel
N25543,21,8,news
N15993,21,0,weather
N63691,21,2,lifestyle
N53048,21,1,sports
N53154,21,0,sports
N58500,21,0,travel
N30734,21,0,foodanddrink
N21456,21,1,sports
N37947,21,0,finance
N7519,21,2,sports
N50653,21,1,news
N775,21,0,news
N4695,21,0,news
N29388,21,0,movies
N50518,21,0,foodanddrink
N55589,21,0,tv
N38898,21,0,video
N19586,21,0,sports
N46024,21,3,travel
N25266,21,2,news
N47695,21,0,entertainment
N21039,21,0,news
N39955,21,2,sports
N26408,21,0,lifestyle
N47645,21,0,sports
N53222,21,0,lifestyle
N43834,21,0,lifestyle
N61791,21,1,video
N21344,21,0,news
N25410,21,0,news
N11354,21,0,health
N35570,21,2,autos
N42910,21,0,news
N49761,21,0,lifestyle
N5428,21,0,foodanddrink
N31703,21,0,video
N58713,21,0,sports
N22606,21,0,tv
N52236,21,4,foodanddrink
N30502,21,0,news
N48630,21,0,movies
N54716,21,0,sports
N32571,21,3,weather
N24398,21,0,travel
N14313,21,0,news
N37146,21,2,video
N486,21,0,video
N3034,21,1,video
N13034,21,1,news
N1684,21,2,sports
N62856,21,1,sports
N37343,21,0,weather
N10522,21,0,sports
N10846,21,0,news
N41142,21,0,weather
N54554,21,0,sports
N10332,21,0,travel
N29871,21,0,sports
N30433,21,1,travel
N62528,21,3,entertainment
N9492,21,3,travel
N28676,21,1,sports
N54510,21,0,weather
N51536,21,2,news
N51563,21,0,news
N14245,21,2,news
N2874,21,2,music
N24269,21,2,news
N44499,21,0,health
N3610,21,0,weather
N18483,21,2,news
N51344,21,0,tv
N2138,21,2,sports
N31971,21,0,news
N37476,21,0,sports
N48403,21,0,news
N60848,21,1,sports
N62389,21,1,news
N15923,21,0,foodanddrink
N16851,21,5,sports
N23651,21,2,news
N42666,21,2,finance
N32499,21,0,news
N35761,21,0,autos
N33568,21,2,news
N56603,21,1,news
N52125,21,2,weather
N24126,20,2,news
N49575,20,0,news
N12706,20,0,news
N55746,20,0,lifestyle
N11736,20,0,news
N64120,20,0,lifestyle
N53126,20,2,news
N40574,20,2,sports
N30455,20,4,sports
N23255,20,0,autos
N40700,20,1,autos
N31853,20,0,foodanddrink
N62218,20,4,sports
N24386,20,1,lifestyle
N24933,20,0,news
N63701,20,0,travel
N4186,20,0,weather
N38882,20,0,news
N12021,20,0,news
N64776,20,0,weather
N21381,20,0,movies
N7640,20,0,news
N43259,20,0,news
N55981,20,0,sports
N51699,20,1,video
N12812,20,0,sports
N7627,20,2,sports
N49274,20,1,music
N34046,20,1,news
N32458,20,0,travel
N64770,20,0,sports
N36502,20,0,news
N50713,20,0,autos
N56930,20,1,travel
N51621,20,0,foodanddrink
N50701,20,1,sports
N16628,20,0,news
N52345,20,2,news
N16414,20,0,health
N64441,20,1,news
N5186,20,0,travel
N48841,20,1,news
N41485,20,1,entertainment
N57497,20,0,finance
N22874,20,0,lifestyle
N33542,20,0,lifestyle
N38678,20,3,sports
N48619,20,1,news
N47712,20,0,sports
N33184,20,1,news
N47713,20,1,news
N65073,20,1,lifestyle
N49878,20,0,news
N7010,20,0,movies
N65015,20,0,sports
N41621,20,1,news
N18401,20,1,news
N13063,20,0,health
N56071,20,0,news
N59204,20,1,health
N25856,20,0,weather
N50021,20,5,sports
N51130,20,0,travel
N24711,20,0,news
N48683,20,0,news
N6387,20,2,sports
N38437,20,2,autos
N51890,20,1,news
N25502,20,3,news
N30645,20,1,foodanddrink
N41282,20,3,news
N19197,20,0,video
N33025,20,1,news
N38358,20,1,news
N41041,20,1,news
N40734,20,0,finance
N57502,20,0,news
N48791,20,1,video
N47666,20,0,finance
N14268,20,1,travel
N31509,20,0,news
N30630,20,0,weather
N63336,20,0,travel
N38381,20,1,sports
N2537,20,0,news
N14670,20,0,weather
N14664,20,1,news
N49740,20,1,foodanddrink
N52242,20,0,sports
N13645,20,0,news
N20854,20,0,autos
N44950,20,0,news
N46058,20,0,news
N61476,20,1,sports
N17563,20,1,news
N60221,20,2,sports
N27599,20,2,foodanddrink
N875,20,1,news
N60843,20,0,movies
N20661,20,0,news
N393,20,0,news
N4503,20,1,news
N54188,20,0,video
N57984,20,5,news
N20122,20,0,foodanddrink
N17536,20,1,weather
N43680,20,0,news
N15331,20,0,news
N42678,20,1,sports
N3103,20,2,news
N46248,20,1,news
N45449,20,0,travel
N15501,20,0,lifestyle
N46051,20,1,news
N15174,20,2,news
N9672,20,0,news
N8616,20,1,news
N34809,20,0,news
N17747,20,1,sports
N54729,20,1,entertainment
N53831,20,0,news
N53984,20,1,autos
N44352,20,0,news
N20912,20,2,news
N54615,20,1,sports
N17867,20,0,news
N43929,20,0,weather
N28884,20,2,tv
N31120,20,0,weather
N20957,20,0,news
N43863,20,1,news
N4513,20,0,sports
N43033,20,0,news
N38002,20,0,news
N26524,20,1,sports
N5451,20,2,sports
N58945,20,2,news
N37318,20,4,news
N17765,20,0,sports
N5782,20,0,video
N46532,20,0,news
N11359,20,0,video
N17475,20,1,news
N7796,20,1,news
N26066,20,1,health
N60324,20,0,sports
N34921,20,2,news
N115,20,0,news
N3462,20,8,news
N44663,20,2,sports
N1155,20,1,sports
N28483,20,1,sports
N8371,20,0,sports
N9932,20,0,news
N60310,20,0,news
N26985,20,2,news
N3407,20,0,news
N42094,20,0,sports
N10697,20,0,news
N25909,20,0,finance
N35328,20,0,sports
N28438,20,0,news
N31296,20,0,health
N16047,20,1,news
N27003,20,3,sports
N26124,20,2,lifestyle
N4488,20,1,health
N42939,20,2,news
N21204,20,0,weather
N45357,20,0,news
N16013,20,0,health
N34401,20,0,foodanddrink
N20037,20,1,sports
N27694,20,0,news
N9322,20,2,finance
N17407,20,0,sports
N43994,20,0,sports
N46482,20,0,news
N44585,20,0,tv
N46500,20,0,news
N39176,20,1,sports
N54386,20,0,news
N5780,20,0,weather
N49376,19,1,news
N49522,19,0,weather
N3763,19,0,travel
N64644,19,0,finance
N51638,19,2,autos
N225,19,0,news
N16713,19,2,sports
N34763,19,0,news
N29887,19,0,news
N54648,19,1,sports
N4680,19,4,travel
N60620,19,1,movies
N29868,19,0,music
N12669,19,0,lifestyle
N54333,19,4,news
N37671,19,0,weather
N58671,19,2,news
N39106,19,0,news
N10500,19,0,video
N35918,19,1,news
N27552,19,0,finance
N59925,19,0,lifestyle
N17625,19,0,news
N44489,19,0,sports
N59384,19,2,sports
N33218,19,0,sports
N64780,19,2,news
N35948,19,0,news
N49148,19,0,sports
N9487,19,0,finance
N42866,19,0,news
N34819,19,0,news
N56936,19,1,lifestyle
N13099,19,1,sports
N60598,19,1,weather
N56519,19,0,music
N63259,19,1,news
N38,19,0,foodanddrink
N37287,19,0,sports
N59749,19,0,finance
N50266,19,0,news
N20092,19,0,foodanddrink
N33340,19,1,sports
N10143,19,0,sports
N4048,19,1,movies
N54918,19,1,news
N63938,19,0,news
N13370,19,0,news
N54983,19,1,sports
N63316,19,1,news
N982,19,1,news
N36115,19,0,finance
N13726,19,0,news
N59544,19,1,sports
N31314,19,3,weather
N22935,19,0,entertainment
N55052,19,1,news
N28251,19,0,travel
N36412,19,0,foodanddrink
N39174,19,1,weather
N38718,19,1,sports
N37941,19,2,foodanddrink
N50924,19,0,weather
N634,19,1,tv
N28389,19,1,news
N4064,19,0,sports
N58593,19,1,travel
N5020,19,1,news
N63242,19,0,sports
N64036,19,1,finance
N62738,19,0,autos
N9530,19,2,sports
N1665,19,0,travel
N62749,19,1,news
N2393,19,1,music
N55218,19,0,weather
N6281,19,1,finance
N44022,19,2,weather
N30372,19,1,news
N62844,19,0,autos
N10305,19,0,finance
N14077,19,1,sports
N27871,19,3,sports
N29981,19,0,news
N43976,19,1,travel
N43975,19,0,lifestyle
N40983,19,0,foodanddrink
N51917,19,0,finance
N50,19,2,lifestyle
N40953,19,0,news
N40443,19,1,travel
N31325,19,4,lifestyle
N43019,19,0,travel
N6410,19,0,sports
N54743,19,0,news
N63108,19,2,sports
N1638,19,0,news
N3456,19,1,news
N50177,19,0,travel
N27446,19,0,sports
N1980,19,1,news
N11376,19,1,news
N33854,19,0,sports
N17918,19,3,music
N14736,19,0,foodanddrink
N30931,19,0,foodanddrink
N57821,19,0,finance
N38427,19,1,news
N42306,19,2,news
N33882,19,0,finance
N39548,19,0,lifestyle
N39998,19,1,news
N52395,19,2,finance
N45346,19,1,news
N1110,19,0,sports
N62456,19,0,news
N14751,19,0,news
N24928,19,4,news
N46304,19,1,news
N37420,19,1,travel
N7938,19,1,entertainment
N19415,19,0,finance
N7987,19,1,autos
N27036,19,1,sports
N45227,19,0,sports
N15516,19,0,autos
N18057,19,0,news
N31386,19,0,travel
N55461,19,0,news
N1227,19,0,movies
N57452,19,0,weather
N25322,19,0,news
N21123,19,0,travel
N38386,19,1,news
N47697,19,0,travel
N36797,19,1,health
N35169,19,0,news
N38164,19,0,foodanddrink
N35612,19,1,sports
N8070,19,2,sports
N62147,19,0,news
N17120,19,1,sports
N45901,19,1,sports
N53841,19,0,news
N61993,19,1,news
N55522,19,1,health
N1937,19,0,travel
N45816,19,1,sports
N36772,19,0,sports
N8089,19,0,health
N53504,19,1,sports
N12033,19,2,news
N5784,19,1,weather
N52553,19,3,news
N41779,19,0,lifestyle
N6166,19,0,autos
N2636,19,1,sports
N45208,19,3,sports
N4506,19,2,autos
N32242,19,0,finance
N15682,19,0,weather
N44979,19,1,music
N19459,19,0,news
N34090,19,0,sports
N48533,19,1,weather
N22227,19,0,news
N29734,19,0,news
N14962,19,1,kids
N46937,19,2,news
N42727,19,0,weather
N19738,19,0,news
N7593,19,0,weather
N48622,19,0,sports
N32723,19,1,news
N16051,19,0,news
N34420,19,1,tv
N16147,19,1,lifestyle
N42007,19,2,sports
N12570,19,2,news
N57725,19,1,finance
N62422,19,0,lifestyle
N62436,19,0,movies
N29693,19,0,lifestyle
N24716,19,2,news
N53073,19,0,sports
N52134,19,0,sports
N54033,19,0,news
N21463,19,0,weather
N58985,19,0,finance
N14854,19,0,news
N57260,19,1,autos
N52154,19,0,lifestyle
N2712,19,0,sports
N14829,19,0,foodanddrink
N55407,19,3,video
N41455,19,0,sports
N60265,19,0,sports
N40085,19,1,news
N15572,19,0,lifestyle
N33043,18,1,sports
N22955,18,1,news
N13738,18,3,sports
N61586,18,2,finance
N13702,18,1,finance
N36873,18,3,sports
N30834,18,0,sports
N39213,18,1,video
N53332,18,0,weather
N6020,18,3,news
N20063,18,1,foodanddrink
N39861,18,3,sports
N23009,18,2,news
N59959,18,0,news
N53227,18,0,weather
N13838,18,0,news
N3981,18,0,sports
N61677,18,0,news
N53108,18,0,autos
N31562,18,0,tv
N21594,18,4,sports
N36941,18,0,autos
N36372,18,1,sports
N15082,18,0,news
N3717,18,0,sports
N60470,18,0,movies
N20186,18,0,weather
N56161,18,0,news
N30422,18,0,lifestyle
N3911,18,0,finance
N40333,18,2,news
N36706,18,1,sports
N52210,18,0,sports
N5454,18,1,news
N31500,18,0,news
N39325,18,1,sports
N54035,18,0,lifestyle
N39329,18,2,lifestyle
N37445,18,1,news
N54486,18,0,health
N39338,18,3,sports
N60299,18,0,travel
N52095,18,0,news
N62524,18,0,news
N5176,18,2,sports
N40281,18,2,sports
N51816,18,0,travel
N60771,18,1,health
N15806,18,0,weather
N33192,18,0,sports
N2054,18,2,lifestyle
N16050,18,0,travel
N19819,18,0,sports
N20802,18,0,travel
N6225,18,0,sports
N32646,18,0,entertainment
N39514,18,0,news
N15220,18,0,foodanddrink
N39221,18,0,foodanddrink
N14032,18,1,news
N62893,18,0,news
N22728,18,1,weather
N37030,18,0,travel
N1456,18,0,lifestyle
N40423,18,2,news
N59945,18,0,sports
N62174,18,2,sports
N20264,18,2,news
N36555,18,0,sports
N52449,18,2,health
N21921,18,0,foodanddrink
N55217,18,5,news
N39579,18,0,lifestyle
N22596,18,0,travel
N55230,18,1,finance
N61183,18,2,news
N16021,18,0,tv
N55253,18,0,news
N1450,18,7,sports
N61130,18,1,weather
N6262,18,3,news
N15471,18,1,news
N53152,18,0,lifestyle
N28446,18,0,news
N60307,18,0,lifestyle
N45149,18,1,sports
N29622,18,1,foodanddrink
N35713,18,1,news
N41544,18,1,news
N2961,18,1,news
N12234,18,0,news
N48176,18,0,health
N34297,18,1,sports
N42587,18,1,news
N26941,18,2,news
N12135,18,1,weather
N25018,18,0,news
N58015,18,1,news
N57980,18,0,news
N59250,18,0,foodanddrink
N6937,18,1,sports
N41626,18,5,travel
N47902,18,1,sports
N4560,18,0,news
N8184,18,1,sports
N42608,18,0,sports
N24848,18,1,video
N57423,18,1,sports
N48409,18,0,news
N17611,18,2,news
N58239,18,0,sports
N10668,18,0,sports
N10703,18,0,news
N24434,18,5,sports
N27357,18,2,sports
N59340,18,2,sports
N29766,18,1,news
N33734,18,0,lifestyle
N6485,18,0,sports
N44831,18,3,foodanddrink
N2973,18,0,sports
N42725,18,1,news
N24752,18,0,sports
N8947,18,0,foodanddrink
N65116,18,0,news
N12420,18,0,news
N34980,18,0,news
N38073,18,0,entertainment
N35634,18,0,news
N7006,18,0,sports
N10427,18,0,news
N46034,18,0,sports
N34208,18,0,weather
N59157,18,0,news
N7504,18,0,sports
N47085,18,2,news
N57690,18,0,lifestyle
N16973,18,0,sports
N47000,18,2,weather
N46177,18,0,travel
N26306,18,0,news
N7584,18,1,news
N46939,18,2,news
N42305,18,2,sports
N46764,18,2,sports
N46446,18,3,sports
N1702,18,0,movies
N4210,18,1,sports
N3778,18,2,music
N46612,18,0,sports
N11396,18,0,news
N57925,18,0,weather
N11718,18,2,sports
N57472,18,0,movies
N47157,18,0,sports
N35136,18,1,news
N11937,18,2,news
N45706,18,0,foodanddrink
N26648,18,0,music
N33945,18,0,foodanddrink
N17858,18,1,sports
N47585,18,1,lifestyle
N18118,18,1,tv
N18111,18,1,sports
N47476,18,1,sports
N294,18,1,news
N45748,18,0,news
N4242,18,0,sports
N7394,18,2,autos
N45891,18,1,news
N7408,18,2,travel
N26561,18,0,news
N45936,18,0,news
N25581,18,1,finance
N44448,18,0,video
N44861,18,0,news
N23700,18,0,travel
N64075,18,1,weather
N63969,18,1,news
N13246,18,0,sports
N59520,18,1,news
N56533,18,0,sports
N40886,18,0,news
N23591,18,2,sports
N27979,18,2,news
N50148,18,1,news
N5836,18,0,sports
N42918,18,1,lifestyle
N23722,18,2,sports
N23727,18,0,news
N43936,18,3,sports
N27874,18,0,news
N960,18,0,sports
N36153,18,0,travel
N36149,18,1,sports
N9551,18,2,travel
N9776,18,1,weather
N28566,18,2,news
N10146,18,1,autos
N18865,18,0,health
N40629,18,7,sports
N36371,18,1,finance
N37936,18,0,news
N23144,18,1,news
N50677,18,0,lifestyle
N13612,18,2,sports
N28263,18,1,sports
N63565,18,0,news
N43157,18,0,sports
N40695,18,1,health
N36329,18,0,weather
N28227,18,0,news
N58413,18,3,news
N9815,18,0,sports
N36278,18,0,finance
N34597,18,3,sports
N28541,18,2,sports
N64409,18,1,sports
N7818,18,0,finance
N18712,18,0,travel
N42882,18,2,news
N4958,18,0,sports
N1302,18,1,sports
N4946,18,2,weather
N9523,18,1,travel
N27693,18,0,health
N64583,18,2,sports
N34525,18,2,entertainment
N42913,18,3,sports
N44687,17,1,sports
N53595,17,0,entertainment
N9732,17,0,lifestyle
N43539,17,0,travel
N5501,17,2,entertainment
N9003,17,1,foodanddrink
N9504,17,0,news
N28222,17,0,health
N55553,17,2,tv
N42776,17,1,finance
N30912,17,0,travel
N54851,17,0,travel
N8065,17,0,news
N31131,17,0,lifestyle
N39189,17,0,sports
N3732,17,0,news
N39001,17,2,sports
N53742,17,0,autos
N27686,17,0,weather
N32619,17,0,news
N46109,17,1,travel
N9069,17,0,news
N60690,17,2,foodanddrink
N54282,17,0,weather
N31912,17,1,finance
N3523,17,0,sports
N39760,17,1,news
N43322,17,4,news
N61609,17,0,news
N34165,17,2,news
N26139,17,1,news
N44390,17,1,entertainment
N15065,17,1,finance
N17458,17,0,autos
N54531,17,1,sports
N31299,17,2,entertainment
N31105,17,0,finance
N10084,17,0,sports
N44534,17,1,foodanddrink
N34873,17,0,travel
N58634,17,1,sports
N43501,17,0,video
N61528,17,0,news
N1575,17,1,news
N1790,17,1,foodanddrink
N39732,17,3,news
N9156,17,2,news
N44805,17,1,news
N53828,17,0,video
N34238,17,0,finance
N58153,17,1,sports
N17761,17,0,lifestyle
N26983,17,0,sports
N28655,17,0,entertainment
N11041,17,0,news
N10269,17,0,travel
N55453,17,0,sports
N8503,17,2,sports
N8835,17,1,sports
N54710,17,0,sports
N55206,17,0,sports
N44010,17,0,sports
N8523,17,0,sports
N26852,17,1,sports
N8539,17,1,sports
N45209,17,0,finance
N27064,17,0,foodanddrink
N10859,17,3,weather
N2708,17,0,sports
N60900,17,1,autos
N8618,17,3,news
N5402,17,0,movies
N37843,17,2,sports
N28650,17,0,sports
N15629,17,0,sports
N4254,17,2,weather
N35067,17,1,travel
N60560,17,0,tv
N10719,17,1,sports
N27327,17,2,video
N15974,17,1,finance
N1526,17,0,sports
N60344,17,0,sports
N8125,17,0,travel
N27703,17,0,news
N8157,17,0,health
N28025,17,1,travel
N31217,17,1,news
N8996,17,1,news
N58620,17,2,news
N32729,17,2,sports
N20860,17,1,sports
N30933,17,0,lifestyle
N32731,17,1,foodanddrink
N31207,17,0,finance
N16016,17,2,health
N28592,17,1,sports
N27945,17,2,news
N43898,17,1,weather
N4649,17,0,news
N10401,17,0,news
N2772,17,3,travel
N17193,17,0,sports
N1760,17,0,news
N50793,17,0,news
N29741,17,0,news
N33600,17,0,video
N24342,17,3,news
N49046,17,1,finance
N49106,17,1,video
N16301,17,0,travel
N40327,17,0,foodanddrink
N12750,17,0,video
N49225,17,0,video
N19951,17,1,travel
N16758,17,0,news
N49297,17,1,news
N1913,17,0,travel
N5680,17,0,finance
N23956,17,1,tv
N2256,17,0,sports
N41046,17,0,travel
N22399,17,0,sports
N24354,17,1,sports
N48893,17,2,sports
N4859,17,0,news
N57241,17,0,weather
N57240,17,1,finance
N33155,17,0,finance
N33787,17,0,news
N14344,17,2,weather
N41402,17,1,sports
N64979,17,2,finance
N24372,17,1,sports
N48623,17,1,news
N37692,17,2,news
N12635,17,0,sports
N33740,17,0,health
N14291,17,1,autos
N4881,17,0,movies
N59800,17,0,weather
N62818,17,1,lifestyle
N48324,17,0,foodanddrink
N33594,17,0,foodanddrink
N63962,17,0,video
N51122,17,0,news
N40500,17,1,autos
N63940,17,0,sports
N56532,17,1,weather
N59730,17,0,news
N23317,17,1,sports
N63398,17,0,finance
N40558,17,3,travel
N13577,17,1,sports
N32401,17,2,sports
N36359,17,2,entertainment
N40591,17,0,sports
N63542,17,0,finance
N6349,17,2,autos
N63303,17,0,finance
N13272,17,0,sports
N50254,17,2,news
N50034,17,0,sports
N2266,17,2,sports
N1407,17,0,weather
N23792,17,0,foodanddrink
N33587,17,0,sports
N22735,17,0,news
N4094,17,0,sports
N23671,17,4,travel
N18855,17,3,sports
N23647,17,0,news
N18799,17,1,weather
N32373,17,2,sports
N23598,17,0,lifestyle
N64028,17,0,news
N50223,17,1,news
N62336,17,1,sports
N41884,17,1,lifestyle
N5220,17,3,news
N62216,17,0,sports
N61902,17,0,sports
N41917,17,1,sports
N18193,17,0,news
N3776,17,0,finance
N7526,17,0,health
N29322,17,0,news
N47940,17,2,sports
N57406,17,0,lifestyle
N11687,17,0,sports
N18024,17,0,sports
N47867,17,1,health
N14598,17,0,finance
N25257,17,0,sports
N33408,17,1,travel
N53069,17,2,news
N35591,17,0,travel
N14830,17,1,entertainment
N6612,17,2,music
N52699,17,0,sports
N14646,17,3,news
N41740,17,0,sports
N19401,17,0,autos
N11924,17,1,news
N36801,17,0,news
N7417,17,0,news
N61920,17,1,autos
N57555,17,1,autos
N57598,17,0,finance
N57586,17,1,news
N32993,17,0,music
N52374,17,0,sports
N38357,17,0,entertainment
N30606,17,1,foodanddrink
N55682,17,0,weather
N57301,17,0,news
N6753,17,0,sports
N46623,17,0,news
N38304,17,1,weather
N5232,17,0,news
N33845,17,0,sports
N26033,17,0,foodanddrink
N46577,17,0,finance
N18296,17,2,sports
N6616,17,0,news
N56022,17,0,news
N37765,17,1,news
N12169,17,0,weather
N48151,17,1,music
N53304,17,0,travel
N62243,17,0,sports
N59296,17,0,weather
N11572,17,1,sports
N19447,16,0,foodanddrink
N38335,16,0,lifestyle
N31409,16,1,news
N37512,16,0,foodanddrink
N58959,16,0,news
N38759,16,0,sports
N1897,16,1,news
N3824,16,0,weather
N16525,16,0,lifestyle
N57904,16,2,finance
N58464,16,0,video
N31570,16,0,foodanddrink
N316,16,2,news
N37548,16,0,entertainment
N38310,16,0,lifestyle
N58387,16,1,finance
N55751,16,0,travel
N56765,16,0,autos
N19618,16,1,news
N325,16,0,sports
N32311,16,2,weather
N3901,16,0,sports
N19648,16,1,foodanddrink
N57158,16,0,travel
N19212,16,2,finance
N18291,16,1,news
N32221,16,0,lifestyle
N58176,16,3,autos
N59263,16,0,sports
N17697,16,0,travel
N18335,16,2,sports
N56054,16,0,news
N58145,16,0,video
N19703,16,3,news
N56026,16,0,sports
N17715,16,0,lifestyle
N59380,16,1,news
N57049,16,0,sports
N56705,16,0,news
N37639,16,0,news
N56205,16,0,finance
N58348,16,1,sports
N37468,16,0,sports
N5950,16,0,lifestyle
N38793,16,1,sports
N18677,16,0,sports
N59413,16,0,sports
N594,16,2,weather
N58213,16,0,sports
N57415,16,3,lifestyle
N18170,16,0,lifestyle
N16784,16,0,finance
N58083,16,4,news
N58263,16,2,news
N32263,16,1,video
N57000,16,0,news
N55591,16,1,sports
N13721,16,0,sports
N31308,16,0,weather
N29054,16,1,news
N50039,16,0,travel
N8259,16,0,news
N4556,16,1,news
N49875,16,2,sports
N8219,16,1,sports
N8090,16,2,news
N6443,16,0,news
N45813,16,0,sports
N45961,16,0,travel
N34220,16,3,sports
N26471,16,0,news
N36487,16,0,sports
N64594,16,1,news
N8059,16,0,sports
N42361,16,0,news
N24174,16,0,lifestyle
N35951,16,1,news
N24246,16,0,weather
N55025,16,3,sports
N64794,16,0,news
N29123,16,0,travel
N29124,16,1,news
N50115,16,0,sports
N8322,16,2,lifestyle
N64003,16,3,sports
N50308,16,3,news
N22862,16,1,news
N13834,16,1,news
N45024,16,0,video
N51071,16,0,travel
N51059,16,2,sports
N40550,16,3,sports
N7577,16,1,lifestyle
N36404,16,1,sports
N10931,16,1,sports
N63483,16,1,sports
N33406,16,1,sports
N50645,16,1,news
N23274,16,1,news
N50537,16,0,sports
N45095,16,2,sports
N28891,16,0,sports
N63742,16,2,news
N45164,16,0,finance
N63798,16,1,music
N8483,16,1,video
N26954,16,1,news
N11341,16,0,lifestyle
N42328,16,1,sports
N488,16,0,news
N35645,16,2,news
N25161,16,0,news
N7680,16,0,finance
N11972,16,0,news
N11964,16,0,travel
N35608,16,1,health
N34067,16,0,news
N35580,16,0,news
N25942,16,0,sports
N7155,16,0,autos
N11858,16,0,sports
N11823,16,1,news
N730,16,1,kids
N7321,16,0,news
N47415,16,2,sports
N47370,16,0,sports
N7413,16,0,news
N7449,16,1,news
N29265,16,2,foodanddrink
N25588,16,0,travel
N7472,16,2,video
N25650,16,2,news
N25963,16,2,news
N47924,16,0,news
N4134,16,3,news
N69,16,0,news
N64940,16,0,travel
N7892,16,1,video
N12528,16,0,sports
N35777,16,1,sports
N35769,16,0,travel
N46486,16,0,lifestyle
N48448,16,0,news
N48425,16,1,travel
N7842,16,0,weather
N12410,16,0,sports
N29652,16,0,sports
N24837,16,1,sports
N48203,16,0,news
N35239,16,0,news
N11440,16,0,travel
N29574,16,0,news
N11469,16,0,news
N48037,16,5,sports
N4160,16,0,news
N24991,16,0,news
N33877,16,0,news
N22814,16,1,entertainment
N22948,16,0,finance
N6319,16,1,sports
N9442,16,1,sports
N2809,16,0,news
N539,16,0,foodanddrink
N43708,16,1,news
N53876,16,0,news
N9724,16,3,news
N53771,16,0,news
N15244,16,0,entertainment
N20993,16,1,foodanddrink
N15230,16,0,news
N9689,16,0,news
N9675,16,1,health
N15097,16,0,music
N53425,16,1,tv
N32945,16,2,news
N15001,16,0,sports
N39771,16,1,sports
N5329,16,1,news
N32957,16,0,news
N27967,16,0,news
N61706,16,0,finance
N10245,16,0,foodanddrink
N63132,16,1,sports
N21417,16,0,news
N28560,16,0,sports
N28196,16,0,travel
N31018,16,1,weather
N9914,16,1,news
N55000,16,0,foodanddrink
N9971,16,0,autos
N28486,16,0,news
N60450,16,1,travel
N20275,16,1,sports
N60507,16,2,news
N60509,16,0,music
N43343,16,0,sports
N37217,16,0,travel
N10070,16,1,weather
N15838,16,2,news
N32766,16,0,video
N43468,16,1,lifestyle
N54379,16,0,news
N5437,16,0,sports
N39394,16,2,news
N54317,16,0,lifestyle
N54310,16,0,news
N20544,16,0,finance
N20584,16,0,sports
N9838,16,0,news
N15683,16,0,news
N39890,16,0,news
N9569,16,0,sports
N22100,16,0,sports
N22020,16,1,sports
N22069,16,0,news
N62296,16,2,news
N22108,16,1,travel
N52120,16,1,sports
N22196,16,0,weather
N52020,16,1,sports
N51995,16,0,news
N22366,16,0,weather
N22441,16,0,travel
N51728,16,0,autos
N51629,16,1,news
N40359,16,0,video
N1074,16,0,travel
N8965,16,2,video
N40398,16,1,sports
N27205,16,2,news
N51331,16,0,news
N27545,16,2,sports
N35398,16,0,news
N40039,16,0,news
N36757,16,0,sports
N14615,16,1,sports
N30653,16,0,news
N52635,16,3,finance
N52766,16,0,video
N21617,16,1,foodanddrink
N36857,16,0,news
N9434,16,0,news
N21717,16,4,weather
N21941,16,0,news
N28747,16,2,foodanddrink
N52972,16,3,sports
N21507,16,0,finance
N34801,15,0,travel
N9222,15,1,weather
N59070,15,0,weather
N8019,15,3,sports
N10615,15,0,video
N17259,15,2,sports
N11581,15,2,news
N34360,15,0,lifestyle
N35370,15,0,news
N7944,15,0,entertainment
N58712,15,0,travel
N9889,15,0,news
N58929,15,0,travel
N10484,15,0,weather
N10499,15,0,lifestyle
N10215,15,1,news
N11145,15,0,health
N35072,15,0,news
N11333,15,0,news
N9287,15,1,sports
N37785,15,0,sports
N3411,15,0,sports
N7682,15,1,news
N9233,15,0,news
N58758,15,0,sports
N855,15,0,sports
N34228,15,2,sports
N58960,15,0,sports
N35931,15,3,news
N7564,15,0,weather
N11672,15,0,news
N14517,15,2,sports
N14483,15,0,video
N3250,15,1,entertainment
N14477,15,0,travel
N33147,15,1,finance
N14360,15,0,tv
N1628,15,1,sports
N62505,15,0,finance
N16346,15,0,sports
N62561,15,1,news
N62770,15,1,entertainment
N141,15,0,news
N32467,15,1,news
N1380,15,1,news
N16528,15,0,movies
N63552,15,0,news
N33453,15,1,news
N63710,15,0,news
N37551,15,1,lifestyle
N6187,15,0,travel
N60097,15,1,news
N1618,15,0,news
N60923,15,0,news
N60335,15,0,news
N60448,15,0,sports
N60534,15,1,news
N37213,15,1,news
N32692,15,0,video
N60623,15,0,video
N15773,15,0,sports
N15727,15,0,sports
N6105,15,1,sports
N61836,15,0,news
N3711,15,0,news
N37079,15,1,weather
N15294,15,0,health
N61353,15,1,news
N32879,15,0,news
N36991,15,1,travel
N14964,15,0,news
N6179,15,0,news
N638,15,0,sports
N63926,15,1,finance
N63992,15,2,video
N16883,15,0,news
N16813,15,0,lifestyle
N12670,15,1,sports
N12553,15,0,health
N35768,15,0,news
N12416,15,0,sports
N675,15,4,sports
N33846,15,0,sports
N35689,15,0,news
N6935,15,1,travel
N12688,15,2,sports
N12049,15,0,sports
N12017,15,1,news
N16905,15,1,travel
N7093,15,1,foodanddrink
N7094,15,1,foodanddrink
N7405,15,3,travel
N16957,15,0,news
N35428,15,1,sports
N35891,15,2,news
N64802,15,1,weather
N36233,15,1,sports
N1668,15,0,weather
N32376,15,0,news
N13219,15,3,foodanddrink
N13171,15,2,autos
N37552,15,0,foodanddrink
N1663,15,1,news
N13026,15,0,news
N36130,15,0,movies
N12984,15,0,weather
N64484,15,1,music
N33715,15,0,sports
N64551,15,0,news
N36063,15,1,news
N59432,15,0,sports
N12906,15,1,foodanddrink
N33653,15,0,news
N64675,15,1,news
N35992,15,0,news
N12701,15,1,news
N5854,15,1,news
N39480,15,1,news
N22651,15,0,news
N27627,15,1,video
N40478,15,0,health
N52750,15,0,news
N24956,15,0,sports
N56448,15,1,music
N40460,15,0,sports
N22807,15,0,weather
N27309,15,1,news
N51309,15,0,foodanddrink
N44860,15,0,sports
N56343,15,0,sports
N30314,15,2,travel
N54268,15,2,lifestyle
N31071,15,1,autos
N28845,15,1,autos
N21700,15,1,news
N47975,15,4,news
N46036,15,0,foodanddrink
N44985,15,0,sports
N38789,15,0,sports
N47118,15,2,news
N51060,15,0,travel
N51050,15,2,sports
N50808,15,0,finance
N56925,15,0,news
N44401,15,1,news
N23178,15,0,news
N56838,15,0,sports
N2762,15,0,sports
N31676,15,1,video
N46318,15,0,finance
N29324,15,0,news
N27579,15,0,finance
N47084,15,3,foodanddrink
N4450,15,0,lifestyle
N26833,15,0,news
N52869,15,0,news
N42357,15,0,weather
N54200,15,0,sports
N30259,15,0,foodanddrink
N56495,15,2,news
N44652,15,0,sports
N4045,15,0,sports
N29538,15,1,weather
N56141,15,0,sports
N40184,15,0,autos
N26665,15,2,foodanddrink
N55362,15,3,sports
N55284,15,0,news
N40033,15,1,autos
N22295,15,0,sports
N39154,15,0,foodanddrink
N55107,15,0,foodanddrink
N22275,15,0,travel
N55070,15,0,news
N47362,15,0,lifestyle
N25256,15,4,news
N45646,15,0,lifestyle
N52088,15,0,finance
N20127,15,1,news
N47610,15,0,news
N42590,15,1,foodanddrink
N40119,15,2,news
N26953,15,2,movies
N4515,15,1,news
N27135,15,2,tv
N47917,15,1,sports
N4785,15,0,sports
N38806,15,0,news
N19164,15,2,sports
N55993,15,1,news
N27157,15,0,news
N55848,15,0,sports
N4163,15,1,video
N45826,15,0,sports
N21790,15,0,news
N22582,15,1,news
N55580,15,0,sports
N25170,15,1,sports
N52464,15,0,news
N51617,15,0,news
N54571,15,1,entertainment
N55668,15,0,sports
N55609,15,0,finance
N26631,15,1,autos
N19569,15,0,news
N50649,15,1,news
N50862,15,1,sports
N50607,15,0,weather
N41194,15,0,sports
N49826,15,0,news
N23788,15,0,sports
N49994,15,0,weather
N46521,15,1,autos
N57952,15,0,sports
N29810,15,1,news
N50110,15,1,news
N48835,15,0,lifestyle
N53878,15,0,weather
N39570,15,1,finance
N40888,15,0,weather
N54014,15,2,sports
N38264,15,1,news
N4379,15,0,sports
N43918,15,1,sports
N53897,15,0,weather
N23423,15,3,weather
N48758,15,0,video
N27859,15,2,autos
N24074,15,0,autos
N49075,15,1,sports
N17998,15,0,news
N49087,15,0,sports
N49296,15,3,news
N21109,15,0,lifestyle
N17477,15,0,news
N53629,15,0,news
N46590,15,2,travel
N41116,15,0,sports
N53483,15,5,weather
N2119,15,0,finance
N49530,15,0,foodanddrink
N4346,15,2,travel
N17627,15,1,news
N53650,15,0,news
N29217,15,0,news
N49599,15,0,sports
N46549,15,0,sports
N41065,15,1,sports
N49600,15,1,news
N53386,15,2,weather
N49161,15,2,sports
N39567,15,2,news
N41269,15,1,foodanddrink
N45338,15,1,sports
N57142,15,2,lifestyle
N5733,15,0,news
N23296,15,1,sports
N23417,15,0,weather
N24754,15,0,travel
N48465,15,3,news
N38509,15,1,news
N23339,15,1,sports
N50559,15,0,lifestyle
N20838,15,2,sports
N26128,15,0,news
N46942,15,0,sports
N25774,15,3,finance
N23245,15,0,weather
N18477,15,1,sports
N27639,15,0,lifestyle
N48687,15,2,sports
N30105,15,0,news
N5059,15,0,weather
N54000,15,1,sports
N20858,15,1,finance
N5765,15,0,health
N7320,14,1,finance
N35490,14,0,lifestyle
N22138,14,0,news
N7336,14,0,lifestyle
N47066,14,0,sports
N21548,14,1,travel
N22042,14,0,video
N47428,14,0,autos
N14840,14,3,sports
N14487,14,0,weather
N774,14,0,sports
N25376,14,2,autos
N36877,14,0,news
N41901,14,0,sports
N3063,14,1,news
N52925,14,3,sports
N717,14,0,foodanddrink
N47477,14,1,sports
N7518,14,5,news
N14684,14,3,news
N7506,14,0,sports
N11622,14,2,sports
N21321,14,2,sports
N7630,14,0,video
N61998,14,0,sports
N7656,14,1,sports
N2563,14,0,finance
N33040,14,1,news
N42015,14,0,autos
N36942,14,3,sports
N21369,14,5,autos
N30668,14,0,weather
N32972,14,3,sports
N30788,14,0,lifestyle
N25654,14,2,weather
N62054,14,1,news
N47250,14,3,autos
N52672,14,0,sports
N62100,14,0,weather
N32950,14,0,sports
N5334,14,0,foodanddrink
N25970,14,1,sports
N3693,14,1,finance
N52582,14,1,lifestyle
N39922,14,0,news
N11617,14,0,news
N46639,14,1,travel
N46617,14,1,news
N42137,14,0,entertainment
N39919,14,1,sports
N52438,14,0,news
N35407,14,0,news
N23039,14,1,lifestyle
N52153,14,1,sports
N12588,14,3,sports
N50394,14,0,lifestyle
N50408,14,1,news
N13338,14,0,sports
N40817,14,1,news
N23384,14,1,autos
N48617,14,0,news
N41389,14,0,news
N23347,14,0,news
N24701,14,0,movies
N24717,14,1,travel
N23285,14,2,sports
N30162,14,0,finance
N29687,14,2,sports
N65083,14,0,weather
N24781,14,2,sports
N65137,14,0,sports
N30196,14,0,news
N29666,14,3,sports
N6546,14,0,finance
N6547,14,0,autos
N63517,14,1,news
N40842,14,0,news
N24489,14,0,sports
N58520,14,2,sports
N48783,14,0,news
N64688,14,0,sports
N24038,14,0,news
N36053,14,1,foodanddrink
N49509,14,0,travel
N29917,14,0,news
N64689,14,1,news
N64468,14,0,news
N41071,14,2,sports
N33620,14,0,news
N13020,14,0,weather
N48953,14,0,weather
N2999,14,2,sports
N4990,14,0,news
N24347,14,1,sports
N41237,14,0,news
N23694,14,0,news
N30027,14,2,weather
N50062,14,1,finance
N23599,14,0,news
N33728,14,1,news
N3355,14,0,sports
N24894,14,3,sports
N13707,14,0,finance
N47683,14,1,news
N22630,14,2,travel
N12014,14,0,news
N51561,14,0,travel
N47807,14,0,weather
N62579,14,0,news
N11969,14,0,weather
N40331,14,1,sports
N51752,14,0,news
N40307,14,0,weather
N41688,14,0,finance
N62502,14,0,travel
N1196,14,0,health
N22324,14,0,lifestyle
N7074,14,0,weather
N62441,14,0,finance
N25270,14,1,weather
N33932,14,0,entertainment
N62408,14,2,sports
N40169,14,0,news
N52113,14,0,news
N35600,14,0,sports
N62369,14,2,weather
N36581,14,0,news
N25112,14,1,sports
N50910,14,0,news
N22641,14,0,news
N6790,14,0,news
N50946,14,1,news
N50990,14,0,weather
N51024,14,2,sports
N63375,14,0,finance
N41549,14,2,video
N24896,14,0,travel
N13790,14,0,lifestyle
N48083,14,0,lifestyle
N12160,14,0,entertainment
N40469,14,0,lifestyle
N33862,14,0,weather
N63152,14,2,sports
N22755,14,0,news
N6302,14,0,news
N33303,14,1,finance
N12136,14,0,news
N29542,14,0,foodanddrink
N693,14,3,news
N25075,14,0,travel
N46592,14,1,video
N61507,14,0,foodanddrink
N1525,14,0,video
N35287,14,0,sports
N28771,14,0,finance
N27371,14,0,news
N27436,14,1,sports
N16561,14,1,sports
N59561,14,0,foodanddrink
N16590,14,2,video
N428,14,2,news
N189,14,1,news
N38673,14,1,news
N44646,14,0,travel
N10578,14,1,sports
N56610,14,0,news
N44571,14,1,sports
N32425,14,0,sports
N5948,14,1,finance
N10459,14,1,news
N16680,14,0,news
N9406,14,0,news
N2760,14,0,sports
N2761,14,4,sports
N9470,14,0,news
N10381,14,1,sports
N16782,14,1,weather
N1856,14,1,travel
N57055,14,1,news
N27338,14,1,sports
N38778,14,0,news
N3502,14,0,sports
N38936,14,3,weather
N10965,14,2,sports
N55374,14,2,autos
N45092,14,1,news
N55491,14,1,news
N32543,14,0,sports
N16125,14,1,sports
N60176,14,2,news
N35002,14,0,lifestyle
N60166,14,1,news
N8668,14,0,sports
N55759,14,0,health
N19406,14,1,foodanddrink
N59780,14,0,weather
N19403,14,0,travel
N56,14,0,music
N45043,14,2,news
N56095,14,1,news
N56140,14,1,foodanddrink
N27201,14,0,news
N53620,14,1,news
N34384,14,0,lifestyle
N31539,14,0,sports
N10786,14,0,news
N10741,14,1,news
N59375,14,1,finance
N42893,14,0,sports
N9502,14,1,sports
N58204,14,0,news
N28148,14,2,tv
N43632,14,0,finance
N43616,14,1,tv
N1717,14,0,news
N17757,14,0,foodanddrink
N58773,14,2,sports
N58121,14,1,news
N28520,14,0,news
N17710,14,0,finance
N43498,14,1,sports
N58718,14,1,foodanddrink
N17653,14,0,weather
N44348,14,0,video
N31996,14,0,finance
N17262,14,1,lifestyle
N9900,14,0,health
N9905,14,3,news
N43481,14,0,entertainment
N58314,14,1,sports
N58635,14,3,sports
N17589,14,0,entertainment
N58364,14,0,sports
N58383,14,0,news
N28430,14,0,weather
N17873,14,0,sports
N28569,14,3,autos
N17900,14,0,news
N28571,14,0,video
N38508,14,0,news
N42911,14,0,sports
N57417,14,0,sports
N38400,14,0,news
N10316,14,1,sports
N42948,14,1,sports
N59160,14,2,weather
N4296,14,0,lifestyle
N16986,14,0,news
N57721,14,0,news
N10271,14,0,autos
N57740,14,1,sports
N17973,14,0,health
N17035,14,1,sports
N5904,14,3,sports
N59025,14,1,news
N32220,14,1,sports
N43728,14,0,health
N58990,14,0,news
N17936,14,4,sports
N5897,14,0,news
N57819,14,1,sports
N17103,14,0,sports
N55226,14,1,sports
N36001,14,1,sports
N54249,14,0,news
N54541,14,3,finance
N26232,14,1,sports
N46412,14,0,travel
N20415,14,1,sports
N26135,14,0,news
N791,14,0,video
N15453,14,0,video
N4226,14,0,sports
N5466,14,0,sports
N613,14,2,video
N15426,14,0,news
N30962,14,1,travel
N39559,14,3,finance
N8104,14,1,news
N42476,14,0,weather
N32834,14,0,travel
N39282,14,0,weather
N29049,14,0,foodanddrink
N53974,14,0,news
N39465,14,0,travel
N35163,14,0,autos
N3944,14,1,sports
N26343,14,0,news
N11293,14,0,news
N42339,14,0,weather
N29087,14,0,news
N54147,14,2,lifestyle
N4630,14,1,sports
N54326,14,0,news
N5407,14,0,travel
N15738,14,0,finance
N20688,14,2,news
N31087,14,0,finance
N20691,14,0,sports
N60888,14,1,finance
N15593,14,1,sports
N15875,14,1,travel
N42241,14,2,news
N20628,14,3,sports
N45595,14,1,travel
N35055,14,0,news
N45444,14,0,video
N15990,14,2,news
N20113,14,0,health
N46531,14,0,news
N8480,14,0,video
N21003,14,0,news
N8267,14,1,entertainment
N7838,14,0,news
N11470,14,3,lifestyle
N61361,14,0,travel
N8375,14,2,sports
N15909,14,0,sports
N2088,14,0,sports
N45246,14,1,sports
N6146,14,0,news
N15297,14,0,news
N37238,14,1,news
N45630,14,1,sports
N26987,14,1,news
N60513,14,1,news
N44002,13,0,travel
N46232,13,0,sports
N43334,13,0,news
N11456,13,0,sports
N9585,13,0,finance
N48720,13,0,autos
N44260,13,1,music
N27731,13,0,travel
N28355,13,0,health
N11492,13,2,sports
N48557,13,0,weather
N11533,13,0,news
N46594,13,0,finance
N48693,13,0,news
N25924,13,0,sports
N33749,13,0,sports
N24136,13,1,foodanddrink
N64786,13,1,news
N25951,13,0,sports
N11420,13,0,weather
N7874,13,0,autos
N43567,13,1,news
N43607,13,0,video
N42011,13,1,news
N12512,13,0,sports
N48919,13,1,autos
N46829,13,1,finance
N12695,13,0,video
N43716,13,0,weather
N1154,13,0,news
N46918,13,1,news
N466,13,1,news
N25795,13,0,sports
N49169,13,0,travel
N12763,13,0,foodanddrink
N24258,13,2,video
N7583,13,0,lifestyle
N24170,13,0,music
N12679,13,0,foodanddrink
N42595,13,3,news
N6505,13,0,sports
N26393,13,1,news
N29412,13,0,entertainment
N27255,13,0,sports
N11814,13,2,weather
N44871,13,0,travel
N45676,13,0,video
N8974,13,1,lifestyle
N47992,13,0,autos
N8975,13,0,sports
N6865,13,1,news
N27356,13,0,sports
N29009,13,2,health
N47314,13,0,sports
N6863,13,0,sports
N27455,13,0,news
N34446,13,0,travel
N11179,13,2,news
N26780,13,1,sports
N27165,13,0,news
N41677,13,0,weather
N28922,13,0,weather
N35007,13,0,news
N27066,13,0,news
N8606,13,0,news
N45163,13,2,news
N27005,13,0,video
N7090,13,3,music
N47661,13,1,autos
N8428,13,2,news
N41666,13,0,sports
N8698,13,0,foodanddrink
N29511,13,0,news
N8703,13,0,sports
N42529,13,0,sports
N9073,13,0,sports
N12205,13,0,finance
N42790,13,0,news
N34817,13,0,weather
N47216,13,1,sports
N11727,13,0,foodanddrink
N24783,13,0,sports
N29347,13,0,sports
N35037,13,2,news
N11289,13,0,news
N8020,13,0,video
N45986,13,0,news
N2765,13,0,autos
N34516,13,0,sports
N342,13,0,news
N27663,13,0,foodanddrink
N44322,13,1,news
N44302,13,0,finance
N47236,13,2,news
N24854,13,2,sports
N28785,13,0,video
N35471,13,0,travel
N9189,13,0,news
N47304,13,0,news
N42463,13,0,autos
N33839,13,0,news
N25529,13,0,weather
N47275,13,0,autos
N1224,13,1,news
N24882,13,1,lifestyle
N4459,13,0,travel
N45931,13,0,weather
N7444,13,0,sports
N44557,13,2,news
N48187,13,1,sports
N35716,13,0,autos
N1211,13,0,news
N58530,13,0,sports
N20241,13,0,weather
N56600,13,0,lifestyle
N2217,13,0,news
N52164,13,2,weather
N40116,13,0,sports
N18925,13,1,sports
N20837,13,1,news
N20254,13,0,health
N40097,13,0,autos
N61085,13,0,travel
N31590,13,0,autos
N53908,13,0,sports
N14495,13,0,news
N40050,13,0,lifestyle
N61237,13,0,sports
N61250,13,0,news
N16547,13,2,sports
N39590,13,1,news
N56469,13,0,news
N52542,13,0,travel
N52610,13,0,news
N52121,13,0,health
N56655,13,0,weather
N59645,13,1,sports
N62420,13,2,video
N60780,13,2,video
N62877,13,2,news
N376,13,1,news
N14076,13,1,finance
N568,13,0,autos
N60831,13,0,news
N51486,13,0,autos
N22595,13,0,lifestyle
N62780,13,0,sports
N54107,13,1,lifestyle
N37130,13,1,finance
N62590,13,0,news
N18733,13,2,sports
N51652,13,0,news
N20814,13,0,autos
N51780,13,0,finance
N20831,13,2,sports
N22315,13,0,sports
N2227,13,0,news
N56381,13,0,foodanddrink
N60322,13,4,sports
N54216,13,0,news
N12873,13,4,news
N38887,13,1,news
N53249,13,0,health
N61692,13,2,sports
N61670,13,0,travel
N53284,13,0,foodanddrink
N55898,13,2,sports
N59983,13,0,news
N61668,13,1,sports
N16216,13,2,sports
N55740,13,1,autos
N15155,13,0,news
N5337,13,1,news
N3695,13,1,movies
N161,13,0,travel
N55460,13,0,news
N16076,13,0,news
N53380,13,0,sports
N1508,13,0,finance
N61557,13,0,sports
N19285,13,0,lifestyle
N21376,13,0,weather
N19957,13,0,finance
N59813,13,0,news
N56368,13,1,health
N19040,13,1,lifestyle
N3067,13,0,sports
N368,13,1,sports
N59786,13,1,finance
N19047,13,0,finance
N61970,13,0,finance
N52803,13,2,news
N39635,13,2,foodanddrink
N21590,13,3,foodanddrink
N33022,13,0,news
N55142,13,0,news
N5287,13,0,news
N61393,13,0,news
N55252,13,1,sports
N5316,13,0,news
N39706,13,0,sports
N21388,13,1,sports
N53180,13,1,sports
N54811,13,3,sports
N56815,13,1,news
N3032,13,0,travel
N63994,13,0,health
N3781,13,1,sports
N17152,13,0,sports
N23527,13,0,video
N57936,13,0,movies
N57929,13,2,news
N5463,13,1,sports
N17937,13,0,sports
N37198,13,1,sports
N57799,13,0,news
N3354,13,3,sports
N6039,13,0,weather
N57763,13,1,news
N17978,13,0,sports
N13290,13,2,sports
N18001,13,1,lifestyle
N63890,13,0,news
N23356,13,2,news
N15808,13,0,news
N63834,13,0,news
N16716,13,1,finance
N64161,13,0,sports
N60580,13,1,weather
N36172,13,0,sports
N20298,13,0,movies
N60460,13,0,foodanddrink
N37971,13,1,video
N24056,13,2,news
N20258,13,1,video
N20283,13,2,weather
N41078,13,0,news
N54681,13,0,autos
N17305,13,0,lifestyle
N49578,13,0,finance
N36111,13,0,sports
N33614,13,0,finance
N3117,13,1,movies
N58237,13,1,news
N49678,13,1,foodanddrink
N17270,13,2,video
N3927,13,2,sports
N4103,13,0,video
N58731,13,0,news
N32151,13,0,news
N18027,13,0,sports
N13439,13,1,video
N63761,13,0,sports
N16814,13,1,video
N31229,13,0,news
N59308,13,1,sports
N635,13,0,news
N18399,13,0,music
N18426,13,0,travel
N63450,13,1,travel
N1372,13,0,foodanddrink
N40567,13,2,travel
N54810,13,0,news
N33355,13,0,news
N13633,13,1,sports
N57065,13,1,news
N15975,13,0,sports
N30279,13,0,sports
N63272,13,0,travel
N22870,13,1,sports
N16737,13,0,video
N56825,13,0,news
N15716,13,1,finance
N62959,13,0,finance
N37174,13,0,video
N53512,13,0,sports
N13497,13,0,sports
N31208,13,1,news
N59189,13,0,sports
N33433,13,0,news
N5917,13,0,tv
N38368,13,0,news
N13519,13,1,news
N40766,13,0,news
N60352,13,0,video
N18177,13,0,travel
N18182,13,0,news
N15768,13,1,foodanddrink
N50807,13,1,news
N30126,13,0,news
N37307,12,1,sports
N55366,12,0,video
N39104,12,2,travel
N8376,12,0,news
N37282,12,0,foodanddrink
N55067,12,1,autos
N8514,12,1,music
N60414,12,1,sports
N45516,12,0,news
N39181,12,1,news
N54981,12,0,lifestyle
N55256,12,0,weather
N54757,12,0,sports
N41144,12,0,news
N55442,12,1,foodanddrink
N34850,12,0,news
N38616,12,1,lifestyle
N56871,12,0,sports
N38589,12,0,health
N57112,12,0,finance
N57186,12,0,foodanddrink
N57356,12,0,news
N57382,12,0,news
N34794,12,1,video
N9562,12,0,foodanddrink
N59188,12,0,sports
N57632,12,0,autos
N5771,12,1,sports
N43053,12,2,sports
N43799,12,2,news
N43780,12,0,finance
N57851,12,1,sports
N58911,12,0,finance
N38134,12,0,finance
N58838,12,1,news
N58702,12,0,sports
N37895,12,0,weather
N34644,12,0,news
N9929,12,1,news
N43337,12,0,sports
N58505,12,3,sports
N44444,12,0,news
N9408,12,1,sports
N55707,12,0,news
N37595,12,1,news
N59868,12,1,news
N56208,12,0,news
N8910,12,0,video
N3747,12,0,sports
N44981,12,1,weather
N56213,12,0,news
N8967,12,0,foodanddrink
N56288,12,0,news
N59717,12,0,news
N597,12,0,sports
N59640,12,0,sports
N9023,12,1,news
N44668,12,0,news
N34935,12,2,sports
N37531,12,1,finance
N9150,12,0,sports
N5961,12,0,news
N59589,12,0,sports
N56487,12,0,news
N56557,12,0,travel
N56666,12,0,weather
N9306,12,0,travel
N44564,12,0,foodanddrink
N56740,12,2,sports
N59471,12,0,sports
N59550,12,1,lifestyle
N53605,12,0,video
N35104,12,1,news
N41536,12,0,sports
N48153,12,1,sports
N40507,12,2,news
N41558,12,0,finance
N3643,12,0,sports
N51033,12,0,news
N5085,12,0,movies
N50825,12,0,finance
N50581,12,0,entertainment
N41527,12,0,news
N48261,12,0,news
N40604,12,0,news
N50790,12,0,video
N48415,12,0,sports
N6355,12,2,travel
N51138,12,0,sports
N51202,12,0,sports
N63217,12,0,travel
N6313,12,0,foodanddrink
N62906,12,1,news
N35679,12,1,sports
N36525,12,1,sports
N47931,12,1,news
N51362,12,0,news
N51427,12,0,sports
N51468,12,0,sports
N47868,12,1,video
N62820,12,0,sports
N40382,12,0,news
N51523,12,1,weather
N47764,12,0,news
N51709,12,0,news
N63593,12,0,finance
N63616,12,0,music
N54671,12,0,news
N49662,12,0,travel
N64215,12,0,sports
N3617,12,0,news
N49819,12,1,foodanddrink
N49007,12,3,sports
N41210,12,0,sports
N49741,12,0,sports
N49621,12,1,sports
N36323,12,1,news
N492,12,0,lifestyle
N64732,12,0,autos
N49541,12,0,news
N64520,12,0,finance
N49449,12,0,foodanddrink
N35994,12,0,music
N40925,12,0,finance
N40914,12,1,sports
N50196,12,3,news
N50355,12,0,news
N48823,12,0,news
N48795,12,0,video
N40863,12,0,news
N41317,12,0,video
N3586,12,2,news
N41321,12,0,news
N50374,12,0,news
N63988,12,0,news
N64923,12,0,sports
N50401,12,0,sports
N65009,12,1,foodanddrink
N65041,12,0,weather
N48530,12,0,entertainment
N51939,12,0,news
N62418,12,0,autos
N62401,12,0,news
N36971,12,0,finance
N39628,12,0,sports
N39685,12,0,travel
N4216,12,0,sports
N46570,12,0,news
N61437,12,1,sports
N61544,12,0,lifestyle
N53379,12,0,sports
N41742,12,0,weather
N61628,12,3,lifestyle
N61654,12,0,news
N46711,12,0,sports
N53357,12,0,music
N42090,12,0,sports
N46772,12,3,sports
N42189,12,0,news
N61343,12,1,sports
N46474,12,0,autos
N39527,12,0,weather
N35214,12,0,foodanddrink
N60790,12,0,news
N35200,12,0,news
N60737,12,1,sports
N60736,12,1,news
N54229,12,0,health
N6073,12,2,sports
N54237,12,0,sports
N42388,12,0,weather
N54475,12,0,health
N39348,12,0,sports
N42424,12,0,weather
N60629,12,0,foodanddrink
N53309,12,0,sports
N46867,12,1,sports
N46904,12,2,sports
N35480,12,0,weather
N47588,12,1,sports
N47553,12,1,sports
N62326,12,0,news
N47537,12,1,sports
N52218,12,0,entertainment
N52272,12,0,travel
N47444,12,0,sports
N62252,12,1,sports
N47422,12,1,tv
N52357,12,0,news
N5236,12,0,travel
N47387,12,1,lifestyle
N52368,12,0,news
N40011,12,1,sports
N62158,12,0,movies
N46906,12,0,lifestyle
N3997,12,0,weather
N36791,12,2,sports
N52674,12,0,lifestyle
N52711,12,1,travel
N52734,12,0,travel
N52740,12,3,sports
N52821,12,0,news
N39914,12,6,news
N53038,12,1,news
N53058,12,0,news
N46959,12,2,weather
N5308,12,0,news
N61830,12,0,weather
N61790,12,0,weather
N38879,12,0,finance
N9999,12,2,sports
N2232,12,0,sports
N33080,12,0,news
N24415,12,0,news
N11606,12,1,news
N17017,12,0,foodanddrink
N24487,12,0,foodanddrink
N24503,12,0,music
N14496,12,1,weather
N28176,12,1,travel
N19550,12,1,sports
N28150,12,1,news
N24762,12,1,sports
N1443,12,1,entertainment
N15997,12,2,video
N34132,12,0,travel
N2488,12,0,news
N29751,12,0,sports
N24886,12,0,travel
N12368,12,0,lifestyle
N33116,12,0,finance
N25007,12,0,sports
N16080,12,0,sports
N11666,12,0,tv
N14403,12,0,sports
N1376,12,1,news
N19045,12,0,finance
N33223,12,0,news
N25097,12,0,finance
N14382,12,0,finance
N10125,12,1,news
N24390,12,0,sports
N24381,12,1,news
N2990,12,0,sports
N32909,12,0,sports
N15465,12,0,sports
N23762,12,0,weather
N20700,12,0,sports
N34381,12,0,autos
N2377,12,4,news
N20674,12,1,sports
N2053,12,0,sports
N32706,12,1,news
N20378,12,1,finance
N31379,12,2,news
N20277,12,0,lifestyle
N10808,12,1,video
N28490,12,1,foodanddrink
N12520,12,1,finance
N3132,12,0,news
N11589,12,0,video
N24268,12,1,news
N11591,12,0,travel
N12511,12,0,news
N14525,12,0,weather
N15769,12,0,foodanddrink
N15790,12,0,finance
N28343,12,0,weather
N28332,12,1,lifestyle
N13570,12,1,finance
N11600,12,0,news
N15840,12,2,news
N2784,12,0,news
N30926,12,2,sports
N25224,12,1,sports
N16600,12,0,autos
N17910,12,0,weather
N26013,12,1,news
N12152,12,1,weather
N12127,12,0,sports
N17814,12,0,weather
N33939,12,2,sports
N30553,12,0,sports
N17620,12,1,autos
N26357,12,0,lifestyle
N10184,12,0,sports
N33906,12,1,video
N30201,12,0,entertainment
N30218,12,0,news
N27209,12,1,sports
N26605,12,2,sports
N26687,12,0,sports
N26733,12,0,travel
N30239,12,0,lifestyle
N26741,12,0,video
N16929,12,0,finance
N14181,12,0,sports
N27168,12,0,sports
N26867,12,0,news
N30316,12,0,news
N27129,12,1,health
N17142,12,0,news
N17095,12,3,health
N17916,12,0,news
N12181,12,1,news
N30056,12,1,news
N259,12,2,sports
N10132,12,3,sports
N16254,12,0,travel
N11720,12,2,foodanddrink
N10895,12,0,news
N30829,12,0,news
N25475,12,0,sports
N1849,12,0,video
N25598,12,0,sports
N25611,12,0,news
N12263,12,0,news
N13932,12,0,video
N12262,12,0,autos
N30753,12,0,news
N30741,12,0,weather
N25695,12,0,autos
N33992,12,0,sports
N33971,12,0,lifestyle
N25775,12,3,news
N2749,12,0,autos
N18142,12,0,sports
N3397,12,0,news
N18115,12,0,news
N16508,12,0,news
N33562,12,1,sports
N27463,12,0,news
N18007,12,0,lifestyle
N13990,12,1,news
N28717,12,0,movies
N32964,12,0,news
N28978,12,0,tv
N11194,12,0,sports
N32486,12,0,lifestyle
N2279,12,2,sports
N31576,12,3,sports
N31742,12,0,news
N31594,12,1,news
N11285,12,1,news
N32433,12,0,news
N21034,12,1,sports
N23568,12,1,news
N34490,12,0,news
N29685,12,0,travel
N15336,12,0,lifestyle
N21126,12,1,weather
N31840,12,1,weather
N13053,12,1,travel
N12973,12,0,news
N29282,12,1,news
N22501,12,0,sports
N13058,12,1,news
N28963,12,0,finance
N31862,12,1,news
N21198,12,0,sports
N21200,12,0,news
N15011,12,0,news
N32132,12,0,sports
N21228,12,3,news
N14709,12,0,weather
N22982,12,0,weather
N21666,12,0,movies
N3182,12,2,news
N20895,12,1,sports
N32575,12,1,sports
N29160,12,1,sports
N22287,12,1,news
N20843,12,1,autos
N15146,12,0,travel
N34617,12,1,sports
N22868,12,1,news
N15070,12,0,sports
N31782,12,2,sports
N22144,12,1,sports
N22921,12,0,travel
N29126,12,0,sports
N22624,12,0,lifestyle
N12893,12,0,sports
N14862,12,1,news
N32305,12,0,news
N52765,11,1,sports
N9583,11,0,news
N21630,11,2,sports
N56804,11,2,news
N30718,11,0,video
N57437,11,0,video
N47551,11,0,news
N25730,11,0,sports
N51218,11,0,sports
N30715,11,0,movies
N51443,11,0,foodanddrink
N56802,11,0,sports
N47279,11,1,finance
N56784,11,1,news
N57,11,0,travel
N52617,11,2,news
N21867,11,0,sports
N46895,11,1,lifestyle
N1387,11,1,finance
N1812,11,3,sports
N47677,11,1,travel
N6776,11,2,sports
N47257,11,0,tv
N33493,11,0,autos
N22613,11,1,foodanddrink
N4717,11,2,tv
N1860,11,0,finance
N56904,11,0,weather
N47200,11,0,news
N21569,11,1,weather
N21670,11,1,news
N18447,11,0,video
N1864,11,0,travel
N1292,11,0,sports
N38371,11,1,news
N21689,11,1,sports
N36465,11,1,autos
N36414,11,2,foodanddrink
N13093,11,0,sports
N33474,11,0,health
N5740,11,0,sports
N6630,11,0,news
N25580,11,4,sports
N18203,11,2,sports
N8651,11,2,sports
N53983,11,1,sports
N18092,11,1,weather
N31963,11,0,travel
N1752,11,0,news
N46016,11,1,sports
N51758,11,0,weather
N58465,11,0,news
N1745,11,0,news
N58531,11,1,travel
N2243,11,0,autos
N17368,11,1,travel
N22392,11,0,news
N45804,11,1,travel
N3585,11,0,news
N40402,11,0,foodanddrink
N5222,11,1,foodanddrink
N64345,11,1,news
N62669,11,0,finance
N30647,11,0,sports
N52175,11,0,video
N33756,11,0,news
N26790,11,0,travel
N38077,11,0,sports
N38076,11,0,finance
N22273,11,0,lifestyle
N52008,11,0,news
N38062,11,0,news
N11878,11,0,news
N14204,11,0,foodanddrink
N17085,11,0,travel
N27020,11,2,sports
N17042,11,0,travel
N1704,11,0,health
N58418,11,0,foodanddrink
N26473,11,0,news
N26466,11,0,sports
N1411,11,0,sports
N52508,11,2,foodanddrink
N57661,11,0,news
N10251,11,1,sports
N22556,11,2,news
N51558,11,0,news
N52458,11,0,news
N21907,11,0,finance
N57772,11,0,news
N33273,11,1,video
N46708,11,0,travel
N8585,11,0,sports
N30573,11,0,foodanddrink
N64489,11,0,travel
N12149,11,0,foodanddrink
N57979,11,0,weather
N58023,11,0,news
N5235,11,1,sports
N12975,11,0,music
N46484,11,0,sports
N6914,11,0,lifestyle
N10961,11,0,weather
N22487,11,2,sports
N51700,11,0,video
N58315,11,0,news
N58319,11,0,sports
N38157,11,1,news
N14104,11,1,sports
N17567,11,0,news
N33674,11,1,news
N52914,11,0,news
N19003,11,1,news
N13832,11,1,weather
N31283,11,4,sports
N32504,11,1,sports
N54771,11,1,news
N31341,11,0,sports
N63660,11,1,autos
N49147,11,2,lifestyle
N39135,11,0,video
N49119,11,1,sports
N31581,11,0,news
N20074,11,0,sports
N63631,11,0,weather
N38664,11,0,news
N12502,11,0,news
N32869,11,1,news
N23517,11,2,news
N65057,11,0,sports
N12543,11,0,travel
N50348,11,1,video
N31260,11,0,video
N53508,11,1,autos
N55081,11,1,music
N48929,11,1,music
N38630,11,0,travel
N48927,11,0,news
N12730,11,0,sports
N3238,11,1,travel
N48924,11,1,news
N36978,11,0,sports
N24362,11,2,sports
N31192,11,1,sports
N505,11,0,video
N39054,11,0,sports
N24095,11,0,sports
N22896,11,0,entertainment
N23858,11,1,sports
N23708,11,0,sports
N32579,11,0,news
N53911,11,0,foodanddrink
N54042,11,0,movies
N54049,11,0,travel
N13409,11,0,news
N63888,11,0,sports
N37309,11,0,travel
N3883,11,0,sports
N49862,11,0,news
N53864,11,1,sports
N3884,11,1,sports
N54152,11,0,travel
N23845,11,0,news
N54302,11,0,sports
N53837,11,0,finance
N23684,11,0,news
N31469,11,1,sports
N37216,11,2,news
N20452,11,1,sports
N32702,11,0,music
N23988,11,0,autos
N20423,11,0,news
N54493,11,0,finance
N49488,11,1,news
N20383,11,0,news
N2408,11,0,video
N63737,11,1,video
N54567,11,0,travel
N2033,11,1,lifestyle
N48846,11,0,news
N55271,11,0,sports
N64012,11,0,news
N56255,11,0,finance
N5605,11,0,sports
N24970,11,0,sports
N50889,11,1,news
N53088,11,0,news
N39540,11,0,news
N56176,11,0,news
N21442,11,0,sports
N47982,11,1,news
N63360,11,0,news
N12345,11,1,sports
N38479,11,0,sports
N56237,11,0,health
N13753,11,0,lifestyle
N36668,11,0,news
N56260,11,0,video
N55317,11,0,autos
N13127,11,0,news
N56286,11,0,news
N39583,11,2,lifestyle
N53046,11,0,lifestyle
N47888,11,1,sports
N64857,11,0,health
N138,11,1,entertainment
N18996,11,2,news
N39595,11,1,news
N52984,11,0,finance
N56497,11,0,travel
N25118,11,0,sports
N39605,11,1,video
N18837,11,0,news
N38516,11,1,weather
N64654,11,1,sports
N53178,11,0,video
N55969,11,1,sports
N53390,11,0,news
N10553,11,0,lifestyle
N3928,11,0,sports
N48703,11,0,sports
N36901,11,1,finance
N33008,11,5,sports
N65141,11,0,autos
N24679,11,0,weather
N23226,11,0,tv
N21294,11,0,finance
N39380,11,1,autos
N24761,11,0,finance
N33028,11,0,news
N21371,11,2,sports
N23147,11,4,video
N55677,11,0,video
N55700,11,0,news
N48437,11,2,news
N55785,11,0,finance
N55792,11,0,sports
N8785,11,1,news
N10370,11,0,news
N31060,11,1,sports
N55887,11,0,foodanddrink
N64680,11,0,tv
N4836,11,0,news
N24826,11,1,news
N30994,11,0,video
N48238,11,1,sports
N59052,11,0,lifestyle
N41709,11,0,lifestyle
N9847,11,0,sports
N16256,11,1,lifestyle
N60458,11,1,lifestyle
N15912,11,0,news
N59967,11,0,sports
N41088,11,0,sports
N60956,11,0,lifestyle
N16697,11,1,sports
N61448,11,0,foodanddrink
N44825,11,0,finance
N27720,11,0,news
N11050,11,1,sports
N60921,11,0,sports
N9814,11,0,foodanddrink
N61936,11,0,news
N62066,11,0,sports
N11809,11,1,weather
N7703,11,0,sports
N62160,11,0,travel
N34844,11,0,news
N15834,11,1,sports
N15610,11,0,video
N60017,11,1,news
N28104,11,0,news
N62030,11,0,weather
N2781,11,0,news
N41469,11,0,news
N10010,11,0,lifestyle
N62041,11,1,weather
N43672,11,0,entertainment
N44880,11,0,news
N42904,11,0,sports
N16752,11,1,travel
N44186,11,0,sports
N42912,11,0,sports
N30192,11,0,news
N4092,11,1,news
N60427,11,0,news
N4297,11,0,sports
N60439,11,0,news
N60493,11,2,autos
N11547,11,0,news
N35636,11,0,foodanddrink
N43478,11,2,weather
N15217,11,1,news
N11573,11,0,video
N445,11,0,sports
N5966,11,0,sports
N14985,11,0,news
N35521,11,0,news
N29537,11,0,finance
N29220,11,0,music
N59708,11,1,finance
N62430,11,0,news
N7869,11,0,lifestyle
N30133,11,0,news
N16457,11,1,finance
N15226,11,0,video
N4334,11,0,news
N28305,11,0,sports
N8268,11,0,news
N34232,11,2,news
N11170,11,1,sports
N16622,11,0,sports
N41230,11,0,news
N44392,11,0,travel
N15621,11,0,lifestyle
N40862,11,1,travel
N41502,11,0,lifestyle
N29531,11,0,video
N41101,11,2,video
N3429,11,2,foodanddrink
N43538,11,0,sports
N59601,11,1,news
N43508,11,0,finance
N29036,11,1,sports
N61703,11,0,foodanddrink
N11771,11,0,sports
N59871,11,0,sports
N33959,11,0,news
N40808,11,0,sports
N11565,11,0,weather
N16778,11,0,sports
N15820,11,0,travel
N61011,11,0,sports
N28919,11,1,sports
N34650,11,0,news
N44983,11,1,sports
N59114,11,1,news
N8178,11,0,news
N44031,11,1,sports
N33894,11,1,sports
N7250,11,3,news
N29163,11,0,sports
N27837,11,0,music
N59270,11,2,sports
N59126,11,0,autos
N2872,11,1,video
N7537,11,0,news
N42847,11,0,news
N60316,11,0,foodanddrink
N60134,11,3,news
N45100,11,0,sports
N8432,11,1,sports
N42334,11,0,sports
N28829,11,1,news
N41449,11,0,tv
N43853,11,0,sports
N35663,11,1,finance
N43993,11,0,news
N8335,11,2,news
N60268,11,0,sports
N42862,11,1,sports
N43940,11,1,weather
N61604,11,1,weather
N34141,11,0,news
N61012,11,0,lifestyle
N62123,11,0,weather
N15353,11,1,sports
N34602,11,0,sports
N3568,11,1,lifestyle
N41406,11,2,sports
N14822,11,0,sports
N27185,11,1,sports
N60109,11,0,video
N44926,11,1,sports
N112,11,1,sports
N42869,11,2,finance
N9862,11,1,finance
N15170,11,1,sports
N35680,11,6,sports
N29189,11,0,sports
N10050,11,1,news
N7215,11,0,foodanddrink
N2717,11,0,news
N28804,11,0,health
N34609,11,1,news
N44934,11,1,sports
N48824,10,1,sports
N24424,10,1,news
N65090,10,1,lifestyle
N36733,10,1,sports
N14501,10,0,finance
N39256,10,0,video
N52950,10,0,lifestyle
N13731,10,1,travel
N19147,10,0,autos
N24964,10,0,video
N55264,10,0,news
N55090,10,0,news
N50603,10,1,sports
N34239,10,1,weather
N31245,10,0,weather
N41012,10,0,news
N29004,10,1,video
N48894,10,1,sports
N55169,10,0,sports
N883,10,0,finance
N5519,10,1,sports
N41131,10,0,sports
N48884,10,0,sports
N15866,10,0,news
N31186,10,0,finance
N5616,10,0,news
N8823,10,0,news
N9458,10,0,sports
N56127,10,3,sports
N43470,10,0,news
N43872,10,2,sports
N24975,10,0,weather
N5077,10,0,sports
N19665,10,0,video
N19784,10,0,weather
N28009,10,0,video
N14683,10,1,sports
N12406,10,0,autos
N63473,10,2,health
N23011,10,1,news
N24719,10,2,sports
N48455,10,0,news
N61505,10,0,news
N48450,10,0,news
N15921,10,0,travel
N31022,10,1,travel
N95,10,1,autos
N8156,10,0,movies
N60422,10,1,sports
N55914,10,0,news
N8786,10,0,travel
N29623,10,0,sports
N29611,10,0,news
N12428,10,1,weather
N28112,10,0,news
N22949,10,1,autos
N22965,10,0,lifestyle
N12427,10,0,finance
N14430,10,1,finance
N880,10,0,sports
N60480,10,0,news
N50780,10,0,weather
N55532,10,0,news
N16007,10,0,entertainment
N24926,10,4,sports
N19316,10,2,news
N28201,10,1,news
N55378,10,2,sports
N29042,10,0,news
N48706,10,0,foodanddrink
N51120,10,0,sports
N2820,10,0,sports
N13660,10,0,weather
N34491,10,0,sports
N48236,10,1,travel
N3233,10,0,news
N13665,10,0,news
N34493,10,0,travel
N39318,10,2,news
N15103,10,0,news
N36774,10,1,news
N2463,10,0,news
N438,10,0,news
N6514,10,0,news
N2819,10,0,foodanddrink
N55525,10,1,news
N55622,10,3,sports
N24212,10,0,foodanddrink
N9420,10,2,news
N20689,10,0,finance
N32630,10,0,music
N7786,10,0,weather
N63824,10,0,autos
N37288,10,0,finance
N49834,10,1,sports
N2892,10,1,travel
N41333,10,0,sports
N20670,10,2,sports
N63828,10,1,news
N37316,10,0,sports
N61040,10,1,video
N1458,10,1,sports
N54050,10,0,news
N37322,10,0,news
N235,10,0,news
N2066,10,0,foodanddrink
N6106,10,0,video
N15551,10,0,news
N38884,10,0,sports
N49684,10,1,travel
N37235,10,0,lifestyle
N23892,10,0,lifestyle
N23489,10,2,news
N49716,10,0,travel
N13426,10,0,sports
N32647,10,0,sports
N63966,10,2,news
N20623,10,0,lifestyle
N42953,10,0,travel
N54206,10,0,sports
N49772,10,0,news
N49782,10,0,travel
N23573,10,0,news
N53649,10,0,movies
N15301,10,1,autos
N50124,10,2,sports
N31587,10,1,sports
N5385,10,0,finance
N12663,10,0,weather
N38748,10,0,weather
N50089,10,1,sports
N53714,10,0,news
N41407,10,0,news
N20998,10,0,video
N5015,10,2,news
N15369,10,0,sports
N20943,10,3,sports
N64806,10,0,sports
N63936,10,1,sports
N20970,10,0,travel
N50173,10,1,weather
N42655,10,0,travel
N23728,10,0,sports
N23705,10,0,sports
N64846,10,0,lifestyle
N21022,10,0,sports
N23709,10,0,sports
N63952,10,0,video
N41362,10,1,sports
N23579,10,0,news
N63863,10,0,video
N53873,10,1,travel
N28751,10,0,lifestyle
N20819,10,0,video
N2358,10,0,foodanddrink
N11460,10,0,video
N63887,10,1,health
N20876,10,0,autos
N38646,10,0,sports
N23409,10,1,sports
N41150,10,0,weather
N34474,10,1,news
N49063,10,1,sports
N4907,10,1,sports
N37061,10,1,autos
N42493,10,1,travel
N20162,10,1,sports
N60277,10,1,travel
N3428,10,1,news
N24260,10,0,travel
N60838,10,0,foodanddrink
N13546,10,2,sports
N13544,10,0,sports
N4918,10,0,travel
N20215,10,1,news
N49187,10,0,music
N2122,10,0,news
N11167,10,0,video
N11555,10,0,travel
N2327,10,0,news
N41166,10,1,weather
N15245,10,0,sports
N24320,10,2,sports
N19968,10,0,foodanddrink
N63627,10,3,sports
N64066,10,0,lifestyle
N48981,10,0,news
N50541,10,1,sports
N60685,10,0,weather
N13214,10,0,sports
N38582,10,1,travel
N37043,10,0,sports
N24284,10,1,news
N43303,10,0,news
N24183,10,0,news
N54714,10,1,finance
N31468,10,1,autos
N8956,10,0,news
N42568,10,0,weather
N8228,10,0,video
N32710,10,1,weather
N7733,10,1,news
N49559,10,1,sports
N13262,10,3,sports
N31460,10,0,music
N41286,10,0,sports
N53506,10,0,news
N28954,10,0,sports
N38905,10,1,news
N11502,10,0,news
N20478,10,2,news
N21150,10,0,news
N20400,10,0,autos
N43100,10,0,sports
N24162,10,0,music
N6206,10,1,news
N13525,10,0,sports
N20287,10,0,news
N49251,10,0,travel
N20301,10,0,news
N43186,10,0,foodanddrink
N49257,10,0,lifestyle
N20313,10,0,travel
N49467,10,0,lifestyle
N64960,10,0,news
N41496,10,0,news
N37149,10,0,sports
N12552,10,2,sports
N63998,10,0,news
N50457,10,0,news
N29168,10,1,entertainment
N7206,10,0,news
N27905,10,0,news
N5786,10,0,finance
N26097,10,0,finance
N16639,10,0,news
N44776,10,2,entertainment
N524,10,0,travel
N11061,10,0,video
N3559,10,0,health
N2737,10,0,sports
N25960,10,0,autos
N25992,10,0,video
N10176,10,0,news
N57826,10,0,news
N25987,10,0,sports
N12174,10,1,news
N25967,10,2,sports
N62896,10,0,sports
N26118,10,1,travel
N14258,10,0,sports
N3606,10,0,video
N16679,10,0,foodanddrink
N61752,10,0,news
N41937,10,0,lifestyle
N9168,10,0,news
N17758,10,0,music
N9669,10,3,sports
N29312,10,0,news
N1305,10,0,weather
N40147,10,1,sports
N26266,10,1,foodanddrink
N52337,10,0,news
N36025,10,0,news
N2732,10,0,sports
N17946,10,0,news
N44723,10,1,foodanddrink
N46167,10,0,sports
N46890,10,0,sports
N57529,10,0,lifestyle
N12224,10,0,sports
N4466,10,0,sports
N36220,10,0,news
N46851,10,0,autos
N61682,10,0,sports
N52560,10,1,finance
N22517,10,2,sports
N59712,10,0,sports
N52568,10,0,video
N13071,10,0,sports
N33502,10,0,finance
N47007,10,1,news
N40769,10,2,sports
N14725,10,1,video
N51159,10,1,sports
N22554,10,0,entertainment
N57578,10,0,weather
N21885,10,2,video
N21900,10,1,sports
N18054,10,0,health
N64291,10,1,news
N25870,10,0,tv
N46756,10,0,news
N44672,10,1,autos
N6250,10,0,travel
N35562,10,2,sports
N6451,10,1,sports
N57730,10,0,sports
N62971,10,0,music
N16592,10,0,sports
N17655,10,0,finance
N59459,10,0,video
N16461,10,1,news
N17320,10,0,sports
N58775,10,0,finance
N7096,10,1,news
N14164,10,3,sports
N58704,10,0,entertainment
N3037,10,1,lifestyle
N45728,10,2,news
N17335,10,0,news
N45871,10,0,autos
N58610,10,0,sports
N10621,10,0,entertainment
N44987,10,0,autos
N22378,10,0,sports
N35888,10,0,news
N9714,10,0,sports
N9731,10,0,sports
N58786,10,0,sports
N45552,10,0,news
N22197,10,1,weather
N4540,10,2,news
N45097,10,0,travel
N29476,10,0,sports
N4538,10,0,lifestyle
N8448,10,0,entertainment
N59006,10,0,news
N62593,10,1,video
N26943,10,1,news
N29404,10,0,news
N59100,10,0,video
N59050,10,1,news
N41751,10,0,lifestyle
N51977,10,2,foodanddrink
N7047,10,0,news
N45895,10,0,lifestyle
N1097,10,0,news
N10234,10,1,finance
N62809,10,0,lifestyle
N22434,10,1,news
N35973,10,1,news
N26404,10,0,video
N34679,10,0,travel
N10231,10,0,foodanddrink
N44870,10,1,sports
N35906,10,3,autos
N59431,10,0,news
N26383,10,0,weather
N64338,10,0,sports
N58306,10,0,video
N58304,10,1,foodanddrink
N64477,10,0,music
N41675,10,1,news
N2206,10,0,news
N58430,10,0,sports
N4061,10,2,news
N58462,10,0,autos
N44924,10,1,news
N62776,10,0,sports
N45987,10,0,sports
N22379,10,2,sports
N29376,10,0,video
N35936,10,0,news
N9681,10,1,finance
N58526,10,0,sports
N45923,10,1,finance
N41851,10,0,news
N35910,10,0,news
N37988,10,0,sports
N3627,10,0,weather
N62487,10,1,sports
N13960,10,1,travel
N34764,10,0,news
N15016,10,0,foodanddrink
N13879,10,2,travel
N31837,10,0,autos
N6635,10,2,news
N8701,10,1,sports
N6631,10,2,sports
N1013,10,0,news
N38366,10,0,video
N51261,10,0,news
N47667,10,0,lifestyle
N61620,10,0,sports
N61615,10,0,news
N64242,10,1,sports
N61610,10,1,sports
N63249,10,2,sports
N18643,10,0,news
N32218,10,2,video
N36459,10,0,sports
N10315,10,1,sports
N47409,10,0,news
N25393,10,2,foodanddrink
N11722,10,0,autos
N36429,10,1,weather
N47505,10,0,video
N14323,10,1,sports
N30072,10,1,news
N51354,10,0,lifestyle
N39735,10,0,foodanddrink
N56910,10,2,sports
N30847,10,0,autos
N33488,10,1,sports
N33334,10,0,video
N42198,10,0,sports
N33274,10,1,finance
N8709,10,0,news
N34789,10,2,weather
N31798,10,0,finance
N56320,10,1,news
N56311,10,1,sports
N33225,10,0,foodanddrink
N35335,10,0,sports
N60174,10,0,lifestyle
N60182,10,0,sports
N42262,10,1,news
N39589,10,0,finance
N27883,10,1,news
N36667,10,0,sports
N32274,10,0,travel
N3667,10,0,sports
N60248,10,0,news
N9865,10,0,sports
N30930,10,0,news
N50166,10,0,finance
N47818,10,0,finance
N16171,10,1,news
N25164,10,0,lifestyle
N36564,10,0,health
N56601,10,0,health
N47857,10,1,sports
N52772,10,0,sports
N25135,10,0,sports
N60123,10,0,foodanddrink
N19032,10,0,lifestyle
N37745,10,0,lifestyle
N18972,10,0,video
N6423,10,2,sports
N60154,10,0,music
N5121,10,0,sports
N63315,10,0,sports
N47391,10,0,travel
N10537,10,0,news
N25541,10,0,news
N18463,10,0,autos
N57056,10,0,sports
N18319,10,1,weather
N47154,10,1,sports
N18473,10,0,news
N33388,10,1,news
N33366,10,0,news
N34523,10,0,news
N21796,10,0,news
N51460,10,0,health
N18472,10,0,news
N64535,10,0,news
N63137,10,0,news
N22674,10,0,movies
N33414,10,0,video
N5982,10,0,news
N22642,10,0,sports
N52593,10,0,movies
N13910,10,0,health
N31894,10,1,entertainment
N13922,10,1,sports
N35458,10,0,finance
N18407,10,1,health
N25524,10,1,news
N62463,10,0,weather
N2571,10,0,sports
N57354,10,0,autos
N44463,10,1,lifestyle
N31898,10,0,sports
N39785,10,0,sports
N47167,10,0,foodanddrink
N36405,10,1,news
N44596,10,0,sports
N59890,10,1,sports
N35463,10,0,finance
N18269,10,0,lifestyle
N10596,10,0,video
N57016,10,0,entertainment
N51417,10,1,news
N10159,10,0,news
N40814,10,0,sports
N29383,9,1,video
N38244,9,0,foodanddrink
N22898,9,0,news
N64431,9,1,news
N50443,9,0,tv
N31979,9,0,video
N22360,9,1,news
N22885,9,0,news
N22631,9,0,news
N51472,9,0,sports
N38407,9,0,autos
N41794,9,0,video
N13007,9,2,sports
N5117,9,0,sports
N22637,9,0,travel
N5194,9,0,sports
N22568,9,0,music
N3807,9,1,sports
N51511,9,0,sports
N38070,9,0,video
N10769,9,0,news
N50522,9,0,news
N22886,9,0,weather
N11270,9,0,video
N23190,9,0,lifestyle
N51456,9,1,autos
N38123,9,1,weather
N1136,9,0,sports
N50898,9,0,travel
N51600,9,0,news
N41877,9,1,sports
N107,9,0,news
N50480,9,0,news
N41480,9,1,sports
N798,9,0,news
N38606,9,2,sports
N9075,9,0,travel
N51631,9,2,sports
N50451,9,1,news
N42013,9,0,sports
N29675,9,0,lifestyle
N64652,9,0,foodanddrink
N42168,9,0,sports
N64666,9,0,news
N64487,9,0,news
N31836,9,0,tv
N2898,9,0,autos
N38224,9,0,sports
N1274,9,0,weather
N42243,9,0,news
N11336,9,2,lifestyle
N23289,9,0,news
N31959,9,0,sports
N42163,9,0,finance
N2297,9,2,travel
N12929,9,0,news
N41582,9,0,sports
N51703,9,1,sports
N42108,9,0,video
N64452,9,0,news
N3832,9,0,news
N29647,9,1,video
N50270,9,2,sports
N7897,9,1,news
N41866,9,0,foodanddrink
N29313,9,0,entertainment
N65114,9,0,sports
N1268,9,0,lifestyle
N6802,9,0,lifestyle
N25672,9,3,sports
N25685,9,0,lifestyle
N7370,9,0,news
N40776,9,2,sports
N39901,9,0,sports
N44619,9,0,news
N27494,9,1,weather
N11780,9,0,news
N46926,9,2,sports
N46901,9,1,travel
N44648,9,0,news
N30670,9,1,sports
N47139,9,0,finance
N46864,9,0,foodanddrink
N25852,9,0,sports
N25854,9,1,finance
N46815,9,1,sports
N12216,9,1,sports
N39981,9,0,news
N46789,9,0,sports
N46784,9,1,sports
N40732,9,0,news
N25913,9,0,news
N46721,9,0,autos
N6764,9,0,news
N25628,9,0,sports
N25959,9,1,news
N39725,9,0,finance
N47762,9,1,news
N47686,9,0,lifestyle
N47681,9,0,news
N27783,9,0,news
N39688,9,0,travel
N27776,9,0,sports
N25323,9,1,news
N25325,9,1,sports
N47607,9,2,news
N27745,9,0,sports
N39720,9,0,news
N30854,9,0,sports
N27518,9,0,video
N25398,9,0,news
N25456,9,0,news
N25530,9,0,entertainment
N6745,9,0,video
N5197,9,0,finance
N39819,9,0,sports
N47206,9,1,video
N40800,9,0,news
N7393,9,2,travel
N25616,9,0,foodanddrink
N27553,9,0,video
N11799,9,1,sports
N6856,9,2,health
N23615,9,2,news
N27176,9,0,travel
N12004,9,0,lifestyle
N30439,9,0,sports
N45906,9,0,news
N30401,9,0,sports
N40360,9,0,finance
N26610,9,0,news
N26614,9,1,sports
N45701,9,0,finance
N30334,9,1,news
N26719,9,0,news
N44991,9,1,finance
N2676,9,1,sports
N45958,9,0,news
N40430,9,0,finance
N45475,9,2,news
N26818,9,0,news
N11850,9,0,news
N27134,9,0,weather
N45383,9,0,sports
N26878,9,0,lifestyle
N45323,9,1,news
N45265,9,0,sports
N8449,9,1,sports
N27029,9,0,sports
N4595,9,0,sports
N26508,9,0,news
N44757,9,0,news
N26237,9,0,news
N26010,9,1,travel
N40089,9,0,video
N46618,9,0,sports
N30562,9,0,news
N26089,9,1,sports
N26096,9,0,sports
N26117,9,1,sports
N46428,9,0,finance
N46395,9,0,news
N12092,9,0,news
N12091,9,2,lifestyle
N26274,9,0,news
N40611,9,1,news
N46176,9,2,sports
N7295,9,0,news
N26366,9,0,sports
N44859,9,0,sports
N2639,9,0,video
N6985,9,0,video
N8522,9,0,sports
N26417,9,0,sports
N46069,9,0,sports
N6998,9,1,video
N40617,9,0,sports
N662,9,0,news
N25184,9,0,weather
N44074,9,0,sports
N28509,9,1,travel
N23951,9,0,news
N2397,9,1,sports
N42990,9,1,foodanddrink
N64927,9,0,travel
N31434,9,0,sports
N1257,9,1,sports
N49465,9,1,sports
N49447,9,2,foodanddrink
N43116,9,1,news
N11546,9,0,music
N43155,9,0,video
N24124,9,0,news
N23933,9,0,lifestyle
N31372,9,1,sports
N12541,9,1,sports
N43212,9,1,weather
N31337,9,0,news
N2421,9,1,video
N41228,9,1,video
N28422,9,0,news
N39162,9,0,travel
N412,9,0,sports
N31307,9,0,news
N28370,9,1,news
N49598,9,0,news
N49609,9,1,news
N39620,9,0,sports
N23761,9,0,sports
N50067,9,0,sports
N38764,9,0,sports
N28820,9,1,travel
N42764,9,0,news
N31566,9,0,video
N1119,9,1,sports
N3156,9,0,sports
N64844,9,0,sports
N31551,9,0,lifestyle
N3154,9,1,sports
N23729,9,0,finance
N42875,9,1,sports
N23931,9,1,news
N49887,9,0,lifestyle
N2381,9,0,travel
N49814,9,1,sports
N23838,9,1,sports
N49786,9,0,news
N49724,9,1,video
N23870,9,1,lifestyle
N31491,9,0,sports
N49635,9,0,news
N38891,9,0,travel
N28618,9,0,news
N3129,9,0,sports
N48975,9,2,news
N1160,9,1,finance
N43888,9,3,news
N24822,9,0,sports
N11648,9,2,sports
N48265,9,1,news
N7542,9,0,travel
N43806,9,2,news
N24899,9,1,news
N48137,9,0,news
N39509,9,0,news
N48126,9,0,foodanddrink
N27974,9,0,weather
N39538,9,0,news
N48002,9,0,news
N43433,9,0,finance
N25036,9,0,sports
N43972,9,0,lifestyle
N40991,9,1,travel
N40988,9,0,news
N47929,9,1,video
N3093,9,1,news
N27846,9,0,sports
N39599,9,0,sports
N12343,9,3,finance
N25117,9,0,travel
N39615,9,1,news
N11644,9,1,news
N12414,9,0,health
N65196,9,1,sports
N24800,9,0,news
N29892,9,0,travel
N65063,9,1,news
N65070,9,0,sports
N65076,9,1,news
N7616,9,2,sports
N48797,9,0,sports
N65098,9,0,news
N24475,9,0,news
N48755,9,0,music
N11868,9,0,weather
N31154,9,1,autos
N10826,9,0,finance
N4865,9,0,sports
N24583,9,0,news
N24665,9,0,sports
N24712,9,1,sports
N12429,9,0,video
N41079,9,0,sports
N43631,9,0,sports
N8788,9,0,finance
N11628,9,0,weather
N24773,9,0,finance
N2480,9,0,news
N25583,9,0,news
N14783,9,1,news
N5435,9,0,sports
N20631,9,1,sports
N59130,9,0,finance
N63746,9,0,health
N16990,9,2,news
N5450,9,0,video
N59169,9,0,autos
N59191,9,0,weather
N1687,9,0,news
N33896,9,0,sports
N59310,9,0,news
N1424,9,2,travel
N62527,9,0,travel
N20481,9,0,sports
N20501,9,0,lifestyle
N33916,9,0,news
N33919,9,1,foodanddrink
N59472,9,0,foodanddrink
N59482,9,1,news
N54340,9,2,sports
N3268,9,0,foodanddrink
N14211,9,0,sports
N59079,9,1,foodanddrink
N54544,9,0,entertainment
N14165,9,0,sports
N5487,9,0,autos
N20166,9,1,tv
N33745,9,0,lifestyle
N20192,9,0,news
N17302,9,1,news
N54774,9,0,autos
N17232,9,0,news
N58765,9,1,sports
N58831,9,1,news
N17071,9,0,news
N33757,9,0,sports
N14194,9,1,weather
N37125,9,2,sports
N3377,9,2,autos
N9387,9,0,autos
N5894,9,0,lifestyle
N54649,9,0,sports
N10210,9,0,news
N54236,9,0,sports
N10180,9,0,health
N60421,9,1,sports
N54169,9,0,travel
N10134,9,0,sports
N5372,9,1,news
N32466,9,1,weather
N10539,9,0,weather
N16208,9,0,sports
N60051,9,0,news
N35359,9,0,video
N21063,9,0,news
N37520,9,0,foodanddrink
N53523,9,0,news
N34097,9,1,sports
N1327,9,0,news
N53485,9,0,video
N9289,9,0,sports
N60297,9,2,health
N21180,9,2,sports
N9870,9,0,autos
N37587,9,0,video
N21227,9,0,sports
N14325,9,0,travel
N63917,9,2,movies
N53800,9,1,sports
N16488,9,0,autos
N54168,9,0,news
N54137,9,0,news
N16609,9,0,autos
N20675,9,0,sports
N54113,9,1,finance
N16567,9,2,sports
N59613,9,0,news
N16500,9,0,sports
N13391,9,0,news
N20924,9,0,sports
N59716,9,0,music
N3399,9,0,news
N59768,9,0,foodanddrink
N53941,9,0,sports
N62423,9,0,news
N32533,9,1,sports
N3741,9,0,video
N32511,9,1,sports
N9401,9,1,travel
N54872,9,0,sports
N14152,9,1,sports
N58558,9,0,news
N36717,9,0,sports
N561,9,0,finance
N57151,9,0,news
N3634,9,0,sports
N56075,9,1,sports
N19259,9,0,news
N1930,9,0,news
N57291,9,0,health
N55974,9,0,sports
N57292,9,0,travel
N5730,9,0,health
N36771,9,1,sports
N19329,9,1,sports
N57314,9,0,entertainment
N18253,9,1,sports
N10357,9,0,news
N5739,9,0,news
N36781,9,1,sports
N3626,9,0,entertainment
N3669,9,0,foodanddrink
N57084,9,1,news
N57053,9,1,news
N18880,9,0,sports
N36538,9,0,news
N56731,9,0,video
N9542,9,0,finance
N10323,9,1,news
N36559,9,0,weather
N1867,9,0,sports
N18806,9,0,news
N56836,9,0,news
N569,9,0,travel
N33180,9,0,sports
N56929,9,1,lifestyle
N56968,9,0,news
N56305,9,0,sports
N10304,9,0,news
N36639,9,1,sports
N33357,9,0,sports
N57002,9,1,news
N18492,9,0,news
N57454,9,0,news
N19356,9,1,travel
N19358,9,0,sports
N19902,9,0,news
N13626,9,1,sports
N58122,9,1,finance
N58180,9,0,sports
N19850,9,1,sports
N58293,9,1,travel
N33659,9,1,sports
N33670,9,1,sports
N55199,9,0,news
N55119,9,0,sports
N62880,9,0,health
N58400,9,2,news
N19956,9,0,news
N14119,9,1,weather
N33719,9,1,sports
N55016,9,1,sports
N55015,9,2,news
N17393,9,0,sports
N32838,9,0,sports
N17775,9,0,finance
N19712,9,0,finance
N33535,9,0,news
N9474,9,1,sports
N9624,9,0,foodanddrink
N36805,9,0,news
N57526,9,0,weather
N57544,9,1,news
N63437,9,0,autos
N18081,9,0,news
N55669,9,4,sports
N36200,9,1,lifestyle
N5777,9,0,sports
N13649,9,0,autos
N63474,9,0,sports
N33598,9,0,weather
N36148,9,0,news
N57808,9,0,weather
N1401,9,1,sports
N19606,9,0,lifestyle
N17912,9,0,travel
N33007,9,2,sports
N34146,9,2,sports
N33280,9,0,news
N61179,9,0,sports
N10067,9,1,news
N61589,9,0,weather
N15570,9,0,news
N34517,9,2,sports
N61247,9,0,sports
N34521,9,0,foodanddrink
N35126,9,0,travel
N35018,9,0,finance
N6164,9,0,news
N14573,9,0,sports
N52493,9,2,news
N15859,9,0,sports
N52202,9,0,sports
N32053,9,0,news
N34343,9,0,sports
N53122,9,0,entertainment
N34988,9,1,sports
N21716,9,0,news
N35150,9,2,travel
N61990,9,0,sports
N21468,9,0,sports
N14993,9,1,tv
N34495,9,0,music
N52853,9,0,news
N35058,9,0,news
N15262,9,0,news
N35078,9,1,sports
N62194,9,1,sports
N37907,9,0,lifestyle
N15225,9,1,news
N37687,9,1,news
N34306,9,1,sports
N15327,9,0,travel
N37899,9,0,news
N15722,9,0,news
N21637,9,0,news
N62033,9,0,sports
N34810,9,0,news
N10089,9,1,weather
N5275,9,3,news
N2149,9,1,weather
N3800,9,0,entertainment
N52832,9,1,news
N22282,9,0,weather
N60557,9,0,news
N52573,9,0,news
N21854,9,0,sports
N14919,9,1,news
N15461,9,0,weather
N53169,9,0,sports
N21768,9,0,lifestyle
N61749,9,0,news
N1486,9,0,news
N34546,9,0,finance
N34212,9,0,news
N61107,9,2,news
N21787,9,0,news
N34418,9,0,sports
N15469,9,0,sports
N21809,9,2,sports
N17914,8,0,video
N61338,8,0,sports
N62079,8,3,sports
N28877,8,0,music
N17891,8,2,news
N30574,8,0,weather
N62909,8,0,sports
N10990,8,0,lifestyle
N17857,8,0,sports
N35961,8,0,foodanddrink
N36092,8,0,news
N30471,8,0,lifestyle
N57832,8,0,sports
N15276,8,0,sports
N42560,8,0,sports
N45952,8,0,finance
N42742,8,0,news
N62976,8,1,foodanddrink
N12182,8,0,sports
N41391,8,3,sports
N46726,8,0,travel
N58527,8,1,sports
N57786,8,0,sports
N62769,8,0,finance
N34469,8,0,news
N17934,8,0,weather
N34883,8,0,foodanddrink
N35940,8,0,news
N14129,8,0,news
N45983,8,1,news
N57805,8,0,sports
N30595,8,0,autos
N58484,8,0,health
N26059,8,0,entertainment
N42741,8,1,sports
N46457,8,0,news
N46556,8,1,finance
N40162,8,1,news
N6209,8,0,news
N3597,8,0,finance
N46268,8,0,video
N26330,8,0,travel
N40220,8,0,autos
N46199,8,0,news
N35974,8,1,health
N36021,8,1,weather
N46748,8,0,sports
N58376,8,0,tv
N28912,8,0,lifestyle
N12039,8,0,news
N42626,8,1,travel
N42650,8,0,sports
N46130,8,0,news
N402,8,0,news
N46071,8,1,sports
N17711,8,0,news
N33636,8,0,news
N26442,8,0,sports
N33637,8,0,sports
N26111,8,1,health
N61224,8,0,news
N46441,8,2,sports
N28942,8,0,foodanddrink
N40124,8,0,news
N62097,8,0,travel
N42593,8,0,travel
N26256,8,0,news
N40258,8,1,sports
N40136,8,1,sports
N28836,8,0,travel
N61241,8,0,news
N26430,8,0,finance
N17741,8,1,video
N26420,8,2,news
N1770,8,0,sports
N60464,8,0,sports
N18025,8,0,news
N42135,8,1,finance
N6171,8,1,news
N10311,8,0,news
N61707,8,0,sports
N11218,8,1,sports
N7967,8,0,travel
N47450,8,0,lifestyle
N30819,8,1,weather
N4740,8,0,autos
N47392,8,1,news
N39781,8,0,news
N47291,8,2,news
N18443,8,0,sports
N673,8,0,weather
N29210,8,2,sports
N1501,8,0,sports
N4726,8,0,news
N292,8,0,sports
N308,8,0,video
N3340,8,0,sports
N57111,8,0,movies
N42172,8,0,sports
N57137,8,0,news
N12319,8,0,news
N869,8,0,music
N56960,8,3,sports
N4756,8,1,autos
N41707,8,0,news
N61900,8,0,foodanddrink
N61865,8,0,sports
N56769,8,1,travel
N8704,8,3,autos
N47647,8,0,video
N47646,8,0,lifestyle
N14805,8,0,autos
N11247,8,0,sports
N18669,8,0,news
N14879,8,2,news
N56848,8,0,video
N47621,8,0,sports
N56868,8,1,sports
N956,8,0,autos
N18639,8,0,sports
N47605,8,0,sports
N30859,8,0,news
N11303,8,0,news
N47584,8,1,sports
N30840,8,2,news
N36349,8,0,sports
N29192,8,1,sports
N13971,8,0,sports
N29109,8,0,health
N41545,8,1,sports
N61453,8,1,news
N46921,8,0,news
N18136,8,1,video
N63041,8,1,sports
N10260,8,0,finance
N30683,8,0,sports
N42353,8,1,autos
N33558,8,0,sports
N10929,8,1,news
N36224,8,0,news
N18425,8,0,video
N57518,8,0,finance
N8155,8,1,sports
N26538,8,0,news
N61387,8,1,video
N61380,8,0,sports
N39970,8,1,news
N57590,8,1,news
N30644,8,1,sports
N425,8,0,sports
N33564,8,0,weather
N39918,8,0,movies
N25769,8,0,sports
N30712,8,0,finance
N25737,8,0,weather
N33448,8,0,sports
N57244,8,0,video
N18316,8,0,sports
N4219,8,1,sports
N18310,8,0,news
N36310,8,0,video
N34772,8,0,news
N47111,8,0,news
N42223,8,1,sports
N29170,8,2,foodanddrink
N25680,8,0,sports
N29167,8,1,finance
N11214,8,0,weather
N41559,8,1,sports
N3629,8,0,news
N29589,8,0,sports
N61556,8,2,news
N25716,8,1,sports
N51969,8,0,news
N12254,8,1,lifestyle
N42279,8,2,sports
N34841,8,0,news
N14158,8,1,news
N33720,8,0,finance
N15842,8,0,travel
N44483,8,0,weather
N301,8,0,news
N62219,8,1,news
N43428,8,0,sports
N60628,8,0,sports
N16293,8,0,lifestyle
N7435,8,0,video
N7438,8,0,news
N62417,8,0,news
N35132,8,0,travel
N4427,8,0,sports
N11159,8,0,news
N1172,8,0,sports
N44256,8,2,movies
N27774,8,0,sports
N763,8,0,finance
N16224,8,0,sports
N60019,8,0,news
N35148,8,3,news
N43447,8,1,travel
N44192,8,4,sports
N44152,8,0,weather
N44492,8,0,travel
N1177,8,1,news
N45910,8,0,finance
N33972,8,0,sports
N44678,8,1,video
N40731,8,0,travel
N60726,8,0,news
N59633,8,1,sports
N59661,8,0,news
N40743,8,0,news
N7655,8,2,travel
N29858,8,2,sports
N40756,8,0,sports
N35109,8,1,news
N16467,8,0,news
N11770,8,0,autos
N14515,8,0,lifestyle
N27511,8,0,sports
N59824,8,0,weather
N44531,8,0,sports
N14310,8,0,video
N2756,8,0,news
N5987,8,1,weather
N43390,8,1,news
N7635,8,1,sports
N40810,8,0,sports
N27835,8,0,finance
N44089,8,0,news
N4095,8,1,sports
N7552,8,0,foodanddrink
N8324,8,0,news
N27923,8,0,sports
N43531,8,1,foodanddrink
N603,8,0,news
N62297,8,2,sports
N11610,8,1,health
N60500,8,0,sports
N60483,8,0,news
N15989,8,1,video
N15988,8,0,sports
N28039,8,0,news
N7491,8,0,lifestyle
N62291,8,1,news
N43730,8,0,sports
N41068,8,1,sports
N281,8,1,sports
N60466,8,0,news
N60420,8,0,foodanddrink
N29925,8,0,travel
N43604,8,1,travel
N15937,8,0,sports
N15922,8,0,travel
N16045,8,0,sports
N11659,8,0,finance
N41112,8,0,sports
N1166,8,0,news
N14366,8,0,news
N1437,8,1,sports
N44004,8,0,sports
N29996,8,0,finance
N27875,8,0,sports
N34056,8,1,sports
N60191,8,0,travel
N28291,8,1,video
N62321,8,0,sports
N6021,8,0,sports
N29990,8,1,news
N60542,8,0,sports
N43974,8,1,video
N43958,8,0,weather
N9866,8,1,sports
N43941,8,2,news
N29977,8,0,video
N34218,8,0,sports
N60521,8,0,finance
N43909,8,1,weather
N6028,8,0,sports
N44692,8,0,travel
N28399,8,0,news
N60754,8,0,sports
N35779,8,0,sports
N10213,8,1,weather
N26792,8,0,news
N42877,8,0,news
N2680,8,0,finance
N45498,8,0,sports
N11898,8,0,news
N58924,8,1,news
N26831,8,0,news
N26838,8,1,news
N28672,8,0,foodanddrink
N17124,8,0,news
N10197,8,0,foodanddrink
N17098,8,0,health
N41316,8,0,news
N11874,8,0,news
N7190,8,0,news
N45269,8,0,lifestyle
N14210,8,0,news
N30273,8,0,finance
N27049,8,0,health
N452,8,0,entertainment
N59077,8,0,sports
N26732,8,0,video
N61079,8,0,lifestyle
N17227,8,0,weather
N34966,8,0,sports
N58545,8,0,autos
N61176,8,1,news
N29744,8,0,finance
N26582,8,0,sports
N8508,8,0,video
N45838,8,0,sports
N30420,8,0,weather
N1414,8,1,music
N26596,8,1,sports
N15411,8,0,finance
N4036,8,3,news
N6114,8,0,finance
N28770,8,1,health
N11624,8,0,news
N11958,8,0,sports
N26600,8,1,sports
N30396,8,1,news
N15451,8,0,news
N61116,8,0,foodanddrink
N11942,8,1,news
N28730,8,1,foodanddrink
N60929,8,0,news
N43047,8,0,weather
N59537,8,0,news
N4318,8,0,sports
N14550,8,0,news
N28515,8,0,sports
N11828,8,2,news
N16732,8,1,sports
N11824,8,0,video
N43158,8,0,sports
N44854,8,0,sports
N59442,8,0,news
N44823,8,0,sports
N663,8,0,sports
N60859,8,0,news
N35032,8,1,autos
N27344,8,0,sports
N15652,8,1,video
N44769,8,1,sports
N60788,8,0,news
N2982,8,0,news
N59504,8,1,lifestyle
N59514,8,0,news
N35577,8,0,news
N7325,8,2,news
N60779,8,0,sports
N35630,8,0,video
N59399,8,1,video
N44899,8,0,finance
N60883,8,0,news
N27105,8,0,finance
N45118,8,0,sports
N59131,8,0,news
N62575,8,0,news
N8230,8,0,weather
N59149,8,0,lifestyle
N59165,8,0,news
N2715,8,1,news
N4128,8,0,news
N33851,8,2,sports
N11849,8,0,weather
N59195,8,0,news
N60920,8,0,travel
N3023,8,0,sports
N60909,8,0,news
N59293,8,1,movies
N59307,8,0,travel
N15583,8,0,health
N2725,8,0,lifestyle
N16820,8,0,news
N30207,8,1,sports
N31995,8,0,news
N9079,8,0,finance
N5502,8,2,entertainment
N31813,8,1,foodanddrink
N2022,8,0,sports
N39097,8,2,sports
N49183,8,0,news
N65017,8,0,autos
N10447,8,0,tv
N32231,8,0,sports
N52743,8,1,finance
N31336,8,0,travel
N20167,8,0,sports
N5127,8,0,sports
N49074,8,0,autos
N20130,8,1,news
N49066,8,0,video
N64548,8,0,video
N22746,8,0,finance
N10590,8,1,news
N8859,8,1,sports
N65042,8,0,news
N32227,8,1,travel
N22813,8,0,sports
N12539,8,0,sports
N54956,8,0,news
N3136,8,0,finance
N49394,8,1,sports
N32736,8,0,travel
N64172,8,0,health
N49372,8,1,sports
N51102,8,0,video
N52973,8,0,health
N49328,8,0,sports
N13521,8,0,news
N37689,8,0,news
N8886,8,0,lifestyle
N54667,8,1,sports
N54670,8,0,health
N24155,8,0,news
N2416,8,0,finance
N21526,8,0,travel
N32799,8,1,music
N529,8,1,news
N20265,8,0,sports
N13108,8,0,sports
N37056,8,0,weather
N22720,8,1,news
N51495,8,0,news
N13599,8,0,finance
N51432,8,0,travel
N32185,8,0,health
N52615,8,0,news
N52596,8,1,lifestyle
N55221,8,1,lifestyle
N5259,8,0,lifestyle
N39247,8,2,news
N19842,8,0,sports
N24418,8,2,sports
N51474,8,0,news
N64522,8,0,sports
N48829,8,0,movies
N19811,8,0,video
N32969,8,2,travel
N19786,8,0,autos
N39268,8,1,sports
N9203,8,0,news
N36916,8,1,finance
N55412,8,0,travel
N19891,8,0,entertainment
N3119,8,0,foodanddrink
N9409,8,0,sports
N55198,8,0,news
N5500,8,0,news
N39177,8,1,weather
N3918,8,0,sports
N48971,8,1,news
N37011,8,0,health
N39188,8,0,news
N19967,8,0,news
N31263,8,1,lifestyle
N19962,8,0,weather
N63603,8,0,sports
N21719,8,0,music
N65062,8,0,sports
N55115,8,1,sports
N51405,8,1,news
N31856,8,1,sports
N55138,8,0,sports
N63581,8,0,sports
N37789,8,0,sports
N12928,8,0,video
N39002,8,1,travel
N20382,8,0,sports
N4947,8,0,weather
N50431,8,0,news
N13265,8,0,sports
N32369,8,0,weather
N2089,8,0,lifestyle
N50016,8,0,news
N5346,8,0,lifestyle
N20772,8,0,news
N31693,8,1,sports
N20753,8,1,sports
N31543,8,0,news
N50542,8,0,finance
N53991,8,0,finance
N20750,8,2,news
N49976,8,0,finance
N49964,8,1,autos
N53322,8,1,entertainment
N49943,8,0,sports
N23741,8,0,music
N23747,8,0,sports
N37337,8,0,sports
N13328,8,1,foodanddrink
N23398,8,0,news
N21508,8,0,sports
N50396,8,0,travel
N50227,8,1,weather
N31626,8,0,movies
N13297,8,1,weather
N50180,8,1,health
N64801,8,0,sports
N23544,8,1,video
N9291,8,1,foodanddrink
N50262,8,0,music
N32465,8,0,news
N53604,8,3,sports
N23589,8,0,sports
N10776,8,0,news
N50164,8,0,news
N23447,8,1,news
N5377,8,0,news
N50151,8,0,news
N38641,8,0,finance
N53786,8,0,health
N37525,8,0,travel
N32603,8,0,news
N50657,8,1,news
N53243,8,0,travel
N9342,8,0,sports
N49595,8,0,news
N20439,8,1,news
N64136,8,2,autos
N64639,8,0,sports
N31441,8,0,video
N8987,8,1,sports
N31758,8,2,sports
N20418,8,1,foodanddrink
N22979,8,0,sports
N54492,8,0,news
N49537,8,0,news
N12880,8,1,news
N24,8,1,weather
N49499,8,0,health
N64627,8,1,sports
N24042,8,0,finance
N21483,8,0,news
N31417,8,0,lifestyle
N8902,8,1,sports
N54436,8,1,news
N10472,8,3,finance
N53146,8,0,weather
N23082,8,0,news
N32626,8,0,travel
N37623,8,0,video
N8958,8,0,sports
N49749,8,0,sports
N37629,8,0,video
N23891,8,0,sports
N12853,8,0,sports
N32338,8,1,sports
N37637,8,1,sports
N54411,8,1,travel
N13455,8,1,news
N21400,8,1,autos
N31479,8,0,news
N49631,8,0,sports
N37230,8,1,travel
N37220,8,0,news
N23067,8,0,news
N23036,8,1,sports
N48729,8,0,news
N37505,8,0,news
N51497,8,0,health
N19094,8,0,news
N61892,8,0,news
N13687,8,0,lifestyle
N19051,8,0,finance
N55818,8,1,news
N25060,8,3,sports
N52276,8,0,sports
N13696,8,0,news
N48348,8,0,autos
N22055,8,0,news
N25045,8,0,lifestyle
N55876,8,0,news
N39418,8,0,news
N22481,8,0,finance
N48374,8,0,sports
N52137,8,0,sports
N25096,8,0,sports
N48434,8,0,finance
N48069,8,1,sports
N52306,8,1,sports
N22203,8,0,sports
N36818,8,0,finance
N13671,8,3,travel
N56348,8,0,news
N22031,8,0,news
N29450,8,0,sports
N21976,8,0,news
N56440,8,0,sports
N52397,8,0,news
N4788,8,0,news
N37919,8,1,finance
N55577,8,1,sports
N19355,8,0,lifestyle
N19348,8,0,music
N52399,8,0,news
N9117,8,0,video
N10612,8,1,news
N19321,8,1,news
N48191,8,0,news
N13727,8,0,lifestyle
N5221,8,0,sports
N10335,8,0,sports
N39503,8,0,weather
N38166,8,0,news
N39513,8,0,weather
N24938,8,0,news
N25005,8,0,sports
N13736,8,0,sports
N36729,8,0,news
N34637,8,0,travel
N47995,8,1,weather
N6584,8,0,sports
N52264,8,1,finance
N48266,8,2,sports
N2236,8,0,news
N47983,8,2,entertainment
N47973,8,0,news
N51898,8,1,sports
N52273,8,0,foodanddrink
N22451,8,0,sports
N37958,8,1,finance
N51746,8,0,sports
N22342,8,0,travel
N24833,8,0,travel
N191,8,0,weather
N51737,8,0,tv
N31020,8,0,finance
N10651,8,0,sports
N22361,8,0,sports
N52540,8,0,news
N52046,8,2,sports
N25172,8,0,sports
N25167,8,1,news
N24650,8,0,sports
N63296,8,1,news
N33009,8,0,news
N48588,8,0,sports
N48672,8,1,finance
N48667,8,0,news
N31917,8,0,lifestyle
N39617,8,0,sports
N31109,8,0,travel
N369,8,0,sports
N55511,8,0,autos
N22321,8,0,sports
N8713,8,0,news
N52534,8,0,sports
N30923,8,0,sports
N39356,8,1,sports
N21905,8,0,sports
N55495,8,0,foodanddrink
N37866,8,0,news
N37861,8,1,sports
N6617,8,1,weather
N33004,8,0,news
N18742,8,0,sports
N8799,8,0,sports
N56634,8,3,sports
N18928,8,0,weather
N48520,8,0,video
N48688,8,0,news
N38221,8,1,news
N21869,8,0,lifestyle
N9130,8,0,news
N55424,8,0,lifestyle
N56620,8,1,travel
N42081,7,2,sports
N60529,7,0,sports
N23073,7,0,news
N51884,7,0,travel
N2942,7,0,news
N64672,7,0,news
N15007,7,2,sports
N7505,7,0,news
N42154,7,0,video
N41744,7,0,sports
N21142,7,1,finance
N27838,7,0,news
N42072,7,0,news
N43621,7,1,sports
N23117,7,2,sports
N61872,7,1,news
N43579,7,0,news
N50251,7,0,sports
N4212,7,1,foodanddrink
N7615,7,0,sports
N64364,7,1,finance
N16126,7,0,news
N14961,7,0,travel
N13166,7,0,finance
N6052,7,0,news
N5191,7,1,sports
N23079,7,0,sports
N28253,7,0,sports
N22300,7,0,sports
N15899,7,0,video
N52197,7,0,sports
N27877,7,0,health
N61827,7,0,sports
N53188,7,1,weather
N14474,7,2,sports
N439,7,0,music
N11652,7,1,sports
N60288,7,1,sports
N61925,7,3,video
N43880,7,0,sports
N28017,7,1,sports
N14836,7,1,sports
N14848,7,0,music
N14752,7,0,news
N21157,7,0,movies
N1596,7,0,news
N64038,7,0,movies
N63997,7,0,travel
N64761,7,0,news
N21206,7,1,finance
N27991,7,0,sports
N64017,7,0,sports
N61823,7,0,finance
N52047,7,0,news
N27955,7,1,news
N23319,7,0,news
N52081,7,1,video
N61757,7,0,sports
N23244,7,1,sports
N14771,7,0,news
N52111,7,0,travel
N5076,7,0,tv
N12844,7,1,news
N5032,7,0,sports
N50727,7,0,news
N42035,7,2,news
N14453,7,0,sports
N60234,7,0,finance
N61732,7,0,sports
N12806,7,0,news
N21292,7,0,travel
N28075,7,1,news
N52015,7,0,sports
N43715,7,1,news
N23418,7,0,video
N41827,7,0,news
N60366,7,0,sports
N41836,7,0,news
N60273,7,0,news
N42003,7,0,sports
N28045,7,0,news
N12725,7,1,sports
N53349,7,0,video
N15746,7,0,sports
N43459,7,0,sports
N64131,7,0,video
N42543,7,1,video
N51401,7,2,sports
N15466,7,0,sports
N15268,7,0,foodanddrink
N28966,7,0,music
N13066,7,0,foodanddrink
N51369,7,2,sports
N22716,7,0,finance
N21714,7,2,lifestyle
N51605,7,0,sports
N12696,7,0,news
N60995,7,1,sports
N15534,7,1,sports
N64309,7,0,travel
N62132,7,0,foodanddrink
N60981,7,0,sports
N61412,7,0,lifestyle
N42963,7,1,sports
N42462,7,1,sports
N15193,7,1,foodanddrink
N61446,7,0,finance
N790,7,1,foodanddrink
N51321,7,0,lifestyle
N42369,7,0,sports
N29116,7,2,video
N11517,7,0,news
N28600,7,1,weather
N21920,7,0,news
N42555,7,0,news
N51414,7,1,tv
N28914,7,3,sports
N28897,7,0,news
N15360,7,0,sports
N7816,7,0,sports
N42703,7,2,news
N42707,7,0,finance
N15357,7,0,sports
N42622,7,0,video
N61218,7,0,sports
N12938,7,1,sports
N21861,7,0,finance
N15368,7,0,foodanddrink
N7811,7,0,foodanddrink
N13077,7,1,sports
N52688,7,1,sports
N51519,7,0,sports
N61189,7,1,autos
N15408,7,0,news
N61252,7,0,autos
N28816,7,1,finance
N15432,7,0,sports
N64295,7,0,sports
N2179,7,0,foodanddrink
N11464,7,0,health
N51579,7,1,news
N21763,7,0,news
N6134,7,0,foodanddrink
N43020,7,1,news
N61451,7,0,news
N64559,7,1,news
N51011,7,0,autos
N28397,7,0,news
N51051,7,0,news
N22911,7,0,news
N15054,7,1,sports
N22057,7,0,sports
N7658,7,0,travel
N42646,7,0,video
N60639,7,0,sports
N22919,7,0,foodanddrink
N43360,7,0,autos
N22062,7,2,news
N42205,7,0,news
N53013,7,1,video
N15689,7,0,video
N422,7,0,weather
N52231,7,0,sports
N5181,7,0,sports
N50939,7,1,sports
N50936,7,0,news
N12874,7,0,news
N21449,7,0,news
N23003,7,1,sports
N60579,7,0,sports
N42171,7,0,news
N15015,7,0,sports
N51825,7,0,weather
N51095,7,0,finance
N43302,7,0,sports
N43050,7,0,news
N52820,7,1,sports
N28565,7,0,news
N22036,7,0,lifestyle
N52749,7,0,news
N12915,7,0,finance
N52790,7,2,video
N22804,7,2,sports
N52802,7,0,news
N43117,7,1,foodanddrink
N7694,7,0,sports
N52812,7,0,news
N7917,7,0,news
N5119,7,0,news
N22460,7,0,news
N5174,7,0,foodanddrink
N13117,7,0,music
N15631,7,1,video
N60852,7,1,weather
N51733,7,0,weather
N7675,7,1,travel
N60834,7,0,sports
N13118,7,0,sports
N14541,7,0,video
N28427,7,0,news
N61994,7,0,news
N51113,7,0,news
N60787,7,2,news
N25252,7,0,sports
N13419,7,0,lifestyle
N60096,7,0,sports
N46571,7,0,sports
N2460,7,0,sports
N24588,7,0,news
N57877,7,0,news
N57919,7,1,news
N12155,7,0,sports
N24580,7,0,sports
N19635,7,0,finance
N57968,7,0,sports
N4664,7,0,sports
N17827,7,0,news
N12477,7,0,sports
N58013,7,0,sports
N17813,7,0,sports
N58029,7,0,news
N58042,7,0,travel
N26137,7,0,video
N24624,7,0,news
N46661,7,0,finance
N62887,7,0,sports
N46738,7,0,news
N55586,7,0,movies
N63011,7,1,news
N6820,7,1,sports
N18033,7,0,travel
N46765,7,0,finance
N55569,7,0,sports
N48511,7,0,weather
N6833,7,0,video
N17939,7,0,autos
N6834,7,0,news
N17997,7,0,news
N57753,7,2,sports
N19584,7,0,finance
N24664,7,0,news
N6841,7,1,news
N12445,7,0,lifestyle
N19746,7,0,travel
N17787,7,0,news
N2009,7,0,sports
N7002,7,0,finance
N4608,7,0,sports
N19898,7,0,news
N65069,7,0,sports
N58386,7,0,autos
N63591,7,0,foodanddrink
N26433,7,0,sports
N58392,7,0,news
N55089,7,0,video
N46095,7,2,sports
N24307,7,0,travel
N7012,7,0,sports
N45985,7,0,news
N55018,7,0,sports
N45948,7,0,news
N20062,7,0,sports
N24279,7,0,news
N46083,7,0,video
N17558,7,0,travel
N12478,7,0,news
N17670,7,1,finance
N55327,7,0,news
N55308,7,0,news
N55292,7,2,travel
N6940,7,0,finance
N26307,7,0,video
N26316,7,0,sports
N19815,7,1,sports
N58242,7,0,music
N46102,7,0,sports
N48849,7,0,news
N58272,7,0,news
N46153,7,0,sports
N136,7,0,sports
N1989,7,1,finance
N26380,7,0,music
N62827,7,0,news
N4679,7,0,news
N24738,7,0,news
N46792,7,0,sports
N25459,7,0,video
N47503,7,0,video
N56321,7,0,weather
N25067,7,0,news
N12299,7,1,video
N63178,7,1,sports
N56995,7,0,sports
N13891,7,0,weather
N6586,7,0,travel
N63183,7,0,tv
N25476,7,0,news
N57013,7,2,sports
N56184,7,0,sports
N47998,7,0,sports
N48003,7,0,video
N13899,7,0,video
N19143,7,0,weather
N13766,7,0,sports
N25379,7,0,news
N19566,7,0,news
N5655,7,2,sports
N56722,7,0,news
N56625,7,0,news
N13871,7,0,news
N13877,7,0,news
N6615,7,0,lifestyle
N63282,7,0,sports
N47626,7,0,news
N56544,7,1,sports
N18980,7,0,travel
N25130,7,0,video
N18917,7,0,lifestyle
N63197,7,0,autos
N63301,7,0,movies
N56951,7,0,video
N47878,7,0,weather
N5648,7,0,sports
N24980,7,0,news
N57159,7,0,sports
N2560,7,1,foodanddrink
N25825,7,0,sports
N63055,7,0,sports
N57439,7,0,video
N1815,7,0,sports
N12232,7,0,sports
N55915,7,1,finance
N48385,7,0,sports
N55885,7,0,health
N25830,7,0,sports
N5608,7,0,lifestyle
N19431,7,0,sports
N55788,7,1,weather
N1222,7,0,sports
N55768,7,0,autos
N1953,7,1,sports
N57587,7,0,movies
N55604,7,0,news
N63057,7,0,video
N48301,7,0,sports
N65203,7,0,sports
N63058,7,1,finance
N5720,7,0,news
N24953,7,0,travel
N24950,7,0,news
N18371,7,0,video
N25637,7,0,sports
N57272,7,0,travel
N47130,7,0,news
N24913,7,0,finance
N25679,7,0,video
N12391,7,1,lifestyle
N55931,7,0,foodanddrink
N25687,7,0,news
N48252,7,0,travel
N48268,7,0,sports
N48285,7,3,video
N45888,7,0,weather
N2426,7,1,tv
N16183,7,0,lifestyle
N44644,7,0,news
N44689,7,0,sports
N44685,7,0,finance
N54079,7,3,news
N1658,7,0,autos
N49892,7,0,news
N6383,7,0,sports
N13407,7,1,sports
N13406,7,1,news
N11797,7,0,news
N49957,7,0,autos
N27505,7,0,finance
N27506,7,0,sports
N44604,7,0,sports
N62458,7,0,weather
N16353,7,0,sports
N44569,7,0,foodanddrink
N54112,7,1,news
N49849,7,0,news
N27536,7,0,sports
N20519,7,1,autos
N27304,7,0,sports
N2731,7,0,sports
N23910,7,0,finance
N11820,7,0,sports
N4967,7,0,video
N63787,7,0,news
N44808,7,0,foodanddrink
N11813,7,0,sports
N44733,7,0,sports
N13425,7,0,finance
N1181,7,0,entertainment
N54132,7,1,sports
N59511,7,0,travel
N7322,7,0,news
N25272,7,0,sports
N23830,7,0,finance
N27530,7,0,video
N53967,7,0,tv
N45831,7,1,sports
N44219,7,2,video
N27707,7,0,finance
N50162,7,3,sports
N27725,7,0,news
N59935,7,0,autos
N53721,7,1,news
N16264,7,0,weather
N20985,7,1,finance
N53683,7,0,sports
N2764,7,0,travel
N11696,7,0,sports
N60043,7,0,news
N5368,7,0,health
N60049,7,0,weather
N50185,7,0,sports
N53674,7,1,news
N53628,7,0,lifestyle
N50150,7,0,news
N59919,7,0,sports
N53964,7,0,sports
N23642,7,0,news
N59837,7,0,foodanddrink
N62434,7,1,sports
N62425,7,1,sports
N20795,7,0,news
N59885,7,0,news
N20893,7,0,news
N50054,7,0,news
N44486,7,2,news
N23603,7,1,sports
N44465,7,1,sports
N53838,7,0,sports
N59896,7,0,news
N11757,7,0,foodanddrink
N7421,7,0,news
N44434,7,0,sports
N27613,7,0,news
N54368,7,1,sports
N27297,7,1,sports
N59439,7,0,weather
N54674,7,0,weather
N49192,7,0,news
N13533,7,0,video
N17209,7,0,finance
N58850,7,0,health
N6499,7,0,news
N45515,7,1,news
N20285,7,0,news
N17155,7,0,lifestyle
N26701,7,0,weather
N45459,7,4,travel
N1189,7,0,news
N58934,7,1,news
N24153,7,0,travel
N17134,7,0,news
N11887,7,0,sports
N45348,7,0,sports
N62678,7,0,news
N26699,7,0,news
N49630,7,0,health
N58605,7,0,sports
N54888,7,0,news
N26591,7,0,video
N62748,7,0,health
N65025,7,0,finance
N54866,7,0,news
N62724,7,0,sports
N45764,7,0,news
N26611,7,0,weather
N24199,7,0,health
N58637,7,1,autos
N45739,7,1,sports
N26647,7,1,sports
N45726,7,0,sports
N49164,7,0,sports
N17234,7,0,news
N11926,7,0,autos
N54644,7,0,sports
N7175,7,0,sports
N20324,7,0,sports
N27229,7,0,news
N4500,7,0,sports
N23990,7,0,news
N59197,7,0,foodanddrink
N6257,7,2,sports
N54476,7,0,news
N23982,7,0,video
N63750,7,0,finance
N54444,7,1,autos
N26939,7,0,tv
N44948,7,0,news
N59324,7,2,weather
N5443,7,0,news
N7280,7,0,finance
N14240,7,0,sports
N63772,7,0,weather
N12577,7,1,sports
N1692,7,0,entertainment
N45058,7,1,news
N24040,7,0,news
N24047,7,0,finance
N59019,7,0,sports
N7183,7,0,sports
N2701,7,0,sports
N24083,7,1,sports
N59060,7,0,news
N49398,7,0,news
N27039,7,0,health
N49448,7,0,sports
N4945,7,1,news
N24070,7,0,sports
N24069,7,0,news
N5453,7,1,news
N45123,7,0,sports
N20395,7,0,sports
N59140,7,1,music
N47022,7,1,finance
N65180,7,0,travel
N33444,7,0,news
N8669,7,0,sports
N10943,7,0,tv
N10462,7,0,finance
N35822,7,0,sports
N32738,7,0,autos
N38653,7,0,sports
N38657,7,0,travel
N35885,7,0,sports
N35886,7,0,foodanddrink
N41586,7,0,sports
N2988,7,1,sports
N828,7,0,news
N4158,7,0,weather
N38754,7,0,news
N37101,7,0,news
N37100,7,0,foodanddrink
N35956,7,1,news
N39865,7,0,news
N30749,7,1,video
N39857,7,0,sports
N3600,7,0,video
N37082,7,0,sports
N10431,7,0,news
N8132,7,0,lifestyle
N36018,7,0,travel
N41401,7,1,sports
N40000,7,0,sports
N33760,7,0,news
N35799,7,1,sports
N35584,7,0,travel
N30522,7,0,news
N9792,7,0,sports
N37350,7,1,news
N40142,7,0,news
N10510,7,1,sports
N10733,7,0,travel
N35548,7,0,sports
N3555,7,0,finance
N37308,7,0,news
N10493,7,0,lifestyle
N9337,7,0,health
N40122,7,0,news
N3579,7,0,finance
N31719,7,2,sports
N3854,7,0,news
N8565,7,0,weather
N8567,7,0,movies
N31710,7,0,health
N37251,7,0,sports
N33897,7,0,sports
N36724,7,1,sports
N38578,7,0,finance
N37215,7,1,news
N29568,7,1,sports
N37052,7,1,weather
N11158,7,0,sports
N35434,7,2,news
N36048,7,0,finance
N9566,7,1,news
N36468,7,0,sports
N31021,7,0,foodanddrink
N10379,7,0,sports
N8879,7,0,video
N33309,7,0,sports
N31063,7,0,news
N31067,7,0,news
N31077,7,0,foodanddrink
N33262,7,0,sports
N29665,7,2,finance
N8158,7,1,travel
N33259,7,0,foodanddrink
N36588,7,1,news
N10372,7,1,news
N33048,7,0,news
N31121,7,0,finance
N31124,7,0,travel
N9527,7,0,sports
N41458,7,0,sports
N29921,7,1,news
N39119,7,0,sports
N39127,7,0,travel
N31235,7,0,finance
N33190,7,1,sports
N31373,7,0,news
N1030,7,0,travel
N36862,7,0,sports
N8288,7,0,video
N30809,7,1,sports
N9661,7,0,news
N39770,7,0,sports
N8682,7,0,sports
N41416,7,0,sports
N29608,7,0,sports
N870,7,0,health
N36949,7,0,weather
N309,7,0,sports
N39648,7,0,sports
N3618,7,0,health
N39602,7,2,weather
N36402,7,0,sports
N32991,7,0,lifestyle
N3351,7,0,travel
N39569,7,2,sports
N39564,7,0,sports
N9469,7,0,sports
N39541,7,0,foodanddrink
N41062,7,0,sports
N3633,7,1,news
N10281,7,0,weather
N8751,7,0,video
N36886,7,1,news
N29758,7,0,news
N41366,7,0,sports
N38222,7,1,sports
N38296,7,0,weather
N35100,7,0,foodanddrink
N8470,7,1,weather
N34274,7,0,weather
N37549,7,0,health
N32394,7,0,finance
N40665,7,0,travel
N4040,7,0,video
N37523,7,2,sports
N8488,7,1,news
N38045,7,0,sports
N40697,7,0,news
N35202,7,0,news
N31997,7,1,news
N30155,7,0,weather
N40746,7,0,sports
N37806,7,1,news
N40787,7,0,foodanddrink
N351,7,1,news
N41247,7,0,sports
N3834,7,1,sports
N4063,7,0,news
N8423,7,0,sports
N32327,7,0,autos
N34968,7,0,sports
N34989,7,0,news
N34995,7,0,news
N34365,7,0,sports
N31913,7,0,autos
N30276,7,0,autos
N30288,7,0,video
N41234,7,0,news
N9249,7,1,news
N3447,7,1,sports
N38251,7,0,news
N30084,7,1,weather
N10665,7,0,travel
N10554,7,0,news
N37742,7,0,news
N31839,7,0,sports
N40677,7,0,video
N4028,7,0,news
N10992,7,0,video
N32559,7,0,lifestyle
N4087,7,0,sports
N41272,7,0,weather
N31797,7,0,sports
N32531,7,0,sports
N10973,7,0,travel
N40260,7,0,sports
N41217,7,0,sports
N40819,7,0,travel
N35310,7,0,news
N35309,7,0,sports
N37851,7,0,news
N341,7,0,news
N34548,7,0,finance
N30053,7,1,sports
N34729,7,1,autos
N987,7,1,news
N38341,7,0,sports
N2384,6,2,news
N31941,6,1,sports
N49220,6,0,sports
N52048,6,0,lifestyle
N38958,6,0,entertainment
N22410,6,0,news
N24222,6,0,sports
N64372,6,0,news
N240,6,1,sports
N22418,6,0,movies
N52075,6,0,sports
N23997,6,0,travel
N1081,6,0,autos
N38927,6,0,finance
N23983,6,1,sports
N65023,6,0,sports
N22463,6,0,sports
N12986,6,2,music
N49586,6,0,news
N12981,6,2,sports
N23934,6,0,news
N10788,6,0,travel
N6498,6,0,movies
N23852,6,0,sports
N24226,6,0,health
N315,6,0,news
N49769,6,2,news
N52286,6,0,sports
N38109,6,0,news
N65021,6,2,sports
N64961,6,0,sports
N22311,6,1,autos
N38052,6,0,news
N39093,6,0,sports
N24122,6,2,tv
N9154,6,1,finance
N64996,6,0,news
N3903,6,0,weather
N22117,6,0,sports
N52222,6,0,news
N3139,6,0,weather
N51922,6,0,sports
N24191,6,0,video
N39096,6,0,news
N31356,6,1,sports
N52266,6,0,sports
N49408,6,0,sports
N51875,6,0,news
N32012,6,0,lifestyle
N39050,6,0,news
N32083,6,0,travel
N49430,6,0,music
N22050,6,0,finance
N4948,6,0,news
N10806,6,1,sports
N13014,6,0,sports
N64973,6,0,news
N51135,6,1,news
N2248,6,1,sports
N49779,6,0,sports
N38558,6,0,news
N50679,6,0,sports
N38361,6,0,travel
N50651,6,0,video
N232,6,0,music
N5064,6,0,news
N23218,6,1,sports
N38572,6,0,news
N23286,6,0,news
N31867,6,0,sports
N386,6,0,news
N23300,6,0,finance
N23322,6,0,sports
N50444,6,0,foodanddrink
N31678,6,1,sports
N22672,6,0,sports
N50441,6,0,sports
N38547,6,0,sports
N51233,6,1,news
N50782,6,0,sports
N22972,6,0,news
N51075,6,0,news
N22927,6,1,news
N51026,6,0,sports
N22879,6,0,sports
N51140,6,0,finance
N64620,6,1,sports
N31767,6,1,sports
N8993,6,1,sports
N64650,6,0,sports
N38393,6,2,foodanddrink
N12911,6,0,news
N50896,6,0,sports
N22808,6,0,sports
N51219,6,0,sports
N64641,6,0,travel
N10700,6,0,video
N38625,6,1,entertainment
N51429,6,0,video
N50393,6,2,sports
N12613,6,0,news
N8927,6,0,sports
N31781,6,0,travel
N5161,6,0,sports
N31937,6,0,news
N8924,6,0,news
N49932,6,0,news
N49920,6,0,sports
N3194,6,0,tv
N22528,6,0,news
N38827,6,1,news
N51673,6,0,news
N64884,6,1,news
N49877,6,0,news
N38186,6,0,sports
N49873,6,0,sports
N23810,6,0,sports
N31533,6,0,news
N10783,6,0,news
N51447,6,1,sports
N50145,6,0,news
N23416,6,0,news
N50312,6,0,video
N31877,6,0,news
N5027,6,0,news
N51461,6,0,sports
N38305,6,0,travel
N50201,6,1,health
N23634,6,0,music
N23686,6,1,news
N38295,6,0,news
N8933,6,1,sports
N6452,6,1,entertainment
N22571,6,0,sports
N3825,6,0,sports
N50050,6,0,sports
N50043,6,0,news
N24234,6,0,sports
N29459,6,0,news
N49086,6,0,sports
N26751,6,0,weather
N46139,6,0,news
N46113,6,0,travel
N46103,6,0,news
N40203,6,0,travel
N6997,6,1,sports
N46043,6,1,entertainment
N7007,6,0,travel
N46015,6,0,sports
N4029,6,0,sports
N45975,6,1,video
N45969,6,0,video
N26578,6,0,sports
N7056,6,0,news
N45786,6,0,news
N40372,6,0,news
N8494,6,1,weather
N45747,6,0,sports
N10996,6,1,sports
N40390,6,0,news
N26674,6,3,news
N45634,6,0,travel
N11920,6,0,news
N456,6,0,video
N46150,6,0,travel
N12040,6,0,finance
N26341,6,0,lifestyle
N46373,6,1,sports
N6879,6,0,sports
N46535,6,0,sports
N46529,6,0,sports
N26110,6,0,music
N40120,6,0,news
N12126,6,3,news
N26146,6,0,sports
N26149,6,0,travel
N1210,6,0,video
N12095,6,0,news
N10959,6,0,news
N26340,6,0,sports
N4636,6,0,video
N46331,6,1,video
N46327,6,0,sports
N46295,6,0,sports
N46291,6,0,sports
N40151,6,0,sports
N46266,6,0,autos
N40159,6,0,finance
N40161,6,0,news
N26338,6,0,news
N7107,6,0,sports
N7118,6,0,lifestyle
N49082,6,0,autos
N30326,6,0,travel
N44897,6,0,news
N27271,6,0,weather
N44875,6,0,travel
N44814,6,0,video
N11811,6,0,lifestyle
N27372,6,0,sports
N27400,6,0,news
N44728,6,1,video
N30132,6,1,sports
N44588,6,0,health
N44581,6,0,news
N2752,6,1,sports
N44556,6,0,news
N44533,6,0,sports
N27543,6,0,news
N27557,6,0,news
N4081,6,0,finance
N30099,6,0,sports
N27610,6,0,sports
N7425,6,0,news
N27624,6,0,news
N11749,6,0,sports
N44381,6,1,sports
N7282,6,1,travel
N44922,6,0,autos
N27221,6,1,news
N27098,6,0,finance
N45460,6,0,sports
N30321,6,0,sports
N45418,6,0,finance
N11022,6,1,news
N30320,6,0,news
N1188,6,0,lifestyle
N45293,6,0,travel
N26992,6,0,sports
N40482,6,0,sports
N7216,6,0,sports
N30264,6,0,finance
N27219,6,0,news
N4514,6,0,video
N11864,6,0,autos
N45107,6,1,sports
N40538,6,0,news
N45068,6,0,sports
N45062,6,0,sports
N45001,6,0,sports
N40562,6,0,travel
N44997,6,0,sports
N44996,6,0,tv
N26067,6,0,sports
N26057,6,0,news
N26051,6,1,sports
N2605,6,0,foodanddrink
N6537,6,2,sports
N48167,6,0,news
N22012,6,0,news
N48114,6,1,news
N48059,6,1,finance
N48008,6,1,sports
N8744,6,1,news
N25035,6,0,autos
N25046,6,1,sports
N30947,6,0,sports
N47918,6,2,news
N25066,6,0,news
N25104,6,0,news
N47869,6,1,finance
N8717,6,0,news
N39618,6,0,news
N3963,6,0,news
N25145,6,1,sports
N47753,6,0,video
N47737,6,1,foodanddrink
N10881,6,0,news
N25299,6,0,news
N39695,6,0,news
N39476,6,0,tv
N12403,6,0,news
N24852,6,0,news
N39297,6,0,sports
N4908,6,0,lifestyle
N10810,6,0,weather
N65067,6,0,news
N24385,6,0,video
N24426,6,0,news
N24438,6,0,sports
N48796,6,3,sports
N24515,6,0,weather
N4871,6,0,lifestyle
N24552,6,1,travel
N48601,6,0,sports
N48303,6,0,movies
N48586,6,0,travel
N31099,6,0,travel
N48545,6,0,tv
N48539,6,0,sports
N24703,6,0,finance
N48451,6,0,sports
N3941,6,0,news
N48406,6,1,tv
N48378,6,1,sports
N24849,6,1,video
N30892,6,1,tv
N39701,6,0,travel
N6644,6,0,sports
N30596,6,0,sports
N6799,6,0,news
N25806,6,0,health
N30678,6,0,news
N6805,6,0,news
N25861,6,0,news
N46774,6,0,news
N25890,6,0,sports
N30617,6,0,sports
N40026,6,0,weather
N46717,6,0,news
N46693,6,0,news
N25777,6,1,sports
N40046,6,0,travel
N25983,6,1,sports
N12171,6,1,sports
N46657,6,0,travel
N12164,6,0,travel
N46643,6,0,news
N40061,6,0,sports
N30572,6,1,news
N40081,6,0,sports
N40096,6,0,music
N25788,6,0,sports
N39917,6,0,news
N1233,6,0,sports
N25591,6,0,sports
N25348,6,1,foodanddrink
N47532,6,0,weather
N47462,6,0,travel
N6678,6,0,news
N6692,6,0,finance
N47432,6,0,news
N25503,6,0,video
N47321,6,0,news
N12288,6,0,news
N25558,6,0,travel
N25607,6,0,news
N46971,6,0,video
N47199,6,1,news
N47190,6,0,news
N47166,6,0,news
N25619,6,0,news
N25638,6,0,sports
N39893,6,0,sports
N12257,6,1,news
N39902,6,0,news
N46994,6,0,foodanddrink
N46991,6,0,sports
N52327,6,1,foodanddrink
N2125,6,1,travel
N5234,6,0,travel
N16993,6,1,weather
N9756,6,0,autos
N3572,6,1,sports
N17022,6,0,travel
N33804,6,1,sports
N59055,6,0,sports
N17083,6,2,sports
N17112,6,0,sports
N33777,6,0,finance
N58944,6,0,news
N5891,6,0,sports
N17173,6,0,finance
N17207,6,0,sports
N10218,6,0,lifestyle
N17213,6,1,news
N17222,6,0,sports
N5879,6,0,finance
N17249,6,0,news
N62700,6,0,weather
N62723,6,0,travel
N35869,6,0,news
N14145,6,0,lifestyle
N33729,6,0,foodanddrink
N17372,6,0,foodanddrink
N35708,6,0,news
N33878,6,0,sports
N35941,6,0,sports
N35678,6,3,sports
N59678,6,0,sports
N59663,6,1,news
N35526,6,0,travel
N1654,6,1,sports
N59596,6,0,health
N62491,6,0,lifestyle
N59567,6,0,foodanddrink
N16594,6,1,movies
N5952,6,0,news
N16627,6,0,sports
N35594,6,0,tv
N59464,6,0,sports
N16699,6,0,sports
N16707,6,0,sports
N1672,6,0,health
N35620,6,0,video
N59415,6,0,lifestyle
N59369,6,0,lifestyle
N14239,6,2,sports
N59357,6,0,sports
N59312,6,0,sports
N59236,6,0,weather
N59228,6,0,weather
N17428,6,0,news
N17469,6,0,travel
N14282,6,0,sports
N17883,6,0,news
N57888,6,0,finance
N57881,6,0,sports
N57855,6,0,sports
N36117,6,0,sports
N3362,6,0,news
N62939,6,1,travel
N17926,6,1,lifestyle
N17943,6,0,weather
N14008,6,0,news
N57777,6,0,health
N17992,6,0,sports
N9642,6,0,video
N57676,6,0,sports
N63002,6,0,weather
N57658,6,0,news
N57656,6,0,travel
N57633,6,0,sports
N36201,6,0,foodanddrink
N18088,6,0,music
N57542,6,0,news
N57473,6,0,movies
N57432,6,0,video
N18178,6,0,news
N57914,6,0,finance
N17872,6,0,sports
N58482,6,0,news
N17868,6,0,news
N33693,6,0,news
N58446,6,0,weather
N17510,6,0,foodanddrink
N62802,6,0,sports
N35980,6,2,sports
N17599,6,0,lifestyle
N58308,6,0,autos
N58294,6,2,sports
N58285,6,0,movies
N36006,6,0,news
N58256,6,1,sports
N62852,6,0,news
N17661,6,2,sports
N36024,6,0,finance
N58156,6,0,news
N17749,6,0,autos
N36045,6,0,sports
N17788,6,0,foodanddrink
N36066,6,0,sports
N58008,6,0,video
N17834,6,0,foodanddrink
N17840,6,0,entertainment
N36090,6,1,weather
N62474,6,0,travel
N10165,6,1,autos
N64323,6,1,lifestyle
N34496,6,0,foodanddrink
N61438,6,0,sports
N61435,6,0,news
N34855,6,0,news
N34482,6,1,sports
N15247,6,0,sports
N10037,6,0,sports
N62065,6,0,sports
N34898,6,0,music
N61303,6,0,video
N15296,6,0,news
N15325,6,1,finance
N34464,6,0,sports
N14612,6,0,news
N62092,6,0,entertainment
N3445,6,1,finance
N61202,6,1,sports
N15425,6,0,news
N15430,6,0,news
N34424,6,0,news
N14604,6,0,video
N15436,6,0,autos
N61055,6,0,health
N62126,6,0,travel
N61442,6,1,sports
N9964,6,0,tv
N35020,6,0,weather
N3450,6,0,sports
N9998,6,0,news
N14893,6,0,foodanddrink
N14746,6,0,sports
N14911,6,0,sports
N61786,6,0,sports
N61779,6,1,autos
N61775,6,0,travel
N14935,6,2,sports
N14943,6,0,news
N34555,6,0,finance
N14978,6,0,lifestyle
N61660,6,0,news
N61978,6,0,travel
N14693,6,0,video
N10026,6,0,news
N34511,6,0,sports
N6199,6,0,news
N15060,6,0,news
N61573,6,1,sports
N15061,6,0,news
N34807,6,0,sports
N61999,6,1,sports
N6202,6,0,weather
N15559,6,0,news
N15575,6,0,news
N35476,6,1,weather
N60348,6,0,news
N34127,6,0,news
N34104,6,0,sports
N60194,6,0,news
N14399,6,0,news
N14391,6,1,music
N9844,6,0,sports
N60124,6,0,news
N16173,6,1,sports
N16198,6,0,travel
N34045,6,1,sports
N34041,6,2,sports
N34031,6,0,video
N16247,6,1,news
N59958,6,0,finance
N59934,6,0,travel
N9813,6,0,news
N14320,6,1,sports
N10145,6,0,news
N59861,6,0,sports
N3544,6,0,news
N16357,6,0,news
N16395,6,1,sports
N16400,6,0,sports
N34135,6,2,sports
N60368,6,1,sports
N62162,6,0,news
N62278,6,0,news
N34308,6,0,sports
N10074,6,0,lifestyle
N62192,6,0,news
N9909,6,0,news
N60812,6,0,travel
N60807,6,0,weather
N15662,6,0,video
N15696,6,0,news
N15721,6,0,news
N35099,6,0,sports
N15724,6,0,news
N60700,6,0,autos
N15728,6,0,news
N15794,6,0,video
N15851,6,0,sports
N10102,6,0,video
N14502,6,0,news
N15887,6,0,news
N60523,6,0,news
N35179,6,0,finance
N60492,6,0,news
N34184,6,1,sports
N1447,6,0,health
N57378,6,0,lifestyle
N57369,6,0,travel
N18260,6,1,autos
N13421,6,1,video
N32625,6,0,sports
N37289,6,0,finance
N54072,6,1,autos
N10506,6,0,news
N37335,6,0,autos
N20733,6,0,news
N54,6,0,sports
N53969,6,2,sports
N9316,6,0,travel
N37355,6,1,video
N3736,6,0,autos
N53926,6,0,news
N53923,6,0,finance
N20851,6,1,news
N53885,6,0,sports
N20884,6,0,news
N10529,6,0,sports
N53816,6,0,news
N13322,6,0,finance
N53793,6,0,news
N20939,6,0,finance
N20947,6,0,news
N20961,6,1,sports
N935,6,0,news
N37270,6,1,news
N53709,6,0,news
N20657,6,0,travel
N20320,6,0,sports
N32761,6,0,health
N20352,6,0,foodanddrink
N9378,6,0,sports
N54507,6,0,tv
N20397,6,0,tv
N20409,6,1,sports
N32712,6,0,sports
N37187,6,0,news
N37200,6,0,sports
N54437,6,0,news
N20467,6,0,news
N20469,6,1,weather
N20491,6,0,sports
N63784,6,0,sports
N20510,6,0,travel
N63789,6,0,music
N13445,6,0,sports
N9360,6,0,lifestyle
N2052,6,0,sports
N1343,6,0,sports
N54280,6,0,video
N20615,6,1,travel
N20976,6,1,finance
N32414,6,0,lifestyle
N57298,6,0,news
N52923,6,0,music
N21564,6,0,video
N64224,6,0,travel
N52815,6,0,news
N21615,6,0,news
N10579,6,0,sports
N52763,6,0,sports
N37768,6,0,news
N21694,6,0,autos
N52691,6,0,lifestyle
N37794,6,0,news
N52663,6,0,news
N37795,6,0,news
N32162,6,2,finance
N52584,6,0,video
N52564,6,0,news
N52538,6,0,autos
N64277,6,0,foodanddrink
N52512,6,4,sports
N3214,6,0,news
N21902,6,0,news
N52447,6,1,health
N9177,6,0,travel
N52387,6,1,sports
N21542,6,0,sports
N21495,6,0,music
N37504,6,0,weather
N32308,6,0,sports
N21049,6,0,travel
N21059,6,0,tv
N13280,6,0,news
N53555,6,1,finance
N21154,6,0,sports
N32379,6,0,news
N53478,6,1,sports
N1325,6,0,news
N53452,6,1,sports
N32358,6,1,sports
N53352,6,0,travel
N21265,6,0,foodanddrink
N32344,6,0,sports
N21349,6,0,weather
N2135,6,1,news
N53225,6,0,news
N21361,6,0,foodanddrink
N21365,6,1,sports
N10569,6,0,foodanddrink
N13162,6,0,sports
N21421,6,0,news
N32328,6,0,music
N6414,6,0,news
N37140,6,0,news
N54687,6,0,news
N54688,6,0,news
N36597,6,1,sports
N190,6,0,video
N56432,6,0,sports
N63322,6,0,lifestyle
N9522,6,2,autos
N56326,6,0,news
N56302,6,1,video
N33214,6,0,sports
N36664,6,0,news
N10330,6,0,finance
N56222,6,1,news
N56221,6,0,health
N33197,6,0,music
N56177,6,0,news
N9509,6,0,sports
N1375,6,0,autos
N56102,6,0,video
N56083,6,0,sports
N36742,6,0,sports
N33089,6,0,sports
N36775,6,0,news
N55942,6,0,video
N19340,6,0,news
N19341,6,0,finance
N5646,6,0,news
N18889,6,0,foodanddrink
N1353,6,0,news
N56542,6,0,news
N18303,6,0,news
N57264,6,0,foodanddrink
N57219,6,1,lifestyle
N33450,6,1,movies
N1843,6,0,tv
N5714,6,0,sports
N36396,6,1,news
N57036,6,0,news
N18507,6,1,news
N18517,6,0,lifestyle
N56985,6,1,sports
N33362,6,0,news
N5687,6,0,finance
N56863,6,0,news
N10320,6,0,autos
N18695,6,0,sports
N63243,6,0,news
N56633,6,0,news
N18782,6,0,news
N18810,6,0,sports
N56569,6,2,sports
N36579,6,0,sports
N56543,6,0,news
N10353,6,1,sports
N559,6,0,travel
N9490,6,0,lifestyle
N55849,6,0,news
N55229,6,0,news
N19874,6,0,health
N63564,6,1,news
N55220,6,0,sports
N55213,6,1,sports
N63578,6,1,sports
N55176,6,0,sports
N1990,6,0,weather
N55120,6,0,news
N55099,6,1,video
N32899,6,0,autos
N19987,6,1,sports
N6362,6,0,weather
N5498,6,0,weather
N54976,6,1,weather
N20088,6,0,news
N20184,6,0,sports
N20203,6,2,sports
N54785,6,2,weather
N10450,6,0,lifestyle
N54753,6,0,sports
N2024,6,0,lifestyle
N54730,6,0,lifestyle
N55260,6,0,finance
N9448,6,0,news
N55304,6,1,sports
N19578,6,0,sports
N19458,6,0,sports
N55739,6,0,news
N36816,6,0,sports
N1946,6,0,sports
N13683,6,0,sports
N63443,6,0,travel
N55623,6,0,finance
N3686,6,0,lifestyle
N19571,6,0,lifestyle
N19574,6,1,foodanddrink
N55547,6,0,sports
N3298,6,0,news
N55485,6,0,news
N55452,6,0,sports
N19663,6,2,sports
N33000,6,0,news
N19719,6,0,sports
N19729,6,0,weather
N6353,6,0,sports
N36929,6,0,movies
N13620,6,0,sports
N5532,6,0,finance
N44366,6,0,news
N34635,6,0,news
N4314,6,1,news
N29321,6,2,sports
N7866,6,2,news
N11273,6,0,lifestyle
N2995,6,0,news
N41909,6,0,news
N43881,6,0,lifestyle
N42567,6,0,finance
N29578,6,1,sports
N11224,6,0,news
N29633,6,0,sports
N41179,6,0,foodanddrink
N43965,6,0,news
N42689,6,0,health
N29973,6,0,foodanddrink
N4396,6,1,health
N27909,6,0,news
N2850,6,0,finance
N41064,6,0,news
N421,6,1,weather
N44215,6,2,finance
N44137,6,0,sports
N42368,6,0,news
N11441,6,0,lifestyle
N44184,6,1,sports
N42644,6,0,sports
N41000,6,0,travel
N8294,6,0,sports
N41957,6,0,sports
N41567,6,0,sports
N28595,6,0,sports
N8234,6,0,music
N11428,6,0,news
N42055,6,0,lifestyle
N4089,6,0,sports
N29483,6,1,sports
N29759,6,0,sports
N8216,6,0,autos
N11654,6,0,sports
N28489,6,0,travel
N42821,6,0,news
N42572,6,0,autos
N43634,6,1,sports
N29289,6,0,news
N7539,6,0,sports
N2992,6,0,weather
N41052,6,1,video
N28240,6,0,lifestyle
N41231,6,1,news
N44283,6,0,health
N43471,6,0,news
N29014,6,0,sports
N29600,6,0,sports
N28026,6,0,weather
N43985,6,1,video
N8214,6,0,video
N43808,6,0,news
N29389,6,0,lifestyle
N41945,6,0,sports
N28935,6,0,news
N41057,6,0,sports
N4106,6,0,travel
N41570,6,0,weather
N27809,6,0,movies
N11486,6,1,sports
N28786,6,0,foodanddrink
N11433,6,1,finance
N29461,6,1,sports
N8162,6,0,video
N44148,6,0,news
N43024,6,0,video
N41841,6,0,lifestyle
N28860,6,0,news
N43135,6,0,sports
N1114,6,0,sports
N41007,6,0,sports
N7865,6,1,video
N27785,6,0,news
N41493,6,0,autos
N42751,6,1,sports
N7667,6,0,news
N43912,6,0,news
N42752,6,0,video
N43689,6,0,sports
N43782,6,1,news
N768,6,0,sports
N7570,6,0,foodanddrink
N28261,6,0,video
N41547,6,0,news
N1117,6,0,sports
N41623,6,0,news
N7665,6,0,news
N29899,6,0,sports
N11148,6,0,news
N41261,6,1,finance
N28652,6,1,sports
N43409,6,1,news
N43336,6,0,news
N11191,6,0,travel
N2853,6,1,news
N28748,6,0,movies
N42551,6,0,travel
N28275,6,1,video
N42360,6,1,news
N30023,6,0,finance
N41023,6,0,weather
N2865,6,0,news
N7806,6,2,finance
N42635,6,0,sports
N7790,6,1,lifestyle
N6850,5,0,lifestyle
N39997,5,0,sports
N36383,5,0,news
N25897,5,0,video
N5107,5,0,news
N20073,5,0,video
N7701,5,1,news
N46787,5,0,finance
N51545,5,0,travel
N46673,5,0,video
N53549,5,0,sports
N54953,5,0,finance
N15672,5,0,news
N60835,5,0,health
N10419,5,0,finance
N63980,5,0,video
N17590,5,0,travel
N54972,5,0,weather
N33661,5,0,news
N24091,5,0,sports
N20040,5,0,health
N62824,5,1,sports
N16519,5,0,news
N752,5,0,sports
N34278,5,1,sports
N54994,5,1,sports
N64953,5,1,sports
N30604,5,0,news
N46710,5,0,autos
N57064,5,1,sports
N25888,5,2,sports
N37021,5,0,video
N53551,5,0,lifestyle
N17153,5,0,sports
N11664,5,1,news
N24110,5,0,news
N14,5,0,sports
N18480,5,1,weather
N59020,5,0,weather
N54940,5,0,entertainment
N43575,5,0,news
N4701,5,0,lifestyle
N39897,5,0,autos
N12250,5,0,autos
N21043,5,0,weather
N5482,5,0,sports
N10087,5,0,sports
N53619,5,0,video
N25729,5,0,autos
N41096,5,0,weather
N25760,5,0,sports
N39091,5,1,finance
N49209,5,0,video
N18002,5,0,news
N43873,5,0,weather
N6786,5,0,sports
N5110,5,0,news
N25783,5,2,news
N53635,5,0,news
N589,5,0,news
N22009,5,1,video
N41090,5,1,news
N25712,5,0,sports
N13303,5,0,health
N35107,5,0,finance
N32821,5,1,video
N229,5,0,sports
N2572,5,1,news
N52609,5,1,travel
N54809,5,0,video
N47039,5,0,sports
N15776,5,1,news
N6778,5,0,lifestyle
N41919,5,0,lifestyle
N58197,5,0,news
N14197,5,0,sports
N60769,5,0,foodanddrink
N39945,5,0,sports
N13550,5,0,sports
N51529,5,1,video
N17976,5,0,weather
N25842,5,0,travel
N15691,5,0,sports
N53562,5,0,sports
N15698,5,0,news
N10930,5,0,sports
N37518,5,0,sports
N35096,5,0,news
N13553,5,1,lifestyle
N64964,5,0,news
N28481,5,0,sports
N1649,5,0,sports
N20124,5,0,video
N37078,5,0,news
N18457,5,0,news
N32405,5,1,news
N42733,5,0,autos
N6798,5,0,sports
N4923,5,0,travel
N1572,5,0,sports
N15718,5,0,sports
N25812,5,0,news
N29920,5,0,sports
N43556,5,1,news
N18461,5,0,travel
N469,5,0,sports
N62832,5,0,sports
N10926,5,0,sports
N25821,5,0,sports
N46857,5,0,sports
N32393,5,0,finance
N40051,5,0,news
N46282,5,0,sports
N21235,5,0,sports
N49697,5,0,video
N40154,5,0,news
N21239,5,0,finance
N9576,5,0,finance
N32963,5,0,news
N46243,5,0,sports
N2124,5,0,sports
N14110,5,0,news
N12054,5,1,finance
N15525,5,1,news
N432,5,0,news
N26325,5,0,foodanddrink
N22971,5,0,sports
N32976,5,0,travel
N33770,5,0,sports
N38469,5,0,news
N49606,5,0,health
N32353,5,0,finance
N31461,5,0,news
N42696,5,1,sports
N53397,5,0,music
N31771,5,0,health
N17920,5,0,travel
N31462,5,0,news
N11407,5,0,sports
N19859,5,0,video
N33954,5,0,sports
N14575,5,0,video
N49634,5,0,news
N4631,5,0,sports
N12583,5,0,foodanddrink
N26261,5,0,sports
N12592,5,0,video
N34994,5,0,travel
N13212,5,2,sports
N63543,5,0,news
N15507,5,0,lifestyle
N19771,5,0,news
N19768,5,3,sports
N19767,5,0,sports
N46137,5,0,video
N46135,5,0,sports
N10971,5,0,news
N38852,5,0,sports
N18602,5,0,video
N42956,5,0,sports
N16649,5,0,foodanddrink
N49768,5,0,sports
N43494,5,1,news
N44040,5,0,health
N40185,5,0,news
N10708,5,1,news
N23861,5,0,weather
N40177,5,0,sports
N9081,5,0,news
N15481,5,0,sports
N42682,5,0,news
N29997,5,0,sports
N17324,5,0,news
N1550,5,0,sports
N46184,5,0,foodanddrink
N46182,5,0,health
N30514,5,0,sports
N36125,5,0,news
N50980,5,0,sports
N40168,5,0,news
N42676,5,1,autos
N46164,5,1,news
N32057,5,0,news
N46161,5,0,news
N59542,5,0,news
N22507,5,0,sports
N36162,5,0,sports
N15614,5,1,sports
N30565,5,0,travel
N33377,5,1,news
N55086,5,0,autos
N4271,5,0,weather
N47094,5,0,sports
N32071,5,0,foodanddrink
N43521,5,0,travel
N14551,5,0,sports
N19954,5,0,news
N34315,5,1,sports
N17297,5,0,movies
N42944,5,0,weather
N36983,5,0,news
N41885,5,0,sports
N9916,5,0,news
N42077,5,0,news
N36145,5,0,sports
N36953,5,0,news
N26042,5,1,news
N22530,5,1,news
N27891,5,1,sports
N9780,5,0,sports
N46644,5,0,lifestyle
N22917,5,0,sports
N13893,5,0,foodanddrink
N15633,5,1,autos
N12949,5,0,movies
N30571,5,0,news
N55068,5,0,news
N6861,5,1,news
N35544,5,0,sports
N32888,5,0,health
N49472,5,0,sports
N57043,5,0,sports
N36980,5,0,sports
N59580,5,0,sports
N40114,5,0,travel
N62956,5,0,sports
N6913,5,0,news
N59559,5,2,sports
N49574,5,0,health
N26174,5,0,sports
N23963,5,2,music
N19899,5,0,autos
N26199,5,0,sports
N28243,5,0,music
N38913,5,0,weather
N33363,5,0,entertainment
N22508,5,1,foodanddrink
N11286,5,1,news
N1134,5,0,sports
N36957,5,0,sports
N63163,5,1,news
N5162,5,1,sports
N64926,5,0,weather
N23973,5,1,video
N57810,5,0,sports
N35042,5,0,foodanddrink
N40115,5,0,news
N40999,5,0,foodanddrink
N31925,5,0,news
N19937,5,0,sports
N63590,5,0,sports
N10798,5,0,travel
N46442,5,0,news
N22513,5,0,news
N22932,5,0,sports
N51021,5,0,sports
N5515,5,0,news
N11682,5,0,sports
N21189,5,0,travel
N41390,5,0,weather
N38423,5,0,video
N7595,5,0,video
N25033,5,0,health
N30957,5,0,sports
N14416,5,1,sports
N20572,5,0,news
N35405,5,0,news
N34021,5,0,health
N16267,5,0,lifestyle
N47961,5,0,sports
N22830,5,0,sports
N60257,5,2,sports
N57585,5,0,finance
N48681,5,0,video
N20531,5,0,sports
N16054,5,0,lifestyle
N54322,5,0,autos
N661,5,0,news
N17230,5,0,news
N39557,5,0,music
N25006,5,0,news
N24554,5,1,news
N353,5,0,news
N54241,5,0,weather
N62312,5,0,finance
N43726,5,0,news
N63870,5,0,video
N51318,5,0,news
N22747,5,1,sports
N16081,5,0,weather
N21868,5,0,sports
N29640,5,1,sports
N24988,5,1,news
N52555,5,0,lifestyle
N36276,5,0,video
N20578,5,1,autos
N48001,5,0,sports
N54281,5,0,lifestyle
N37846,5,0,weather
N62405,5,1,sports
N32534,5,0,news
N57546,5,1,sports
N25198,5,0,video
N53852,5,0,foodanddrink
N48757,5,0,weather
N35418,5,0,sports
N17608,5,0,sports
N15994,5,0,weather
N47811,5,0,news
N39651,5,0,news
N63894,5,0,sports
N30913,5,0,foodanddrink
N42797,5,0,music
N47773,5,2,sports
N60339,5,0,news
N9213,5,0,health
N32512,5,0,sports
N47756,5,0,finance
N9370,5,1,sports
N11310,5,0,sports
N16281,5,0,news
N60292,5,1,video
N918,5,0,travel
N6611,5,0,sports
N47896,5,0,autos
N10112,5,0,sports
N10606,5,0,music
N13970,5,0,news
N30929,5,0,sports
N48709,5,0,sports
N11541,5,1,news
N47850,5,1,news
N24535,5,0,news
N48712,5,0,sports
N37232,5,0,sports
N2452,5,3,travel
N2050,5,0,news
N48724,5,0,finance
N43284,5,2,weather
N24600,5,0,foodanddrink
N48085,5,0,weather
N24214,5,0,health
N7568,5,1,travel
N35369,5,0,entertainment
N7576,5,0,video
N54078,5,0,news
N32614,5,1,travel
N48309,5,1,news
N16211,5,0,news
N48501,5,0,travel
N48291,5,0,sports
N41069,5,0,sports
N16170,5,0,news
N12917,5,0,sports
N4287,5,2,news
N43071,5,0,sports
N9620,5,0,video
N54136,5,0,news
N62364,5,1,sports
N20686,5,1,news
N24705,5,0,video
N60151,5,1,news
N11466,5,0,autos
N39390,5,0,finance
N32602,5,1,autos
N28713,5,0,sports
N20728,5,0,autos
N48446,5,0,news
N58827,5,0,sports
N20727,5,0,sports
N29058,5,0,news
N16201,5,1,news
N33546,5,0,news
N65160,5,0,sports
N11324,5,0,lifestyle
N54057,5,0,finance
N18137,5,0,news
N58238,5,0,sports
N39368,5,0,sports
N53958,5,0,finance
N4136,5,0,finance
N48094,5,0,finance
N20632,5,0,finance
N16123,5,0,music
N28120,5,0,news
N48152,5,0,news
N22765,5,0,sports
N11149,5,0,travel
N6555,5,0,sports
N31108,5,1,tv
N5422,5,0,lifestyle
N51282,5,0,news
N3951,5,1,sports
N6567,5,1,sports
N24638,5,0,sports
N17212,5,0,video
N58791,5,1,video
N53920,5,0,travel
N10704,5,0,health
N22768,5,0,health
N24649,5,0,weather
N48541,5,0,sports
N18155,5,0,sports
N38369,5,1,video
N10480,5,2,travel
N39346,5,0,news
N63035,5,0,video
N58240,5,0,video
N36266,5,0,travel
N24878,5,0,sports
N24661,5,0,news
N5420,5,0,sports
N10007,5,0,news
N48564,5,0,news
N6306,5,0,news
N60013,5,0,sports
N24659,5,0,news
N5395,5,0,news
N62331,5,0,lifestyle
N47734,5,0,sports
N42020,5,0,finance
N25226,5,0,health
N35998,5,0,entertainment
N49041,5,0,sports
N60520,5,0,sports
N18368,5,1,news
N62998,5,1,sports
N47284,5,0,news
N54683,5,0,news
N20995,5,2,sports
N25553,5,0,foodanddrink
N25516,5,0,music
N58327,5,0,sports
N22003,5,0,sports
N43835,5,0,video
N52342,5,0,sports
N37112,5,1,news
N22634,5,0,news
N25572,5,0,news
N9389,5,0,news
N60517,5,0,sports
N3423,5,1,travel
N47359,5,0,foodanddrink
N47396,5,1,sports
N17160,5,1,sports
N57685,5,0,sports
N16379,5,0,foodanddrink
N10902,5,1,lifestyle
N3131,5,0,lifestyle
N62250,5,0,sports
N49013,5,0,weather
N4732,5,0,news
N4903,5,0,sports
N32767,5,0,news
N25478,5,0,autos
N2548,5,0,sports
N25492,5,1,finance
N37128,5,0,lifestyle
N62245,5,1,weather
N25575,5,0,tv
N1140,5,0,sports
N284,5,0,autos
N34247,5,0,sports
N62235,5,0,news
N49104,5,0,tv
N60599,5,0,news
N4385,5,1,news
N47137,5,0,sports
N35138,5,1,tv
N22629,5,0,finance
N57189,5,0,tv
N49103,5,0,foodanddrink
N59764,5,0,news
N21004,5,0,health
N35133,5,2,sports
N51488,5,1,sports
N24220,5,0,sports
N39133,5,0,news
N47100,5,0,news
N54750,5,0,autos
N15852,5,0,sports
N164,5,3,sports
N57691,5,1,sports
N16403,5,0,news
N51119,5,0,news
N6749,5,0,weather
N39143,5,0,news
N25596,5,0,sports
N29297,5,0,finance
N4384,5,0,news
N47201,5,0,weather
N57706,5,0,news
N39825,5,0,sports
N59779,5,0,news
N54749,5,0,lifestyle
N11153,5,0,foodanddrink
N12284,5,0,news
N30763,5,0,sports
N49095,5,1,news
N1636,5,0,news
N48982,5,0,sports
N60484,5,0,finance
N47614,5,0,finance
N48842,5,0,sports
N60393,5,0,sports
N47629,5,0,lifestyle
N60394,5,0,sports
N5764,5,0,news
N54484,5,0,news
N31184,5,0,sports
N2041,5,1,lifestyle
N34139,5,0,news
N30862,5,0,sports
N59863,5,0,sports
N4760,5,0,entertainment
N20940,5,0,finance
N53779,5,0,news
N18276,5,0,sports
N57306,5,0,sports
N35235,5,1,movies
N2287,5,0,foodanddrink
N13514,5,0,news
N62292,5,0,lifestyle
N58884,5,0,video
N59901,5,0,travel
N25243,5,0,sports
N3357,5,0,sports
N47711,5,0,news
N37203,5,0,news
N48802,5,0,news
N13323,5,0,sports
N36005,5,1,sports
N24435,5,1,sports
N10137,5,0,travel
N51154,5,1,sports
N30893,5,0,news
N35846,5,0,news
N3969,5,0,health
N25298,5,0,news
N29295,5,0,autos
N42377,5,0,sports
N35227,5,0,sports
N1230,5,1,lifestyle
N28441,5,1,sports
N65053,5,1,foodanddrink
N3919,5,0,sports
N24319,5,0,travel
N16354,5,0,sports
N6683,5,0,news
N29963,5,0,tv
N51131,5,0,news
N54506,5,0,travel
N24312,5,0,sports
N62691,5,0,news
N25442,5,0,video
N59809,5,0,sports
N25443,5,0,news
N14490,5,0,sports
N37471,5,0,news
N54577,5,0,movies
N58728,5,4,sports
N35460,5,0,sports
N34186,5,1,travel
N42374,5,0,sports
N28428,5,0,music
N53763,5,1,finance
N39217,5,0,sports
N54538,5,0,sports
N60438,5,0,foodanddrink
N31871,5,0,news
N63,5,0,sports
N20962,5,1,news
N20963,5,0,foodanddrink
N25385,5,1,sports
N12317,5,0,sports
N5456,5,0,news
N39748,5,0,news
N27993,5,1,health
N1460,5,0,sports
N34338,5,0,lifestyle
N50972,5,0,news
N10577,5,0,news
N50319,5,0,foodanddrink
N13103,5,0,sports
N17424,5,1,news
N53001,5,0,sports
N44216,5,0,sports
N58534,5,0,news
N58981,5,1,sports
N7936,5,0,sports
N36777,5,1,news
N35915,5,2,sports
N11033,5,0,news
N50867,5,0,foodanddrink
N45084,5,0,news
N21515,5,0,sports
N15090,5,1,news
N22151,5,0,news
N13124,5,0,travel
N21503,5,0,entertainment
N63400,5,0,finance
N50280,5,0,news
N7204,5,0,news
N50281,5,1,news
N62504,5,0,news
N62022,5,0,finance
N55902,5,0,travel
N55908,5,0,sports
N14649,5,0,foodanddrink
N29763,5,1,news
N50874,5,0,sports
N45161,5,0,news
N3369,5,1,sports
N7634,5,1,sports
N27100,5,0,lifestyle
N23462,5,0,sports
N64374,5,0,lifestyle
N40609,5,0,finance
N36768,5,0,news
N50409,5,1,sports
N44971,5,0,health
N15051,5,1,weather
N23390,5,0,news
N16917,5,0,finance
N27228,5,0,sports
N64649,5,0,news
N13829,5,0,weather
N40597,5,0,sports
N11831,5,0,news
N19282,5,0,sports
N10341,5,0,sports
N30062,5,1,travel
N15039,5,0,sports
N21672,5,1,sports
N38631,5,0,news
N15055,5,0,weather
N23055,5,1,sports
N56008,5,0,travel
N50384,5,0,news
N22346,5,1,music
N63279,5,0,finance
N19308,5,1,news
N64378,5,1,sports
N2914,5,0,music
N9966,5,0,video
N22336,5,0,news
N41248,5,0,sports
N58018,5,0,weather
N38635,5,0,sports
N8073,5,0,tv
N15058,5,0,sports
N64430,5,0,weather
N19368,5,0,news
N62552,5,1,news
N27047,5,1,sports
N35654,5,0,news
N55736,5,0,video
N40442,5,0,finance
N56706,5,0,sports
N53103,5,1,sports
N38726,5,0,sports
N21437,5,0,news
N62861,5,1,sports
N6205,5,0,video
N59337,5,0,news
N63426,5,1,finance
N34487,5,0,finance
N30024,5,0,sports
N32319,5,0,news
N38506,5,2,autos
N17525,5,0,sports
N45453,5,0,video
N11895,5,0,foodanddrink
N55731,5,0,autos
N57966,5,0,news
N38742,5,0,finance
N21427,5,0,news
N40432,5,0,news
N28908,5,0,finance
N45492,5,0,news
N51785,5,0,news
N40437,5,1,news
N64808,5,0,sports
N18721,5,0,sports
N41822,5,2,sports
N64443,5,0,finance
N50140,5,0,sports
N14237,5,0,sports
N22393,5,2,sports
N63424,5,1,sports
N50176,5,1,travel
N17396,5,0,news
N50238,5,0,sports
N11501,5,0,health
N17836,5,1,video
N6341,5,0,video
N19391,5,0,sports
N62549,5,0,health
N45273,5,0,weather
N50240,5,0,sports
N30289,5,0,news
N50242,5,0,news
N61472,5,0,video
N14228,5,0,health
N43423,5,0,sports
N45243,5,0,autos
N51863,5,1,video
N3305,5,0,sports
N19404,5,0,sports
N35960,5,0,news
N26916,5,0,tv
N40462,5,0,sports
N32315,5,0,travel
N14132,5,0,finance
N64438,5,0,sports
N45353,5,0,video
N55810,5,0,foodanddrink
N40466,5,1,news
N13134,5,0,news
N51828,5,0,video
N16822,5,0,weather
N22146,5,0,movies
N11498,5,0,movies
N58976,5,0,health
N31621,5,0,foodanddrink
N56056,5,0,weather
N15038,5,0,news
N45518,5,0,foodanddrink
N739,5,0,foodanddrink
N23194,5,1,music
N38563,5,0,news
N443,5,1,sports
N7383,5,0,sports
N27528,5,0,movies
N62584,5,0,news
N22238,5,0,music
N41492,5,0,news
N11099,5,0,sports
N31704,5,0,news
N23181,5,0,foodanddrink
N13756,5,0,sports
N4453,5,1,finance
N44307,5,0,sports
N59005,5,0,travel
N59075,5,0,news
N27519,5,0,finance
N52001,5,0,news
N50629,5,1,sports
N40758,5,0,weather
N58089,5,0,finance
N17012,5,0,lifestyle
N33812,5,0,sports
N50626,5,1,news
N34695,5,0,sports
N51999,5,2,sports
N2967,5,1,autos
N50634,5,0,news
N7371,5,0,sports
N23209,5,0,sports
N10209,5,0,sports
N43371,5,0,finance
N14930,5,0,news
N27558,5,0,travel
N4337,5,1,sports
N31680,5,1,travel
N56265,5,2,sports
N40856,5,0,sports
N1021,5,0,sports
N42538,5,0,travel
N27632,5,0,lifestyle
N34648,5,0,sports
N29772,5,2,news
N36040,5,2,sports
N1033,5,0,sports
N17082,5,0,lifestyle
N58129,5,0,video
N23099,5,0,news
N13028,5,0,news
N19023,5,0,music
N56431,5,1,sports
N6332,5,0,sports
N50794,5,0,sports
N64690,5,0,news
N12842,5,1,sports
N50693,5,0,news
N58115,5,0,finance
N50683,5,0,weather
N19071,5,0,sports
N33248,5,0,news
N8362,5,0,news
N11764,5,0,sports
N50697,5,0,weather
N56313,5,0,sports
N40836,5,0,entertainment
N23087,5,0,autos
N9516,5,0,sports
N14871,5,0,sports
N23154,5,0,news
N18994,5,0,video
N38564,5,0,news
N40752,5,1,sports
N33652,5,0,lifestyle
N41265,5,0,sports
N3860,5,0,sports
N44824,5,0,finance
N27326,5,0,sports
N16959,5,0,sports
N1709,5,0,sports
N56099,5,1,news
N19205,5,0,travel
N50493,5,0,travel
N11422,5,0,news
N44806,5,0,sports
N3453,5,0,news
N38599,5,0,news
N12748,5,0,sports
N44789,5,0,video
N61676,5,0,travel
N33648,5,0,finance
N30186,5,0,autos
N27313,5,0,news
N56545,5,0,news
N11120,5,0,autos
N302,5,0,video
N58519,5,0,news
N61636,5,0,sports
N64768,5,0,sports
N331,5,0,news
N50461,5,0,news
N44836,5,0,news
N2332,5,0,autos
N40646,5,1,video
N3385,5,1,sports
N34765,5,1,news
N7296,5,1,travel
N18856,5,1,sports
N33849,5,0,news
N44276,5,0,autos
N63368,5,1,news
N56194,5,0,news
N44683,5,1,autos
N22210,5,1,sports
N28340,5,1,lifestyle
N23230,5,2,sports
N29223,5,0,finance
N29859,5,0,news
N52090,5,0,autos
N44690,5,0,travel
N14946,5,0,sports
N7855,5,0,sports
N63302,5,1,lifestyle
N61731,5,0,sports
N44645,5,0,video
N44640,5,0,news
N30146,5,0,sports
N52870,5,0,weather
N19166,5,0,foodanddrink
N31684,5,0,video
N30067,5,0,travel
N30165,5,0,sports
N6169,5,0,sports
N19153,5,1,sports
N7937,5,0,music
N11800,5,0,lifestyle
N10757,5,0,sports
N44288,5,0,news
N59136,5,0,video
N30068,5,0,news
N52878,5,0,sports
N44722,5,1,sports
N21563,5,1,news
N23278,5,0,sports
N41585,5,1,news
N20742,5,0,autos
N50026,5,0,news
N58406,5,0,finance
N28621,5,0,video
N41240,5,0,finance
N21334,5,0,sports
N23672,5,0,health
N41830,5,1,travel
N55417,5,2,lifestyle
N38818,5,0,news
N40282,5,0,health
N56885,5,2,sports
N26670,5,1,foodanddrink
N10383,5,0,sports
N11130,5,0,news
N51771,5,0,travel
N12009,5,0,news
N61245,5,0,sports
N23765,5,0,kids
N19645,5,0,video
N36458,5,0,autos
N38766,5,0,video
N26686,5,0,news
N64892,5,0,sports
N3761,5,1,sports
N57867,5,1,lifestyle
N9550,5,1,news
N9471,5,1,sports
N16667,5,0,foodanddrink
N52698,5,0,sports
N13168,5,0,foodanddrink
N710,5,0,news
N28633,5,0,video
N18704,5,3,sports
N61123,5,0,sports
N21313,5,0,sports
N45642,5,0,news
N58405,5,0,health
N55480,5,0,news
N5787,5,0,news
N17882,5,0,finance
N29352,5,0,foodanddrink
N61345,5,0,news
N7099,5,0,video
N31755,5,1,video
N29129,5,0,sports
N7052,5,0,sports
N5,5,0,sports
N21745,5,0,news
N11944,5,0,news
N10713,5,0,travel
N62080,5,0,news
N5556,5,0,news
N11410,5,0,sports
N27831,5,0,lifestyle
N52185,5,1,weather
N49876,5,0,sports
N29706,5,0,sports
N34908,5,1,news
N3234,5,1,finance
N10777,5,0,sports
N42098,5,0,news
N15341,5,0,travel
N23782,5,0,weather
N33627,5,0,travel
N28280,5,0,news
N49883,5,0,finance
N45720,5,0,sports
N41424,5,0,news
N53253,5,0,sports
N45938,5,0,foodanddrink
N55459,5,0,sports
N30340,5,0,finance
N64083,5,0,sports
N49855,5,2,sports
N45700,5,3,sports
N56874,5,1,video
N4986,5,1,news
N22474,5,0,sports
N3650,5,0,autos
N33026,5,1,sports
N55559,5,0,news
N23807,5,1,sports
N63227,5,0,video
N34913,5,0,lifestyle
N26657,5,0,video
N63216,5,0,foodanddrink
N2371,5,0,video
N45980,5,0,news
N18707,5,0,sports
N11994,5,0,news
N1957,5,0,sports
N44173,5,0,sports
N63193,5,2,sports
N63525,5,0,sports
N4980,5,0,news
N42486,5,0,entertainment
N26584,5,0,news
N16729,5,0,foodanddrink
N2362,5,0,lifestyle
N30,5,0,sports
N50071,5,0,news
N56826,5,0,sports
N30019,5,1,news
N57944,5,0,news
N9093,5,0,news
N59480,5,1,weather
N12872,5,0,foodanddrink
N56764,5,1,news
N11695,5,0,news
N26755,5,0,news
N49921,5,0,news
N16663,5,0,news
N15456,5,0,news
N43473,5,1,music
N40211,5,0,health
N26583,5,0,travel
N29477,5,0,lifestyle
N1862,5,0,sports
N1367,5,0,sports
N11908,5,0,sports
N35771,5,0,news
N61362,5,1,news
N32217,5,0,news
N62057,5,0,news
N33624,5,1,news
N18619,5,0,news
N18660,5,1,weather
N21355,5,0,travel
N11906,5,0,sports
N9090,5,0,sports
N52706,5,1,sports
N45531,5,0,news
N12639,5,0,news
N4588,5,0,autos
N28865,5,1,travel
N22483,5,0,music
N34412,5,0,finance
N59365,5,0,news
N49918,5,0,finance
N2136,5,0,lifestyle
N23617,5,1,sports
N57854,5,0,news
N32340,5,1,sports
N2670,5,1,weather
N33327,5,0,video
N50928,5,0,video
N22963,4,0,news
N42157,4,0,video
N58994,4,0,sports
N3846,4,1,news
N6251,4,1,sports
N57611,4,0,sports
N57616,4,1,sports
N63028,4,0,travel
N35712,4,0,sports
N10181,4,0,news
N48685,4,0,news
N24570,4,0,lifestyle
N170,4,0,news
N9211,4,0,news
N32155,4,1,news
N21761,4,0,sports
N5758,4,0,news
N31175,4,0,lifestyle
N51007,4,0,news
N16614,4,0,sports
N10828,4,1,news
N48789,4,0,sports
N7956,4,0,video
N50576,4,0,news
N50813,4,0,sports
N18069,4,0,lifestyle
N49929,4,0,travel
N24511,4,0,sports
N59455,4,0,health
N48708,4,0,weather
N21545,4,0,sports
N31162,4,0,sports
N59150,4,0,autos
N12759,4,0,travel
N35411,4,0,news
N33791,4,0,video
N16284,4,0,finance
N2458,4,0,sports
N37712,4,1,news
N11625,4,0,sports
N52899,4,0,news
N16984,4,0,sports
N58857,4,1,finance
N4992,4,0,news
N64021,4,0,foodanddrink
N49916,4,0,weather
N64741,4,0,finance
N7623,4,0,news
N18072,4,0,sports
N52902,4,0,news
N42891,4,0,sports
N23946,4,0,sports
N50562,4,0,sports
N50496,4,0,sports
N23276,4,0,news
N23277,4,0,sports
N59942,4,0,sports
N59918,4,0,video
N24563,4,0,news
N41176,4,0,news
N38890,4,0,finance
N31166,4,0,weather
N50505,4,0,health
N17795,4,0,finance
N37410,4,0,news
N53410,4,0,sports
N39294,4,0,news
N63892,4,1,news
N50549,4,0,weather
N12607,4,0,autos
N36192,4,1,finance
N41120,4,0,movies
N3892,4,1,news
N1017,4,0,lifestyle
N53888,4,1,health
N29216,4,0,health
N53993,4,0,sports
N52806,4,1,news
N24697,4,0,video
N57846,4,0,autos
N57508,4,0,sports
N3774,4,0,weather
N32584,4,0,video
N64701,4,0,news
N4307,4,0,video
N13382,4,1,news
N48515,4,0,news
N16223,4,2,sports
N38531,4,0,news
N28601,4,0,news
N18102,4,1,travel
N7707,4,0,sports
N18098,4,0,health
N48538,4,1,news
N29566,4,0,sports
N12838,4,0,foodanddrink
N37602,4,0,sports
N31097,4,0,sports
N33792,4,0,news
N43664,4,0,weather
N49829,4,0,news
N50803,4,0,video
N52685,4,0,sports
N38853,4,0,sports
N21568,4,0,news
N12433,4,0,news
N35747,4,0,sports
N37603,4,0,sports
N53317,4,0,news
N16652,4,0,autos
N65174,4,0,tv
N34049,4,0,sports
N14050,4,0,video
N21287,4,0,news
N54001,4,0,sports
N50761,4,1,travel
N28377,4,1,sports
N7991,4,0,news
N62385,4,0,sports
N52530,4,0,sports
N59032,4,0,weather
N8796,4,0,video
N17056,4,0,news
N41341,4,0,sports
N59041,4,1,sports
N31088,4,0,news
N528,4,1,sports
N29606,4,0,lifestyle
N34042,4,1,sports
N28347,4,0,health
N6490,4,0,sports
N16637,4,1,sports
N17906,4,0,travel
N48555,4,0,news
N38857,4,0,travel
N53902,4,0,travel
N2187,4,0,sports
N35618,4,1,foodanddrink
N38831,4,0,news
N28142,4,0,weather
N51201,4,0,sports
N53909,4,1,foodanddrink
N2828,4,0,sports
N16691,4,0,sports
N6513,4,0,video
N48631,4,0,finance
N63879,4,0,finance
N29252,4,0,sports
N50614,4,0,news
N35602,4,0,sports
N23895,4,0,news
N1773,4,0,lifestyle
N59515,4,0,news
N20859,4,0,news
N31702,4,0,autos
N57833,4,1,weather
N5286,4,0,foodanddrink
N64090,4,1,news
N29256,4,1,news
N14216,4,0,video
N9252,4,0,news
N7657,4,0,entertainment
N49703,4,0,sports
N52849,4,1,music
N64722,4,0,news
N42385,4,0,news
N50804,4,0,sports
N49717,4,0,sports
N17691,4,0,lifestyle
N23866,4,0,sports
N14070,4,0,lifestyle
N33775,4,0,video
N29158,4,0,foodanddrink
N64889,4,0,sports
N1405,4,0,sports
N6422,4,0,lifestyle
N50960,4,1,news
N5269,4,0,sports
N52839,4,0,weather
N21318,4,1,video
N8212,4,1,news
N51216,4,0,lifestyle
N13216,4,0,news
N6,4,0,sports
N49705,4,0,news
N52539,4,0,sports
N53939,4,0,sports
N64275,4,2,news
N14348,4,0,travel
N17013,4,0,sports
N59988,4,0,sports
N2331,4,0,sports
N7757,4,0,travel
N51013,4,1,finance
N3900,4,0,news
N8118,4,0,sports
N6503,4,1,sports
N18010,4,2,autos
N31387,4,0,sports
N36175,4,0,news
N57985,4,2,news
N53657,4,0,news
N50231,4,0,sports
N5260,4,0,sports
N62547,4,0,video
N5798,4,0,news
N21841,4,0,travel
N23016,4,0,video
N49133,4,0,news
N21732,4,0,sports
N33899,4,0,sports
N49143,4,0,news
N24213,4,0,news
N8998,4,0,sports
N3178,4,0,news
N16442,4,1,sports
N4109,4,0,sports
N50206,4,0,news
N8867,4,1,music
N62462,4,1,sports
N50200,4,1,weather
N23665,4,1,sports
N50199,4,0,travel
N53070,4,0,sports
N31332,4,1,finance
N23682,4,0,news
N16849,4,0,weather
N57992,4,0,news
N64798,4,0,finance
N900,4,1,sports
N8951,4,0,sports
N4906,4,0,news
N1782,4,0,news
N5265,4,1,sports
N23026,4,0,travel
N2927,4,1,sports
N17826,4,0,lifestyle
N1796,4,0,travel
N59782,4,1,news
N32404,4,0,sports
N49432,4,0,entertainment
N50283,4,0,sports
N23521,4,2,sports
N41127,4,0,news
N16866,4,0,news
N28316,4,0,video
N49418,4,0,sports
N49411,4,0,video
N23504,4,0,weather
N761,4,1,finance
N36156,4,0,travel
N43602,4,0,sports
N50257,4,0,sports
N37680,4,0,sports
N10763,4,2,sports
N14057,4,1,sports
N24206,4,0,news
N17837,4,0,sports
N1653,4,0,finance
N49314,4,0,news
N50160,4,1,health
N50084,4,0,news
N53145,4,0,sports
N42322,4,0,lifestyle
N38739,4,0,sports
N51069,4,0,news
N59350,4,0,sports
N23621,4,1,news
N49237,4,0,travel
N36167,4,0,tv
N21095,4,1,health
N49316,4,0,sports
N17122,4,0,sports
N50104,4,2,sports
N31368,4,1,news
N42068,4,0,video
N53109,4,0,travel
N64972,4,0,autos
N62469,4,0,weather
N50109,4,0,news
N49303,4,0,lifestyle
N57745,4,0,sports
N23611,4,0,tv
N50128,4,0,sports
N38741,4,0,sports
N53560,4,0,music
N23616,4,0,sports
N42066,4,0,foodanddrink
N16792,4,0,lifestyle
N63973,4,0,travel
N35793,4,0,foodanddrink
N8874,4,0,sports
N3390,4,0,news
N33903,4,0,tv
N21038,4,0,video
N17970,4,0,weather
N12538,4,0,music
N32188,4,0,finance
N31613,4,1,travel
N21040,4,1,sports
N50065,4,2,sports
N14271,4,0,sports
N50066,4,0,sports
N2170,4,0,travel
N50179,4,0,finance
N10185,4,0,travel
N33784,4,1,video
N38696,4,0,sports
N49188,4,0,travel
N16469,4,0,health
N12687,4,0,sports
N22900,4,1,travel
N1329,4,1,news
N62636,4,0,news
N16470,4,2,news
N9762,4,0,news
N64990,4,0,video
N49332,4,0,video
N39076,4,0,sports
N38707,4,0,sports
N50311,4,1,sports
N14283,4,0,travel
N52577,4,0,news
N21502,4,0,sports
N1422,4,0,autos
N1317,4,0,finance
N63006,4,0,finance
N41327,4,0,travel
N16930,4,0,news
N16326,4,0,news
N37436,4,0,news
N29084,4,0,news
N28697,4,0,video
N59174,4,0,movies
N641,4,0,sports
N48878,4,0,foodanddrink
N37554,4,0,sports
N59184,4,0,sports
N58033,4,0,news
N53461,4,0,sports
N48886,4,0,autos
N29274,4,0,news
N340,4,1,sports
N32290,4,1,sports
N38791,4,0,entertainment
N23374,4,1,weather
N11388,4,0,lifestyle
N49992,4,0,finance
N14175,4,1,lifestyle
N53189,4,0,sports
N58024,4,1,news
N42329,4,0,weather
N4891,4,0,sports
N50114,4,0,sports
N35626,4,0,sports
N38613,4,0,news
N17897,4,0,news
N23074,4,0,news
N35561,4,1,sports
N50474,4,0,sports
N57893,4,0,travel
N32367,4,0,weather
N42894,4,0,news
N35427,4,0,news
N24446,4,0,video
N59895,4,0,lifestyle
N14311,4,0,sports
N21363,4,0,sports
N31682,4,0,travel
N59428,4,1,sports
N41175,4,0,weather
N28360,4,0,sports
N17797,4,0,sports
N23974,4,0,weather
N41081,4,0,news
N16582,4,0,sports
N57634,4,1,news
N21855,4,0,lifestyle
N5046,4,1,news
N9299,4,0,video
N32236,4,0,sports
N59874,4,0,lifestyle
N38800,4,0,news
N29524,4,0,travel
N24405,4,0,movies
N59836,4,1,sports
N39212,4,0,news
N53748,4,1,sports
N24280,4,0,travel
N64104,4,0,travel
N37810,4,0,news
N59215,4,0,travel
N17816,4,0,finance
N5036,4,1,sports
N53487,4,0,lifestyle
N31561,4,0,foodanddrink
N2429,4,0,news
N29226,4,0,sports
N58011,4,0,news
N20989,4,0,news
N14035,4,0,weather
N29842,4,0,sports
N64105,4,0,news
N169,4,0,news
N64168,4,0,sports
N39160,4,0,entertainment
N21155,4,0,finance
N29775,4,1,video
N31414,4,0,video
N59607,4,0,video
N10594,4,0,sports
N50024,4,0,sports
N43611,4,0,lifestyle
N17957,4,0,sports
N53165,4,0,lifestyle
N13311,4,0,news
N3915,4,1,sports
N8954,4,0,weather
N5038,4,3,sports
N31423,4,1,news
N42945,4,0,sports
N50854,4,1,sports
N12855,4,1,sports
N7765,4,0,sports
N59831,4,0,sports
N32489,4,0,video
N35453,4,0,autos
N3216,4,1,weather
N31789,4,0,news
N14297,4,0,weather
N37553,4,0,news
N50405,4,0,autos
N23406,4,0,sports
N48947,4,0,weather
N1771,4,0,sports
N33905,4,1,weather
N50398,4,0,news
N50000,4,0,weather
N62857,4,0,sports
N49500,4,0,finance
N36138,4,0,news
N1250,4,0,lifestyle
N5768,4,0,health
N3155,4,0,lifestyle
N37688,4,0,weather
N50942,4,0,movies
N50386,4,0,video
N11476,4,0,sports
N31292,4,0,weather
N16407,4,0,sports
N60443,4,0,news
N17633,4,1,lifestyle
N38142,4,0,sports
N44127,4,0,finance
N64353,4,0,news
N3446,4,0,sports
N3040,4,1,lifestyle
N45773,4,0,sports
N15352,4,0,news
N14154,4,1,news
N61258,4,0,lifestyle
N42196,4,0,news
N38145,4,0,weather
N61260,4,0,sports
N4414,4,1,sports
N40993,4,2,sports
N14147,4,0,autos
N26638,4,0,sports
N43172,4,1,sports
N63225,4,0,sports
N7481,4,2,news
N45721,4,0,news
N63470,4,0,sports
N15290,4,0,news
N30358,4,0,sports
N36840,4,0,sports
N19526,4,0,sports
N3687,4,0,news
N63475,4,0,video
N36875,4,0,autos
N61230,4,0,news
N41508,4,0,news
N34932,4,0,sports
N947,4,0,video
N36893,4,0,sports
N38185,4,0,news
N41243,4,0,news
N19629,4,0,news
N30435,4,0,sports
N45860,4,0,sports
N4586,4,0,autos
N19619,4,0,finance
N15362,4,0,foodanddrink
N56830,4,0,foodanddrink
N55507,4,0,foodanddrink
N1866,4,0,sports
N4583,4,0,autos
N19603,4,0,weather
N45821,4,0,sports
N55523,4,0,autos
N36876,4,0,sports
N63477,4,0,finance
N26594,4,0,travel
N40353,4,0,health
N14621,4,0,news
N44150,4,0,music
N45666,4,0,foodanddrink
N56735,4,0,health
N55673,4,0,video
N22121,4,0,sports
N11019,4,1,news
N56723,4,0,lifestyle
N45506,4,0,sports
N12997,4,1,video
N557,4,2,sports
N18717,4,0,finance
N28909,4,0,sports
N27799,4,0,sports
N8464,4,0,sports
N29576,4,0,weather
N17534,4,1,lifestyle
N58563,4,0,video
N13685,4,0,sports
N62052,4,0,foodanddrink
N5669,4,0,video
N45427,4,0,news
N7133,4,0,health
N45416,4,0,video
N10226,4,1,video
N19445,4,0,sports
N9486,4,0,sports
N33286,4,0,foodanddrink
N7119,4,1,lifestyle
N43171,4,0,finance
N38140,4,0,sports
N26677,4,0,foodanddrink
N10326,4,0,health
N15277,4,0,autos
N45632,4,0,finance
N55633,4,0,sports
N45625,4,0,health
N45623,4,1,sports
N36513,4,0,lifestyle
N63235,4,0,news
N19500,4,0,news
N8482,4,1,sports
N55646,4,0,news
N34890,4,0,sports
N40412,4,0,sports
N22406,4,0,travel
N11015,4,0,news
N45588,4,0,sports
N26740,4,0,weather
N45585,4,0,sports
N40420,4,0,autos
N5676,4,0,news
N44169,4,0,news
N55664,4,0,sports
N61188,4,0,weather
N40328,4,0,video
N3588,4,1,news
N13611,4,1,health
N22086,4,2,sports
N26295,4,0,news
N55295,4,1,sports
N15526,4,0,news
N52208,4,0,news
N42684,4,0,sports
N15509,4,1,sports
N51655,4,0,finance
N41868,4,0,weather
N40966,4,0,news
N28855,4,1,news
N44032,4,1,weather
N26345,4,0,news
N61035,4,0,sports
N10963,4,0,lifestyle
N36439,4,0,foodanddrink
N56943,4,0,video
N43197,4,0,sports
N26365,4,1,news
N17338,4,0,sports
N46136,4,0,sports
N56937,4,0,news
N29191,4,0,sports
N27849,4,1,travel
N12064,4,0,sports
N55357,4,1,news
N19833,4,1,lifestyle
N32924,4,0,lifestyle
N17312,4,1,news
N56997,4,1,sports
N46362,4,1,news
N46344,4,0,lifestyle
N19886,4,0,foodanddrink
N56981,4,0,sports
N7817,4,1,sports
N12087,4,0,sports
N5698,4,0,news
N11443,4,0,video
N27850,4,0,sports
N19856,4,0,travel
N3368,4,0,sports
N19854,4,0,travel
N26247,4,1,news
N9577,4,0,sports
N2477,4,0,sports
N46297,4,0,sports
N1361,4,0,sports
N37982,4,0,video
N22080,4,0,sports
N13888,4,0,sports
N46126,4,0,travel
N34978,4,1,sports
N45913,4,0,sports
N44087,4,0,music
N63514,4,0,news
N46017,4,0,video
N9559,4,0,video
N7011,4,0,sports
N26483,4,0,foodanddrink
N4409,4,0,sports
N40295,4,1,travel
N45981,4,0,sports
N26507,4,0,sports
N15421,4,0,travel
N3047,4,0,sports
N26513,4,0,news
N17537,4,0,lifestyle
N30466,4,1,sports
N61168,4,0,news
N8512,4,0,news
N55447,4,1,sports
N9718,4,0,video
N40317,4,0,tv
N19656,4,0,finance
N34437,4,0,sports
N13655,4,0,sports
N55462,4,0,news
N51710,4,0,sports
N12013,4,0,news
N62113,4,0,foodanddrink
N46037,4,0,news
N38196,4,1,sports
N46115,4,0,news
N56931,4,0,news
N6979,4,0,sports
N34398,4,0,health
N44049,4,0,lifestyle
N10042,4,0,weather
N38195,4,0,sports
N35865,4,0,news
N62108,4,0,travel
N12031,4,0,foodanddrink
N6993,4,0,sports
N17349,4,0,music
N1004,4,0,finance
N19682,4,0,music
N51708,4,0,sports
N4025,4,0,news
N18635,4,1,sports
N8344,4,0,sports
N40945,4,0,news
N19676,4,0,finance
N43194,4,0,video
N17543,4,0,sports
N40454,4,0,sports
N6142,4,1,news
N22377,4,0,news
N64380,4,0,video
N44710,4,0,sports
N63363,4,0,autos
N27421,4,0,tv
N8387,4,0,autos
N41753,4,0,sports
N36595,4,0,news
N8378,4,0,sports
N44671,4,0,travel
N4253,4,0,weather
N14739,4,0,news
N11077,4,0,news
N22236,4,0,lifestyle
N27717,4,1,news
N7361,4,0,news
N40750,4,0,foodanddrink
N1494,4,0,weather
N13752,4,0,sports
N11182,4,1,sports
N41487,4,0,sports
N11083,4,0,entertainment
N27499,4,0,news
N18952,4,0,tv
N737,4,0,sports
N56164,4,0,music
N63366,4,0,autos
N27712,4,0,news
N7854,4,0,news
N8409,4,0,sports
N31984,4,0,lifestyle
N34761,4,0,health
N44271,4,0,sports
N44812,4,0,sports
N61655,4,0,sports
N51964,4,0,health
N29423,4,0,sports
N7307,4,0,music
N19204,4,0,autos
N19202,4,0,sports
N22317,4,0,travel
N42217,4,0,news
N34746,4,0,tv
N44777,4,0,news
N33118,4,0,sports
N10022,4,0,lifestyle
N52108,4,0,sports
N61684,4,0,sports
N56511,4,0,news
N14976,4,0,news
N33130,4,0,news
N17465,4,0,news
N1412,4,0,autos
N41708,4,0,foodanddrink
N18861,4,0,sports
N41734,4,0,news
N29457,4,0,sports
N1898,4,0,sports
N56304,4,0,health
N9528,4,0,sports
N22270,4,0,foodanddrink
N30093,4,0,autos
N44430,4,1,sports
N27606,4,0,sports
N56314,4,0,sports
N27615,4,0,news
N62777,4,0,weather
N56341,4,0,music
N1904,4,0,news
N42540,4,1,weather
N34653,4,0,health
N64400,4,0,sports
N14812,4,0,sports
N14808,4,0,music
N34647,4,0,sports
N56362,4,0,sports
N36616,4,0,travel
N29668,4,1,news
N56420,4,1,finance
N17494,4,0,sports
N19058,4,0,weather
N27711,4,0,foodanddrink
N13763,4,0,foodanddrink
N34575,4,1,news
N61759,4,0,foodanddrink
N14932,4,0,sports
N38040,4,0,sports
N33249,4,0,travel
N30131,4,0,video
N44568,4,0,news
N14923,4,0,news
N56246,4,2,sports
N10011,4,0,sports
N44552,4,0,weather
N7385,4,0,news
N33208,4,1,news
N44305,4,0,sports
N14916,4,0,video
N40796,4,0,news
N44508,4,1,sports
N44507,4,0,sports
N40807,4,0,tv
N18967,4,0,sports
N19068,4,1,autos
N36654,4,0,news
N56287,4,0,news
N19209,4,0,news
N913,4,0,sports
N26887,4,0,sports
N17418,4,0,lifestyle
N61481,4,0,travel
N27034,4,0,finance
N43170,4,0,sports
N55880,4,2,sports
N18780,4,0,news
N51867,4,0,news
N15158,4,0,news
N9538,4,0,sports
N38012,4,1,news
N61492,4,0,sports
N4260,4,1,sports
N15154,4,1,sports
N45210,4,0,video
N40510,4,0,finance
N41799,4,0,lifestyle
N38107,4,0,video
N56622,4,0,news
N27082,4,0,travel
N30031,4,0,sports
N13709,4,0,video
N11553,4,0,autos
N45153,4,0,video
N36784,4,1,sports
N33721,4,0,sports
N51857,4,0,sports
N55918,4,0,sports
N27018,4,0,news
N45361,4,0,sports
N8085,4,1,sports
N30297,4,0,weather
N19424,4,0,sports
N45327,4,0,news
N8131,4,0,lifestyle
N15186,4,0,news
N30292,4,0,news
N18755,4,0,entertainment
N19420,4,1,travel
N15180,4,0,finance
N34839,4,1,news
N61454,4,0,news
N7184,4,1,sports
N13856,4,1,video
N44196,4,0,sports
N19396,4,0,sports
N55857,4,1,sports
N52152,4,0,sports
N7193,4,0,sports
N45274,4,0,sports
N45272,4,0,finance
N55866,4,0,lifestyle
N4421,4,0,sports
N36782,4,0,sports
N19235,4,0,news
N14689,4,0,travel
N18820,4,0,sports
N22179,4,0,weather
N7261,4,1,sports
N51945,4,0,music
N56032,4,1,news
N19287,4,1,finance
N27233,4,0,sports
N41776,4,0,sports
N40599,4,0,finance
N42516,4,0,news
N19281,4,0,news
N34771,4,0,sports
N33699,4,0,news
N13822,4,1,sports
N44886,4,0,autos
N15028,4,0,news
N27284,4,0,news
N58513,4,0,sports
N56065,4,0,sports
N27294,4,0,sports
N19251,4,0,news
N33257,4,0,sports
N64379,4,1,sports
N58524,4,0,sports
N41782,4,0,travel
N61529,4,0,finance
N40584,4,0,sports
N19339,4,0,weather
N58532,4,0,sports
N18803,4,0,video
N55957,4,1,sports
N55958,4,2,sports
N7222,4,0,news
N44217,4,0,finance
N27161,4,0,travel
N61996,4,2,sports
N7226,4,0,finance
N22348,4,1,foodanddrink
N8425,4,1,sports
N723,4,0,tv
N45046,4,1,news
N5659,4,0,lifestyle
N61554,4,0,news
N56584,4,0,news
N1170,4,2,news
N5657,4,0,autos
N4170,4,1,sports
N56018,4,0,video
N4057,4,0,news
N11036,4,0,news
N46384,4,0,sports
N9443,4,0,news
N13596,4,0,sports
N29643,4,0,sports
N47720,4,0,news
N25228,4,0,sports
N15959,4,1,sports
N25244,4,0,weather
N18258,4,0,video
N41571,4,0,music
N42788,4,0,lifestyle
N6629,4,0,sports
N21956,4,0,sports
N64311,4,0,sports
N25279,4,0,news
N57343,4,0,video
N8706,4,0,sports
N43784,4,0,finance
N4765,4,0,weather
N14424,4,0,news
N28014,4,1,news
N2532,4,0,music
N47642,4,1,news
N58755,4,0,weather
N3088,4,0,news
N20412,4,0,sports
N18256,4,0,sports
N64545,4,1,news
N64315,4,0,weather
N37227,4,0,sports
N32684,4,0,sports
N58276,4,0,news
N18230,4,0,travel
N30916,4,0,autos
N18233,4,1,sports
N47848,4,0,foodanddrink
N47844,4,0,health
N10877,4,0,finance
N54389,4,0,news
N51370,4,0,sports
N47827,4,0,video
N2522,4,0,news
N54396,4,0,news
N47813,4,0,sports
N54400,4,0,travel
N57355,4,0,sports
N35241,4,0,lifestyle
N15970,4,2,news
N60342,4,0,travel
N39661,4,0,news
N47759,4,1,sports
N20463,4,0,video
N47616,4,0,lifestyle
N3973,4,0,news
N62300,4,0,sports
N43823,4,0,sports
N60461,4,0,video
N5518,4,0,weather
N27990,4,0,news
N38313,4,0,news
N62689,4,1,news
N5460,4,1,sports
N57243,4,0,news
N12931,4,0,lifestyle
N54629,4,0,video
N6706,4,1,autos
N8190,4,0,sports
N47456,4,0,sports
N30807,4,1,sports
N28456,4,0,travel
N25457,4,0,travel
N18338,4,0,sports
N20308,4,0,finance
N35177,4,0,weather
N60503,4,0,news
N39788,4,0,sports
N21997,4,0,news
N15897,4,0,sports
N6670,4,0,lifestyle
N25395,4,0,travel
N664,4,0,kids
N60429,4,0,video
N604,4,0,sports
N28004,4,0,sports
N28794,4,0,autos
N8317,4,0,news
N4758,4,0,sports
N18295,4,0,video
N2880,4,0,sports
N52389,4,1,sports
N36304,4,0,video
N57281,4,0,sports
N25375,4,0,sports
N60451,4,1,weather
N17245,4,0,news
N54553,4,1,news
N42414,4,0,travel
N41189,4,1,news
N10901,4,0,travel
N18307,4,1,sports
N15940,4,1,finance
N8685,4,0,video
N54565,4,0,entertainment
N31872,4,0,sports
N43755,4,0,sports
N20507,4,1,news
N18359,4,0,finance
N10113,4,0,news
N54110,4,0,video
N6013,4,0,sports
N48277,4,1,news
N48269,4,1,sports
N18148,4,1,news
N37281,4,0,foodanddrink
N10119,4,0,weather
N42395,4,0,music
N4826,4,0,sports
N24867,4,0,news
N30987,4,1,news
N18144,4,1,movies
N5251,4,0,news
N28083,4,0,sports
N48226,4,0,news
N18166,4,0,weather
N54173,4,1,sports
N14073,4,0,sports
N20654,4,1,news
N60190,4,0,finance
N20650,4,0,sports
N32000,4,0,news
N64287,4,0,tv
N31014,4,0,news
N30984,4,0,sports
N39425,4,0,travel
N63836,4,0,sports
N60073,4,0,news
N54030,4,0,sports
N39404,4,0,news
N39408,4,0,news
N8307,4,0,foodanddrink
N35381,4,0,news
N13070,4,0,news
N36248,4,0,sports
N32608,4,2,news
N16180,4,0,sports
N2485,4,0,sports
N29755,4,0,health
N12415,4,0,news
N6011,4,0,sports
N39440,4,0,video
N34053,4,1,news
N58820,4,0,news
N2188,4,0,sports
N48333,4,0,news
N5409,4,1,news
N28094,4,0,music
N35312,4,1,sports
N57410,4,0,weather
N3959,4,0,sports
N57390,4,0,weather
N47986,4,0,news
N20577,4,1,weather
N20539,4,0,travel
N54299,4,0,sports
N60270,4,1,sports
N13951,4,0,sports
N5134,4,1,sports
N47958,4,0,health
N63797,4,0,news
N30952,4,0,sports
N6597,4,0,travel
N30960,4,0,sports
N28037,4,0,sports
N13437,4,1,sports
N32677,4,0,finance
N21906,4,0,news
N22724,4,0,sports
N42403,4,0,sports
N30936,4,0,news
N25083,4,0,sports
N8206,4,0,sports
N51351,4,1,sports
N47994,4,0,foodanddrink
N25,4,0,sports
N8,4,0,travel
N58245,4,0,news
N54220,4,0,travel
N16100,4,0,news
N60224,4,1,sports
N20626,4,0,news
N43719,4,0,sports
N20624,4,0,autos
N48107,4,2,travel
N64549,4,0,news
N48100,4,1,sports
N37257,4,0,weather
N16093,4,0,travel
N11183,4,0,sports
N24952,4,0,sports
N9193,4,0,lifestyle
N58250,4,0,music
N20604,4,1,news
N8746,4,0,sports
N12364,4,0,weather
N30970,4,0,sports
N35830,4,0,health
N48035,4,0,weather
N58778,4,1,news
N34215,4,0,sports
N10103,4,0,sports
N37924,4,0,autos
N2005,4,1,sports
N36374,4,0,foodanddrink
N54963,4,0,sports
N2884,4,1,news
N9592,4,0,news
N46755,4,0,lifestyle
N2885,4,1,news
N25894,4,0,sports
N4674,4,0,lifestyle
N2006,4,0,news
N60800,4,0,news
N15651,4,0,finance
N57062,4,0,news
N40017,4,0,sports
N62195,4,0,lifestyle
N32855,4,0,music
N25937,4,0,sports
N25947,4,0,news
N55014,4,0,travel
N8592,4,0,health
N15644,4,0,sports
N46676,4,1,sports
N40048,4,0,sports
N58334,4,0,sports
N58333,4,0,sports
N46797,4,0,travel
N34275,4,0,weather
N54865,4,0,sports
N32824,4,0,news
N46952,4,0,news
N46951,4,0,health
N54867,4,0,sports
N32827,4,0,foodanddrink
N60725,4,0,news
N29972,4,0,sports
N57143,4,0,sports
N42443,4,0,travel
N63659,4,1,lifestyle
N46894,4,0,sports
N9405,4,0,sports
N42187,4,0,news
N58680,4,0,news
N57222,4,0,news
N54914,4,0,sports
N25841,4,0,sports
N10297,4,0,sports
N30654,4,0,news
N571,4,2,video
N46665,4,0,movies
N20007,4,0,weather
N25757,4,0,sports
N9157,4,0,sports
N15576,4,0,weather
N8167,4,2,news
N465,4,0,sports
N46491,4,2,news
N46487,4,0,lifestyle
N2612,4,0,news
N52259,4,0,news
N6316,4,1,sports
N9918,4,0,news
N46463,4,0,weather
N32918,4,0,video
N13568,4,0,news
N12118,4,0,news
N46444,4,0,sports
N34332,4,0,lifestyle
N29013,4,0,sports
N64497,4,1,sports
N55163,4,0,sports
N37980,4,0,sports
N26173,4,0,sports
N26178,4,0,video
N15564,4,0,autos
N30557,4,0,sports
N1995,4,0,sports
N57020,4,0,foodanddrink
N26060,4,0,finance
N46656,4,0,music
N43927,4,0,sports
N63613,4,0,sports
N14545,4,0,news
N42246,4,0,news
N33385,4,0,foodanddrink
N46632,4,0,news
N57054,4,0,sports
N32877,4,0,tv
N46615,4,0,sports
N34291,4,0,news
N60861,4,0,sports
N2602,4,1,finance
N15626,4,1,tv
N3640,4,0,news
N37952,4,0,video
N51577,4,0,sports
N12138,4,0,video
N32082,4,0,weather
N10416,4,0,video
N40104,4,0,finance
N20173,4,1,news
N25837,4,0,news
N47217,4,0,finance
N5718,4,0,foodanddrink
N6059,4,0,sports
N15884,4,0,sports
N8645,4,0,news
N18455,4,0,foodanddrink
N12255,4,0,news
N25589,4,0,news
N20257,4,1,news
N3426,4,0,entertainment
N25725,4,0,news
N17267,4,0,news
N5475,4,0,news
N12265,4,0,news
N20185,4,0,sports
N43254,4,0,sports
N25674,4,1,sports
N29299,4,0,video
N12258,4,1,sports
N52339,4,0,travel
N57163,4,0,sports
N41930,4,0,entertainment
N47074,4,0,news
N22615,4,0,foodanddrink
N33432,4,0,news
N39886,4,0,news
N4718,4,0,sports
N15865,4,0,sports
N5479,4,0,sports
N8653,4,0,finance
N25579,4,0,news
N51473,4,1,news
N54778,4,0,news
N15843,4,1,travel
N7677,4,1,news
N22019,4,0,news
N2567,4,0,sports
N11457,4,1,sports
N25669,4,0,sports
N39850,4,0,lifestyle
N1451,4,1,sports
N9604,4,0,finance
N2575,4,0,sports
N42756,4,0,foodanddrink
N57194,4,0,sports
N34226,4,0,finance
N11290,4,0,sports
N51485,4,0,sports
N54830,4,0,sports
N27920,4,0,foodanddrink
N12290,4,0,finance
N63667,4,0,sports
N606,4,0,sports
N47002,4,0,news
N58329,4,1,music
N3074,4,0,news
N25734,4,0,sports
N54705,4,1,news
N52369,3,0,finance
N29166,3,0,sports
N14116,3,0,video
N21880,3,0,sports
N9231,3,0,video
N58311,3,0,sports
N22053,3,0,sports
N52739,3,0,weather
N52591,3,0,foodanddrink
N29796,3,2,news
N17556,3,0,weather
N32117,3,0,foodanddrink
N22139,3,0,sports
N37934,3,0,lifestyle
N52715,3,0,travel
N22077,3,0,news
N52226,3,0,sports
N17739,3,0,news
N38003,3,0,sports
N52527,3,0,news
N58407,3,0,video
N58161,3,0,video
N21786,3,0,sports
N22255,3,0,lifestyle
N28594,3,0,sports
N5206,3,0,lifestyle
N8231,3,0,health
N21783,3,2,weather
N1763,3,0,news
N64339,3,0,sports
N42276,3,0,news
N37783,3,0,tv
N28544,3,0,news
N52733,3,0,news
N52219,3,0,weather
N29774,3,0,news
N58453,3,0,autos
N22244,3,1,entertainment
N52216,3,0,sports
N58369,3,1,travel
N17683,3,0,lifestyle
N3366,3,0,travel
N62817,3,0,health
N32156,3,0,finance
N9217,3,1,lifestyle
N29183,3,0,finance
N917,3,0,news
N17719,3,1,sports
N64332,3,0,health
N64329,3,0,news
N43080,3,0,news
N32125,3,0,news
N64352,3,0,news
N1308,3,0,news
N43051,3,0,movies
N36036,3,0,video
N1061,3,0,news
N21937,3,0,news
N21820,3,0,sports
N52313,3,0,sports
N3602,3,0,sports
N22152,3,0,news
N52315,3,0,sports
N52418,3,0,sports
N58194,3,0,sports
N22106,3,0,sports
N52569,3,1,sports
N28536,3,0,movies
N35957,3,0,news
N2202,3,0,health
N22155,3,0,lifestyle
N52614,3,0,travel
N52746,3,0,sports
N21821,3,0,sports
N14083,3,0,news
N43103,3,1,health
N32225,3,0,sports
N58175,3,0,sports
N22008,3,0,lifestyle
N52092,3,0,travel
N52379,3,0,video
N9195,3,0,sports
N22149,3,0,sports
N21837,3,0,sports
N52332,3,0,video
N58451,3,0,travel
N22112,3,0,sports
N64261,3,0,sports
N37873,3,0,news
N58216,3,0,video
N1751,3,0,finance
N22201,3,0,news
N35963,3,0,sports
N28546,3,0,tv
N17665,3,0,news
N2167,3,0,news
N17648,3,1,news
N52291,3,1,autos
N52468,3,0,sports
N38019,3,0,news
N5830,3,0,weather
N14089,3,0,news
N2854,3,0,tv
N43032,3,0,news
N58212,3,1,sports
N37828,3,0,travel
N27660,3,0,weather
N13954,3,0,weather
N62869,3,0,finance
N33326,3,1,news
N944,3,0,lifestyle
N63572,3,1,sports
N36963,3,0,news
N36410,3,0,sports
N55174,3,0,sports
N36969,3,0,finance
N5700,3,1,finance
N19909,3,0,video
N19929,3,1,news
N9588,3,0,news
N19938,3,1,sports
N18521,3,0,news
N13585,3,0,video
N55105,3,1,video
N13892,3,0,news
N18496,3,0,news
N5509,3,1,sports
N19960,3,0,lifestyle
N37001,3,0,video
N18490,3,0,sports
N18487,3,0,sports
N7890,3,0,sports
N63608,3,0,sports
N20004,3,0,travel
N4272,3,0,entertainment
N32870,3,0,sports
N9410,3,0,news
N56987,3,0,foodanddrink
N55251,3,0,travel
N42686,3,0,news
N18618,3,0,sports
N29011,3,1,health
N56870,3,0,sports
N1967,3,0,video
N5689,3,1,sports
N13886,3,0,news
N56891,3,0,news
N19677,3,0,travel
N10317,3,1,sports
N3300,3,0,autos
N28866,3,0,finance
N5693,3,0,sports
N55359,3,0,sports
N19766,3,0,lifestyle
N945,3,0,sports
N56942,3,0,sports
N19778,3,0,news
N36925,3,0,sports
N63190,3,0,finance
N1981,3,0,news
N55303,3,0,sports
N32967,3,1,sports
N63546,3,0,news
N63548,3,0,video
N55276,3,0,news
N19824,3,0,travel
N1984,3,0,foodanddrink
N20030,3,0,news
N55,3,0,weather
N57071,3,0,video
N20315,3,0,news
N37104,3,0,foodanddrink
N42433,3,0,sports
N18411,3,0,sports
N32787,3,0,news
N57218,3,0,news
N114,3,0,news
N37122,3,0,sports
N2029,3,1,sports
N42755,3,0,sports
N13522,3,0,video
N57223,3,0,news
N3278,3,0,travel
N18331,3,0,lifestyle
N18429,3,0,foodanddrink
N11459,3,0,news
N20329,3,0,news
N32751,3,0,lifestyle
N20341,3,0,video
N20346,3,0,sports
N63735,3,0,travel
N57246,3,0,foodanddrink
N2974,3,0,travel
N54570,3,0,foodanddrink
N36316,3,0,autos
N28808,3,0,foodanddrink
N20370,3,0,sports
N63690,3,0,sports
N57198,3,0,video
N20058,3,0,news
N549,3,0,weather
N13560,3,0,lifestyle
N63148,3,0,movies
N2007,3,1,news
N36382,3,0,sports
N13903,3,1,sports
N5494,3,0,news
N13554,3,0,music
N54925,3,0,news
N10422,3,0,foodanddrink
N8168,3,0,sports
N36363,3,0,sports
N20096,3,0,news
N10296,3,0,news
N32816,3,0,news
N37060,3,0,sports
N54845,3,0,video
N57150,3,0,sports
N3342,3,1,sports
N57154,3,0,sports
N29727,3,0,sports
N9600,3,0,news
N5716,3,0,sports
N6312,3,0,lifestyle
N18452,3,0,news
N54776,3,0,sports
N42745,3,0,news
N55449,3,0,travel
N55463,3,0,news
N32735,3,0,lifestyle
N63484,3,1,weather
N28977,3,0,foodanddrink
N18883,3,0,sports
N56523,3,1,sports
N28955,3,0,video
N56097,3,0,sports
N8161,3,0,sports
N33114,3,0,sports
N42520,3,0,sports
N56064,3,0,video
N29684,3,0,sports
N5606,3,0,news
N56030,3,0,sports
N63386,3,0,sports
N11425,3,0,news
N56020,3,0,news
N28980,3,0,weather
N42499,3,0,video
N560,3,0,movies
N55998,3,0,video
N19310,3,1,sports
N55985,3,0,news
N1932,3,0,sports
N33085,3,0,weather
N19323,3,0,sports
N5595,3,0,foodanddrink
N29656,3,0,sports
N28933,3,0,news
N5614,3,0,sports
N18914,3,0,sports
N63364,3,1,news
N19082,3,1,foodanddrink
N13770,3,0,sports
N56371,3,1,sports
N19035,3,0,sports
N6333,3,0,sports
N36611,3,0,lifestyle
N19044,3,0,news
N13764,3,0,sports
N36644,3,0,finance
N19057,3,1,news
N19066,3,0,lifestyle
N63308,3,0,news
N33206,3,0,sports
N19086,3,0,sports
N33166,3,0,sports
N1896,3,0,news
N42564,3,0,sports
N56218,3,0,finance
N19095,3,0,news
N36679,3,0,news
N19101,3,0,lifestyle
N36598,3,0,sports
N63362,3,0,sports
N19109,3,0,news
N33178,3,0,sports
N56173,3,0,sports
N36589,3,1,news
N8163,3,0,news
N55926,3,0,travel
N28988,3,0,weather
N33319,3,0,news
N18718,3,0,travel
N55695,3,0,sports
N55681,3,0,sports
N36823,3,0,sports
N19489,3,2,news
N19494,3,0,entertainment
N56785,3,0,video
N63461,3,0,sports
N63464,3,0,news
N36842,3,0,news
N55588,3,0,lifestyle
N33317,3,0,sports
N18689,3,0,video
N19467,3,0,lifestyle
N36863,3,0,news
N19576,3,0,sports
N63219,3,0,sports
N10380,3,0,weather
N55554,3,0,sports
N55515,3,0,movies
N36885,3,0,sports
N56832,3,1,sports
N18659,3,0,sports
N56849,3,0,music
N56854,3,0,sports
N56861,3,0,finance
N55711,3,0,news
N29691,3,0,news
N33267,3,0,travel
N55824,3,0,news
N19352,3,0,finance
N3679,3,0,sports
N28915,3,0,news
N36794,3,0,sports
N63401,3,0,sports
N33060,3,0,sports
N56637,3,0,sports
N18767,3,1,sports
N19377,3,0,news
N19389,3,0,sports
N56652,3,0,video
N18754,3,0,news
N36800,3,0,sports
N18722,3,0,news
N56674,3,0,sports
N56675,3,0,travel
N36802,3,0,sports
N56682,3,0,sports
N55787,3,0,foodanddrink
N18749,3,0,sports
N36810,3,0,sports
N13862,3,0,health
N63425,3,0,news
N29689,3,0,sports
N5574,3,1,sports
N55738,3,0,sports
N6374,3,0,sports
N41372,3,1,weather
N9243,3,0,sports
N3358,3,0,travel
N32361,3,1,autos
N64024,3,0,news
N28636,3,0,entertainment
N57827,3,1,sports
N8138,3,1,sports
N36126,3,0,travel
N41319,3,0,travel
N53377,3,1,news
N32347,3,0,video
N10555,3,0,weather
N5336,3,0,news
N11481,3,0,lifestyle
N42955,3,0,movies
N57852,3,0,news
N37605,3,0,news
N13201,3,0,sports
N17908,3,0,news
N57862,3,0,sports
N53287,3,0,autos
N41548,3,0,news
N5328,3,1,sports
N57882,3,0,finance
N53255,3,0,finance
N21333,3,0,video
N21372,3,0,news
N13163,3,0,news
N21387,3,0,news
N13227,3,0,video
N53420,3,0,sports
N37576,3,0,news
N17968,3,0,health
N21067,3,1,sports
N21072,3,0,sports
N32409,3,0,weather
N536,3,0,video
N21079,3,0,foodanddrink
N17988,3,0,sports
N21106,3,1,sports
N62968,3,0,news
N57756,3,0,sports
N21127,3,1,finance
N63974,3,0,sports
N53533,3,0,lifestyle
N21130,3,0,sports
N13229,3,0,sports
N57769,3,0,sports
N53527,3,0,music
N4293,3,0,travel
N53509,3,0,sports
N3753,3,1,news
N33596,3,0,news
N535,3,0,sports
N21156,3,0,sports
N53475,3,0,sports
N53458,3,0,travel
N57815,3,0,video
N33611,3,0,foodanddrink
N62918,3,0,finance
N53162,3,0,news
N53159,3,0,news
N64212,3,1,lifestyle
N29150,3,0,video
N52947,3,1,news
N21529,3,0,sports
N1780,3,0,news
N36052,3,0,sports
N21536,3,0,video
N52924,3,0,health
N32277,3,0,news
N52911,3,0,music
N62875,3,0,music
N64205,3,0,sports
N52885,3,0,lifestyle
N4130,3,0,weather
N52960,3,0,news
N17768,3,0,news
N58099,3,0,news
N58109,3,1,foodanddrink
N2161,3,0,sports
N37735,3,0,health
N43010,3,0,sports
N43011,3,0,sports
N52807,3,0,finance
N64230,3,0,news
N32252,3,0,weather
N52775,3,0,news
N36037,3,0,video
N5296,3,0,video
N52961,3,0,news
N42971,3,0,video
N37657,3,0,video
N1788,3,0,news
N64113,3,0,news
N17877,3,0,health
N62913,3,0,news
N9656,3,0,news
N53140,3,0,sports
N11186,3,0,news
N14025,3,0,news
N64128,3,0,news
N21431,3,0,finance
N17853,3,0,foodanddrink
N53090,3,1,sports
N2144,3,0,video
N52980,3,1,video
N13141,3,0,weather
N21450,3,1,movies
N11371,3,0,entertainment
N21467,3,0,finance
N21469,3,0,news
N53029,3,0,music
N36078,3,0,news
N53014,3,0,foodanddrink
N17823,3,0,autos
N53004,3,0,music
N58006,3,0,lifestyle
N6417,3,0,sports
N3751,3,0,finance
N7777,3,0,travel
N63090,3,0,sports
N36173,3,0,foodanddrink
N8208,3,1,sports
N20589,3,0,sports
N54272,3,0,travel
N206,3,0,news
N32672,3,0,weather
N63803,3,0,sports
N18197,3,0,sports
N54248,3,0,news
N54238,3,0,video
N18179,3,0,music
N20621,3,0,video
N32671,3,0,sports
N54215,3,0,news
N54210,3,0,news
N32667,3,1,news
N54204,3,0,foodanddrink
N542,3,0,travel
N1027,3,0,weather
N10268,3,0,sports
N42846,3,0,music
N63821,3,1,news
N54139,3,0,video
N36253,3,0,news
N42854,3,0,sports
N20681,3,0,travel
N29754,3,0,sports
N20687,3,0,foodanddrink
N20549,3,0,travel
N42827,3,0,news
N18207,3,0,sports
N32694,3,0,music
N29029,3,0,news
N36294,3,0,news
N54487,3,0,lifestyle
N18274,3,0,sports
N36293,3,0,travel
N13491,3,0,news
N18265,3,0,travel
N28790,3,1,news
N20429,3,0,news
N57331,3,0,foodanddrink
N13467,3,0,sports
N54439,3,0,news
N63762,3,1,sports
N42817,3,0,sports
N18248,3,1,autos
N20484,3,1,sports
N28782,3,1,sports
N20492,3,0,sports
N63080,3,2,finance
N32681,3,0,travel
N54351,3,0,autos
N32680,3,0,sports
N54342,3,0,sports
N37239,3,0,sports
N2877,3,0,video
N18214,3,0,news
N42861,3,0,sports
N54061,3,2,sports
N5406,3,0,sports
N32487,3,0,news
N57626,3,0,sports
N20921,3,0,sports
N63902,3,0,sports
N42379,3,0,sports
N53808,3,0,sports
N53807,3,0,sports
N4290,3,1,news
N57636,3,0,sports
N13984,3,1,news
N63927,3,0,foodanddrink
N57674,3,0,sports
N13319,3,0,sports
N53724,3,0,health
N18055,3,0,sports
N57679,3,0,news
N57684,3,0,entertainment
N20981,3,0,sports
N20992,3,0,finance
N37479,3,0,lifestyle
N13986,3,0,sports
N57700,3,0,news
N63957,3,0,news
N2101,3,0,sports
N32418,3,0,health
N28654,3,0,news
N21033,3,0,finance
N33569,3,0,video
N20903,3,0,lifestyle
N41348,3,1,sports
N53916,3,0,entertainment
N32604,3,0,sports
N36242,3,0,travel
N37339,3,0,news
N20747,3,0,weather
N57501,3,0,sports
N3356,3,0,video
N36213,3,0,sports
N13378,3,1,sports
N13373,3,0,sports
N57536,3,0,lifestyle
N42880,3,0,news
N28712,3,0,travel
N63034,3,0,lifestyle
N32516,3,1,sports
N10258,3,0,sports
N1336,3,0,sports
N57556,3,1,sports
N57559,3,0,video
N7782,3,0,sports
N13354,3,0,finance
N63880,3,0,travel
N20867,3,0,news
N42890,3,0,news
N53882,3,0,news
N1808,3,0,sports
N32523,3,0,news
N58461,3,0,finance
N36619,3,0,news
N13036,3,1,foodanddrink
N15885,3,0,sports
N47400,3,0,news
N35185,3,0,health
N47424,3,1,news
N2544,3,0,sports
N25427,3,1,video
N47431,3,0,sports
N8681,3,0,lifestyle
N34187,3,0,travel
N47466,3,0,lifestyle
N29296,3,1,video
N47490,3,0,sports
N41949,3,0,foodanddrink
N15944,3,0,finance
N47535,3,0,foodanddrink
N39745,3,0,news
N12329,3,0,news
N25372,3,0,news
N6049,3,0,sports
N30808,3,0,foodanddrink
N30805,3,0,lifestyle
N6731,3,0,lifestyle
N62242,3,0,sports
N25569,3,0,entertainment
N30794,3,0,sports
N29496,3,0,music
N15888,3,0,sports
N25555,3,0,sports
N11144,3,0,finance
N25552,3,0,sports
N6723,3,0,sports
N9886,3,0,travel
N11298,3,0,autos
N30801,3,0,sports
N30803,3,0,sports
N27975,3,0,news
N12292,3,0,video
N35174,3,0,lifestyle
N47568,3,0,news
N25365,3,0,travel
N2536,3,0,news
N16026,3,0,weather
N47803,3,0,finance
N60328,3,0,news
N9872,3,1,sports
N60321,3,0,news
N47832,3,0,news
N4377,3,0,travel
N47855,3,0,news
N25119,3,0,sports
N39659,3,0,news
N16042,3,1,sports
N8722,3,0,sports
N35275,3,1,sports
N47884,3,1,music
N39585,3,1,sports
N12344,3,0,sports
N43750,3,0,news
N47786,3,1,sports
N43772,3,0,sports
N39739,3,0,lifestyle
N39686,3,0,weather
N15955,3,0,travel
N2534,3,0,lifestyle
N60397,3,0,foodanddrink
N39710,3,0,lifestyle
N1234,3,1,sports
N30888,3,0,news
N7545,3,0,sports
N39682,3,0,news
N15962,3,1,sports
N15958,3,0,sports
N8707,3,0,sports
N3967,3,0,video
N9874,3,0,foodanddrink
N47710,3,2,sports
N4772,3,0,news
N47723,3,0,travel
N6224,3,0,news
N39815,3,1,sports
N10075,3,0,news
N34237,3,0,sports
N25872,3,0,lifestyle
N43889,3,0,health
N39991,3,0,video
N46783,3,0,news
N39988,3,1,sports
N46785,3,0,sports
N10942,3,0,foodanddrink
N10940,3,0,news
N862,3,0,weather
N12213,3,1,travel
N15685,3,0,weather
N39966,3,0,sports
N15690,3,1,lifestyle
N1093,3,0,sports
N25840,3,0,sports
N62200,3,0,news
N46854,3,0,video
N27916,3,0,finance
N25879,3,0,news
N62199,3,0,video
N46704,3,0,video
N46648,3,0,health
N1564,3,0,sports
N6084,3,0,foodanddrink
N35071,3,0,sports
N29974,3,0,weather
N35081,3,0,weather
N43914,3,0,finance
N60829,3,0,foodanddrink
N34276,3,0,sports
N15645,3,0,news
N41890,3,0,movies
N29329,3,0,sports
N30620,3,0,sports
N40013,3,0,news
N3509,3,0,sports
N8604,3,0,weather
N39932,3,0,news
N46873,3,0,sports
N25828,3,0,news
N25640,3,0,music
N60631,3,0,sports
N35125,3,0,sports
N34256,3,0,sports
N15827,3,1,video
N47115,3,0,sports
N43857,3,0,music
N39860,3,0,sports
N39845,3,1,news
N677,3,0,news
N3984,3,0,lifestyle
N60593,3,0,video
N39835,3,0,video
N60574,3,1,news
N60572,3,0,sports
N15867,3,0,weather
N30787,3,0,sports
N47091,3,0,news
N25709,3,0,sports
N25824,3,0,sports
N41928,3,0,foodanddrink
N46885,3,1,sports
N25822,3,0,weather
N60742,3,0,sports
N8640,3,1,news
N6801,3,0,sports
N15723,3,0,sports
N15733,3,0,sports
N15757,3,0,news
N30728,3,0,news
N15758,3,0,video
N41029,3,0,finance
N6784,3,1,finance
N39894,3,0,travel
N4704,3,0,travel
N47059,3,0,health
N47060,3,0,finance
N47925,3,0,news
N47926,3,0,news
N28034,3,0,sports
N3095,3,1,weather
N2457,3,0,news
N39295,3,0,news
N2815,3,0,travel
N62406,3,1,sports
N41077,3,0,music
N24524,3,0,sports
N42019,3,0,finance
N11329,3,0,news
N35423,3,0,sports
N48766,3,0,sports
N59917,3,1,foodanddrink
N59914,3,0,sports
N59907,3,0,sports
N65095,3,0,lifestyle
N2446,3,1,sports
N48804,3,1,news
N59898,3,0,lifestyle
N62398,3,0,sports
N16271,3,0,news
N42018,3,0,news
N14346,3,2,sports
N48593,3,0,travel
N48594,3,0,lifestyle
N10831,3,0,news
N24617,3,0,sports
N16252,3,0,foodanddrink
N24604,3,0,sports
N14347,3,0,lifestyle
N48634,3,0,news
N39308,3,0,news
N48641,3,0,sports
N48647,3,1,sports
N48649,3,0,news
N9818,3,0,video
N65127,3,0,news
N8805,3,0,news
N48658,3,0,sports
N39257,3,1,sports
N48834,3,1,weather
N31180,3,1,sports
N1642,3,0,sports
N8849,3,0,health
N2425,3,0,finance
N16384,3,0,foodanddrink
N42036,3,0,sports
N1252,3,0,autos
N24239,3,0,sports
N62457,3,0,news
N49109,3,0,news
N16371,3,0,sports
N42044,3,0,sports
N16433,3,0,sports
N62460,3,0,finance
N59755,3,1,news
N11619,3,0,video
N43583,3,0,sports
N39107,3,0,music
N31311,3,1,sports
N12508,3,0,lifestyle
N39248,3,0,sports
N39236,3,0,news
N16325,3,0,sports
N6508,3,0,sports
N8820,3,1,finance
N65075,3,0,sports
N4362,3,0,news
N59862,3,0,sports
N39237,3,0,news
N42029,3,0,news
N39182,3,0,sports
N48926,3,0,sports
N31255,3,0,sports
N24353,3,1,sports
N35454,3,0,lifestyle
N16355,3,0,sports
N31264,3,0,travel
N31286,3,0,sports
N39330,3,0,news
N16232,3,0,finance
N1435,3,0,video
N6559,3,0,sports
N30980,3,0,sports
N6576,3,0,health
N6573,3,0,finance
N48110,3,0,finance
N16094,3,0,autos
N62315,3,0,weather
N6565,3,1,news
N14405,3,0,video
N11316,3,0,music
N6557,3,0,finance
N24924,3,0,sports
N48160,3,0,weather
N41989,3,0,sports
N24906,3,0,finance
N62334,3,0,sports
N4199,3,0,lifestyle
N6577,3,0,autos
N14413,3,0,tv
N62340,3,0,sports
N8736,3,1,news
N8003,3,1,sports
N35291,3,0,autos
N6596,3,0,sports
N34095,3,0,sports
N16068,3,0,sports
N47979,3,0,weather
N25011,3,0,sports
N28052,3,1,sports
N16088,3,0,news
N39539,3,0,news
N48020,3,0,sports
N8745,3,1,health
N48039,3,0,finance
N60249,3,0,music
N12362,3,0,lifestyle
N9864,3,0,news
N9860,3,0,video
N65238,3,0,weather
N65150,3,0,news
N6005,3,0,sports
N48419,3,1,lifestyle
N65181,3,0,finance
N62374,3,1,news
N31081,3,0,news
N39388,3,0,news
N10845,3,1,finance
N6517,3,0,sports
N6516,3,0,travel
N48402,3,0,sports
N16206,3,0,sports
N2470,3,0,health
N60030,3,0,sports
N6003,3,0,news
N31089,3,0,news
N48522,3,1,sports
N35390,3,0,news
N16184,3,0,video
N48396,3,0,autos
N48237,3,0,sports
N48295,3,0,travel
N65221,3,0,video
N35356,3,0,lifestyle
N31008,3,0,news
N65217,3,0,news
N31009,3,0,sports
N12408,3,0,news
N31012,3,0,sports
N24839,3,0,sports
N39413,3,0,video
N39449,3,1,sports
N29497,3,0,news
N6012,3,0,sports
N24820,3,0,video
N31033,3,0,sports
N48365,3,0,sports
N14359,3,1,news
N40063,3,0,sports
N260,3,0,news
N59747,3,0,sports
N8414,3,0,news
N15135,3,0,news
N62013,3,0,finance
N11697,3,0,music
N45158,3,0,news
N7217,3,0,news
N34818,3,1,sports
N34502,3,0,sports
N27075,3,0,sports
N30268,3,0,news
N845,3,0,news
N7205,3,0,sports
N45224,3,1,sports
N45226,3,0,sports
N61489,3,0,news
N7198,3,0,news
N15164,3,0,sports
N40497,3,1,sports
N15118,3,0,news
N61530,3,0,news
N14665,3,0,sports
N4423,3,0,sports
N29411,3,0,news
N8352,3,0,sports
N44969,3,0,sports
N44982,3,0,lifestyle
N30233,3,0,news
N30237,3,0,news
N27775,3,0,finance
N15071,3,0,sports
N34507,3,0,music
N3024,3,0,news
N27173,3,0,weather
N30243,3,0,sports
N6155,3,0,finance
N27149,3,0,travel
N45086,3,0,health
N45096,3,1,video
N45254,3,1,travel
N61475,3,0,health
N4049,3,2,news
N15236,3,0,finance
N44190,3,0,sports
N26844,3,1,music
N45441,3,0,news
N26834,3,0,news
N45448,3,0,sports
N34860,3,0,sports
N34483,3,0,finance
N45466,3,0,sports
N26865,3,0,travel
N26810,3,0,video
N61391,3,0,news
N15248,3,0,foodanddrink
N26806,3,0,lifestyle
N26803,3,0,travel
N45500,3,1,news
N34870,3,1,autos
N61418,3,0,sports
N40450,3,0,lifestyle
N41800,3,0,news
N11023,3,0,news
N44198,3,0,travel
N62032,3,0,sports
N26982,3,0,health
N26967,3,0,news
N45295,3,0,finance
N8069,3,0,news
N3484,3,0,foodanddrink
N1003,3,0,sports
N4046,3,0,news
N30296,3,2,video
N45341,3,0,finance
N40464,3,0,weather
N269,3,0,news
N7166,3,0,news
N15191,3,0,travel
N4182,3,0,news
N4495,3,0,news
N41702,3,0,sports
N26001,3,1,sports
N3478,3,0,sports
N27582,3,0,autos
N61800,3,0,finance
N30118,3,0,sports
N14903,3,0,news
N40795,3,0,news
N44554,3,0,sports
N34686,3,0,news
N44560,3,0,foodanddrink
N30080,3,0,video
N40779,3,0,sports
N44597,3,0,news
N34692,3,0,weather
N61744,3,1,video
N61743,3,0,foodanddrink
N44624,3,0,sports
N27481,3,1,video
N11789,3,1,news
N11103,3,1,sports
N11758,3,1,weather
N27586,3,0,foodanddrink
N14841,3,1,news
N27659,3,0,news
N27645,3,0,autos
N6190,3,0,sports
N8081,3,0,sports
N44340,3,0,finance
N44374,3,0,sports
N61905,3,0,sports
N7427,3,0,news
N61908,3,0,sports
N1173,3,0,news
N34605,3,0,music
N7424,3,0,sports
N44423,3,0,movies
N11752,3,0,sports
N40844,3,0,news
N34586,3,0,travel
N29467,3,0,sports
N7347,3,0,news
N27432,3,0,weather
N61639,3,0,video
N15012,3,1,sports
N27317,3,0,news
N61647,3,0,sports
N27307,3,0,lifestyle
N7293,3,1,finance
N40643,3,0,video
N9983,3,0,video
N61638,3,1,sports
N34528,3,0,sports
N30198,3,0,sports
N44890,3,0,news
N10023,3,0,sports
N61619,3,0,autos
N44907,3,0,video
N30200,3,0,autos
N40601,3,0,sports
N30175,3,0,sports
N14708,3,0,news
N8383,3,0,sports
N27724,3,0,news
N61709,3,0,travel
N61700,3,0,sports
N4070,3,0,sports
N40698,3,0,finance
N44727,3,0,weather
N44285,3,0,finance
N14969,3,0,video
N11806,3,0,finance
N34751,3,0,finance
N40674,3,0,autos
N27361,3,0,sports
N61953,3,1,sports
N40666,3,0,autos
N27342,3,0,news
N14712,3,0,sports
N44807,3,0,sports
N30329,3,0,sports
N40425,3,0,news
N7124,3,0,lifestyle
N15257,3,0,finance
N62130,3,0,news
N7493,3,0,news
N15541,3,0,news
N6934,3,1,lifestyle
N30536,3,0,news
N46289,3,0,entertainment
N41670,3,0,news
N8554,3,0,news
N46310,3,0,finance
N46317,3,0,news
N2624,3,0,sports
N60966,3,0,foodanddrink
N26218,3,1,news
N4634,3,0,sports
N26217,3,0,video
N46351,3,0,sports
N40985,3,1,finance
N26285,3,0,autos
N3437,3,0,news
N46251,3,1,sports
N46193,3,0,sports
N1006,3,1,sports
N46152,3,0,video
N15474,3,0,sports
N40176,3,0,sports
N26346,3,0,sports
N44036,3,0,weather
N4619,3,0,sports
N41871,3,0,news
N26301,3,0,sports
N10064,3,0,sports
N46202,3,0,autos
N15510,3,0,news
N12044,3,0,news
N1552,3,0,news
N46231,3,0,foodanddrink
N44016,3,0,sports
N1457,3,0,travel
N46361,3,0,sports
N62159,3,0,sports
N60878,3,0,sports
N2609,3,0,sports
N62166,3,0,sports
N46548,3,0,video
N60885,3,0,sports
N8577,3,1,sports
N46572,3,0,video
N40101,3,0,weather
N41002,3,0,news
N4100,3,0,sports
N26055,3,0,sports
N26052,3,0,sports
N29337,3,0,news
N26048,3,0,news
N26036,3,0,sports
N12153,3,0,music
N4009,3,0,travel
N1558,3,0,sports
N10951,3,0,sports
N262,3,0,sports
N1557,3,0,news
N7500,3,0,sports
N40135,3,1,sports
N46379,3,0,news
N30542,3,0,news
N46423,3,0,travel
N6912,3,0,news
N46434,3,0,travel
N26171,3,0,news
N29345,3,0,news
N6908,3,0,autos
N14562,3,0,sports
N41883,3,1,sports
N34329,3,0,sports
N40996,3,0,music
N26133,3,0,sports
N60913,3,0,news
N61042,3,0,foodanddrink
N26363,3,0,news
N8342,3,0,sports
N45787,3,0,finance
N30391,3,0,video
N10994,3,0,sports
N61255,3,1,sports
N34910,3,1,news
N7065,3,0,video
N45772,3,0,sports
N40362,3,0,sports
N27834,3,0,lifestyle
N15350,3,0,sports
N45800,3,0,finance
N7050,3,0,sports
N9948,3,0,sports
N45815,3,0,news
N3492,3,0,sports
N1128,3,0,sports
N61220,3,0,sports
N11955,3,0,movies
N45743,3,0,sports
N40338,3,0,sports
N44153,3,0,sports
N40424,3,1,sports
N15266,3,0,finance
N7114,3,0,travel
N45603,3,0,sports
N45611,3,0,news
N45618,3,0,autos
N26698,3,0,sports
N26688,3,0,news
N45741,3,0,lifestyle
N45671,3,0,weather
N34899,3,0,sports
N45688,3,0,sports
N26661,3,0,lifestyle
N11244,3,0,news
N15305,3,0,news
N11274,3,0,autos
N3042,3,0,travel
N45845,3,0,news
N8535,3,0,news
N1099,3,0,sports
N26476,3,1,sports
N7485,3,0,sports
N46038,3,1,video
N26455,3,0,news
N40269,3,0,news
N34953,3,0,news
N46060,3,0,news
N40236,3,0,sports
N29357,3,1,news
N62106,3,0,tv
N61088,3,0,tv
N46084,3,0,sports
N6211,3,0,sports
N9934,3,0,video
N46118,3,0,news
N61050,3,0,travel
N26477,3,0,news
N15424,3,0,health
N45879,3,0,news
N40324,3,0,travel
N41679,3,0,news
N14609,3,0,weather
N6120,3,0,news
N7040,3,1,sports
N62096,3,0,finance
N15391,3,1,video
N26551,3,0,finance
N851,3,0,news
N61152,3,0,sports
N26534,3,0,news
N26530,3,0,sports
N9946,3,0,sports
N34944,3,0,sports
N34948,3,0,sports
N61165,3,0,sports
N1542,3,0,lifestyle
N49165,3,0,news
N48224,3,0,tv
N50012,3,1,sports
N49801,3,0,health
N3835,3,0,sports
N387,3,0,travel
N3872,3,0,sports
N50153,3,0,sports
N38727,3,0,weather
N3157,3,0,sports
N62683,3,0,foodanddrink
N3874,3,0,lifestyle
N50136,3,1,foodanddrink
N64815,3,0,travel
N62686,3,0,news
N22707,3,0,news
N51367,3,0,news
N22689,3,0,video
N50100,3,0,sports
N50099,3,0,music
N59367,3,0,video
N51379,3,0,news
N12668,3,0,news
N22688,3,0,sports
N29237,3,1,news
N12923,3,0,weather
N12924,3,0,news
N50076,3,0,sports
N38750,3,1,news
N43443,3,0,sports
N51404,3,2,sports
N35641,3,0,news
N38682,3,1,sports
N50197,3,0,video
N23502,3,0,news
N12921,3,0,sports
N23463,3,0,sports
N23464,3,0,finance
N38647,3,0,travel
N50318,3,0,sports
N22759,3,0,news
N23486,3,1,video
N22757,3,0,weather
N41591,3,0,travel
N16877,3,0,news
N33890,3,0,weather
N35660,3,0,lifestyle
N50284,3,1,weather
N50198,3,0,sports
N59286,3,0,foodanddrink
N16857,3,0,news
N3836,3,0,sports
N31629,3,0,sports
N35840,3,0,sports
N23545,3,0,news
N38669,3,0,sports
N50225,3,0,news
N5877,3,0,movies
N38672,3,0,music
N50203,3,0,video
N31618,3,0,sports
N23663,3,0,sports
N10219,3,0,news
N2367,3,0,travel
N23800,3,0,travel
N22610,3,0,sports
N28466,3,0,news
N3191,3,0,news
N51530,3,0,sports
N49915,3,0,news
N51535,3,0,news
N12940,3,0,news
N29244,3,0,news
N51540,3,1,news
N62507,3,0,music
N28289,3,0,news
N4112,3,0,sports
N38832,3,0,lifestyle
N1727,3,0,news
N12604,3,0,news
N33930,3,1,sports
N49848,3,0,sports
N64510,3,0,sports
N64886,3,0,sports
N49836,3,0,sports
N1667,3,0,news
N9062,3,1,news
N59476,3,0,news
N3394,3,0,news
N49831,3,0,news
N31502,3,0,travel
N9056,3,0,lifestyle
N35625,3,0,foodanddrink
N1724,3,0,sports
N16750,3,0,video
N51415,3,1,sports
N16776,3,0,news
N51421,3,0,travel
N38318,3,0,health
N12640,3,0,sports
N1676,3,0,sports
N64529,3,0,sports
N58722,3,1,movies
N22654,3,0,travel
N50984,3,0,weather
N42184,3,0,sports
N23707,3,0,weather
N28293,3,0,music
N5871,3,0,sports
N43262,3,0,foodanddrink
N23721,3,0,news
N29813,3,0,news
N51466,3,1,sports
N16735,3,0,travel
N31536,3,0,lifestyle
N9040,3,1,sports
N41125,3,0,sports
N1673,3,0,sports
N23735,3,0,news
N58711,3,0,sports
N38292,3,0,sports
N50341,3,0,news
N62673,3,0,news
N64556,3,0,tv
N11598,3,0,travel
N8126,3,0,sports
N10750,3,0,sports
N28364,3,0,travel
N50833,3,0,weather
N64611,3,0,news
N64608,3,0,weather
N14206,3,0,tv
N38539,3,0,travel
N51092,3,1,sports
N50776,3,0,sports
N23106,3,0,lifestyle
N51094,3,0,tv
N38555,3,0,autos
N58927,3,0,sports
N51109,3,0,sports
N59048,3,0,news
N17038,3,0,news
N9741,3,0,sports
N64695,3,0,news
N58896,3,0,sports
N51132,3,0,sports
N23169,3,0,news
N17164,3,2,sports
N23179,3,0,news
N11166,3,0,news
N5067,3,0,sports
N23050,3,0,sports
N22910,3,0,travel
N1417,3,1,news
N14202,3,0,travel
N62627,3,0,sports
N5096,3,0,news
N29206,3,0,sports
N64630,3,0,sports
N10709,3,0,news
N62622,3,0,news
N142,3,0,sports
N3175,3,0,news
N22952,3,0,lifestyle
N12886,3,0,sports
N64635,3,0,news
N22984,3,1,sports
N58958,3,0,sports
N50877,3,0,sports
N10720,3,0,lifestyle
N58961,3,1,sports
N12888,3,0,news
N43323,3,0,foodanddrink
N38458,3,0,sports
N38452,3,0,news
N1711,3,0,sports
N62630,3,0,video
N58970,3,0,sports
N22916,3,2,tv
N50883,3,0,autos
N23024,3,0,foodanddrink
N50669,3,0,news
N33811,3,0,news
N59238,3,0,sports
N23407,3,0,sports
N16948,3,0,news
N38609,3,0,sports
N28328,3,0,video
N41174,3,0,video
N29575,3,0,news
N28420,3,0,video
N43406,3,0,sports
N64581,3,0,sports
N31671,3,0,sports
N13785,3,1,news
N51215,3,0,autos
N33888,3,0,sports
N35817,3,0,sports
N12736,3,0,sports
N10193,3,0,sports
N58830,3,0,news
N58824,3,1,sports
N64576,3,0,video
N51231,3,0,video
N51239,3,0,news
N64573,3,0,autos
N22775,3,0,sports
N9015,3,0,sports
N7966,3,0,finance
N51264,3,0,sports
N59229,3,0,sports
N50462,3,0,weather
N16960,3,0,sports
N58886,3,0,sports
N38581,3,0,sports
N12823,3,0,video
N50618,3,0,news
N12819,3,0,news
N22865,3,0,video
N17185,3,0,sports
N59082,3,1,sports
N2984,3,0,sports
N9751,3,0,finance
N23221,3,0,news
N41614,3,1,sports
N33832,3,0,travel
N50548,3,0,travel
N23279,3,0,video
N2833,3,0,sports
N14166,3,0,sports
N22844,3,1,sports
N51189,3,0,travel
N10705,3,0,sports
N7961,3,0,video
N35697,3,0,news
N51193,3,0,foodanddrink
N58842,3,0,news
N59153,3,0,travel
N31683,3,0,news
N38388,3,0,music
N50502,3,0,foodanddrink
N49803,3,0,sports
N50971,3,0,news
N9077,3,0,video
N49617,3,0,sports
N22395,3,1,news
N12969,3,0,news
N64419,3,0,news
N31965,3,1,news
N23920,3,0,lifestyle
N22503,3,0,news
N22414,3,0,sports
N22416,3,0,video
N28208,3,0,news
N3371,3,0,weather
N28230,3,0,sports
N1156,3,0,sports
N16579,3,0,news
N49399,3,0,news
N28229,3,0,lifestyle
N31933,3,0,news
N16619,3,0,sports
N24000,3,0,movies
N59517,3,0,foodanddrink
N59583,3,0,news
N51789,3,0,news
N49698,3,0,news
N1023,3,0,finance
N23897,3,0,news
N3888,3,0,sports
N17425,3,0,news
N16578,3,0,sports
N33953,3,0,news
N49407,3,0,sports
N24021,3,0,news
N31482,3,0,music
N49668,3,0,news
N24007,3,0,finance
N51915,3,0,weather
N59541,3,1,news
N42056,3,0,travel
N31425,3,0,music
N62731,3,0,sports
N31436,3,1,news
N49367,3,0,news
N12992,3,0,sports
N28508,3,0,news
N35563,3,0,news
N33963,3,1,autos
N16520,3,0,sports
N17450,3,1,foodanddrink
N62499,3,0,health
N14270,3,0,news
N49381,3,0,weather
N3138,3,0,news
N59562,3,0,news
N31446,3,0,sports
N24105,3,0,sports
N29812,3,0,video
N22330,3,0,news
N23938,3,0,news
N38205,3,0,news
N42195,3,0,sports
N59574,3,1,travel
N49317,3,0,video
N5165,3,0,finance
N10171,3,1,news
N59656,3,0,sports
N24119,3,0,news
N41104,3,1,sports
N49326,3,0,finance
N22446,3,0,sports
N41255,3,1,news
N17457,3,0,news
N58525,3,0,travel
N12998,3,0,finance
N42201,3,0,sports
N49701,3,0,sports
N8876,3,0,foodanddrink
N31915,3,0,autos
N41092,3,0,weather
N33944,3,0,sports
N49196,3,0,news
N49726,3,0,sports
N35945,3,1,sports
N51831,3,0,sports
N22278,3,0,autos
N49214,3,0,sports
N10637,3,0,travel
N49723,3,0,sports
N1065,3,0,news
N49216,3,0,video
N38096,3,1,sports
N24059,3,0,news
N59503,3,0,sports
N28194,3,0,health
N8235,3,0,news
N49182,3,0,news
N38845,3,0,sports
N14128,3,0,travel
N38847,3,0,news
N49785,3,1,travel
N51848,3,0,sports
N28270,3,1,tv
N11608,3,0,autos
N51560,3,0,news
N10659,3,0,news
N49477,3,0,lifestyle
N24204,3,0,finance
N31407,3,0,weather
N17285,3,0,news
N51851,3,0,travel
N58471,3,0,sports
N22516,3,0,sports
N2925,3,0,news
N12595,3,1,sports
N59617,3,2,finance
N51980,3,0,sports
N31489,3,1,lifestyle
N38872,3,0,sports
N12563,3,0,sports
N49259,3,0,sports
N51983,3,0,travel
N23880,3,0,news
N51868,3,0,travel
N31421,3,0,foodanddrink
N22515,3,0,sports
N62466,3,0,sports
N62488,3,0,music
N39066,3,0,video
N8891,3,0,sports
N39061,3,0,news
N42082,3,0,sports
N42080,3,0,travel
N51989,3,0,news
N22283,3,0,video
N4205,3,0,news
N58486,3,0,sports
N6193,2,0,movies
N34929,2,1,sports
N17522,2,0,sports
N1536,2,0,sports
N61753,2,0,travel
N17636,2,0,foodanddrink
N15365,2,0,news
N61923,2,0,news
N1413,2,0,foodanddrink
N58852,2,0,sports
N3592,2,0,video
N4174,2,0,travel
N58833,2,0,sports
N61761,2,0,finance
N61184,2,0,sports
N61209,2,0,video
N34453,2,0,autos
N15393,2,0,foodanddrink
N29437,2,0,video
N61778,2,0,news
N14130,2,0,news
N17515,2,0,news
N34457,2,0,sports
N61219,2,0,news
N36485,2,0,video
N34443,2,0,foodanddrink
N63305,2,0,news
N17644,2,1,sports
N15083,2,0,sports
N15395,2,0,news
N41513,2,0,finance
N5849,2,1,sports
N56457,2,0,video
N29484,2,0,finance
N9735,2,0,sports
N15463,2,0,autos
N14856,2,0,sports
N41864,2,0,sports
N34404,2,0,sports
N61841,2,0,sports
N34660,2,0,finance
N18997,2,0,travel
N61111,2,0,weather
N58906,2,0,video
N36448,2,0,news
N63194,2,0,sports
N17485,2,0,sports
N34383,2,0,sports
N61048,2,0,news
N17187,2,0,news
N34614,2,1,news
N36032,2,0,lifestyle
N58181,2,0,lifestyle
N14794,2,0,sports
N18594,2,0,sports
N62115,2,0,finance
N34631,2,0,foodanddrink
N58480,2,0,sports
N17146,2,0,news
N58184,2,0,sports
N63192,2,0,foodanddrink
N186,2,0,foodanddrink
N33342,2,0,lifestyle
N34645,2,0,autos
N9525,2,0,video
N56444,2,0,health
N15473,2,0,news
N56909,2,0,news
N61833,2,0,news
N62775,2,0,news
N56473,2,0,news
N29353,2,0,sports
N61142,2,0,video
N56875,2,1,news
N29588,2,0,music
N8051,2,0,sports
N6116,2,0,news
N34682,2,0,sports
N61912,2,0,sports
N61832,2,0,travel
N29571,2,0,tv
N14607,2,0,lifestyle
N58205,2,0,finance
N58440,2,0,lifestyle
N61796,2,0,sports
N61792,2,0,sports
N58209,2,0,lifestyle
N34950,2,1,news
N61723,2,0,sports
N41862,2,0,news
N17161,2,0,lifestyle
N14864,2,0,news
N18627,2,0,sports
N17473,2,1,sports
N18633,2,0,sports
N62640,2,0,news
N9994,2,0,news
N62855,2,1,sports
N15448,2,0,news
N42232,2,0,sports
N33769,2,0,news
N34676,2,0,health
N14890,2,0,lifestyle
N42218,2,0,news
N29187,2,0,sports
N41604,2,0,sports
N61724,2,0,news
N34544,2,0,movies
N35819,2,0,lifestyle
N17246,2,0,lifestyle
N5865,2,0,sports
N17548,2,0,sports
N35968,2,1,sports
N17255,2,0,sports
N13852,2,0,weather
N15176,2,0,entertainment
N17596,2,0,news
N41805,2,0,travel
N61466,2,0,video
N17551,2,0,news
N6327,2,0,news
N62721,2,0,sports
N63290,2,0,weather
N9678,2,0,sports
N17261,2,0,sports
N34501,2,0,sports
N17298,2,0,weather
N35967,2,0,sports
N34854,2,0,lifestyle
N61935,2,0,travel
N58649,2,0,foodanddrink
N36544,2,0,sports
N17603,2,0,music
N14641,2,1,movies
N58298,2,0,video
N61416,2,0,autos
N583,2,0,foodanddrink
N18744,2,0,sports
N33751,2,0,news
N61425,2,0,lifestyle
N61637,2,0,video
N18750,2,0,news
N56680,2,0,sports
N17602,2,0,health
N41810,2,1,sports
N36004,2,0,sports
N15037,2,0,autos
N42253,2,0,music
N17553,2,0,sports
N35978,2,0,weather
N15167,2,0,sports
N62696,2,0,travel
N17572,2,0,news
N58676,2,0,health
N14675,2,0,movies
N9537,2,0,news
N29402,2,0,news
N15062,2,0,sports
N29396,2,0,sports
N58670,2,0,lifestyle
N56585,2,0,news
N17276,2,0,foodanddrink
N34808,2,0,travel
N61537,2,0,news
N62716,2,0,news
N34509,2,0,lifestyle
N34816,2,1,sports
N61542,2,0,sports
N61548,2,0,sports
N56604,2,0,sports
N56607,2,0,news
N61991,2,0,sports
N15150,2,0,news
N56563,2,0,news
N33746,2,0,sports
N58703,2,0,news
N4249,2,0,sports
N616,2,0,sports
N58373,2,1,lifestyle
N34515,2,0,entertainment
N58691,2,0,music
N62811,2,0,sports
N36552,2,0,travel
N58682,2,0,lifestyle
N14161,2,0,sports
N58663,2,1,weather
N35997,2,0,foodanddrink
N15143,2,0,autos
N58669,2,0,sports
N1874,2,0,sports
N15214,2,0,sports
N61406,2,0,news
N18897,2,0,sports
N14968,2,0,sports
N56799,2,0,sports
N34465,2,0,sports
N56791,2,0,sports
N3326,2,0,sports
N4218,2,0,health
N15285,2,1,news
N61322,2,0,sports
N5825,2,1,sports
N18703,2,0,news
N15280,2,0,sports
N61689,2,0,weather
N9986,2,0,travel
N13817,2,0,sports
N35839,2,0,foodanddrink
N34892,2,0,finance
N58259,2,0,sports
N18702,2,0,video
N17532,2,0,news
N29481,2,0,news
N17215,2,0,travel
N34917,2,0,sports
N34916,2,0,news
N29648,2,0,news
N18673,2,0,sports
N42173,2,0,weather
N34569,2,0,sports
N62754,2,0,sports
N61259,2,0,sports
N9697,2,0,sports
N29436,2,0,autos
N1722,2,0,video
N56501,2,0,video
N56803,2,0,travel
N15346,2,1,sports
N11342,2,0,sports
N34727,2,0,sports
N61350,2,0,sports
N33656,2,0,video
N41575,2,0,foodanddrink
N61351,2,0,travel
N56531,2,0,sports
N14635,2,0,video
N56719,2,0,sports
N35864,2,0,entertainment
N58398,2,0,finance
N58761,2,0,news
N61390,2,0,sports
N58760,2,0,sports
N58284,2,0,sports
N10224,2,1,sports
N18875,2,0,finance
N15242,2,0,sports
N17315,2,0,travel
N3374,2,0,sports
N61641,2,0,news
N14695,2,0,sports
N58288,2,0,sports
N41587,2,0,news
N14087,2,0,tv
N36527,2,0,foodanddrink
N61366,2,0,sports
N4183,2,1,video
N15,2,1,news
N61667,2,0,sports
N58767,2,0,autos
N6324,2,0,news
N63299,2,0,news
N18711,2,0,sports
N18715,2,0,news
N15249,2,0,video
N17619,2,0,sports
N34872,2,0,health
N17609,2,0,sports
N17360,2,0,entertainment
N42260,2,0,news
N35844,2,0,sports
N17352,2,0,sports
N59733,2,0,travel
N16999,2,1,news
N56956,2,0,sports
N6007,2,0,movies
N14388,2,0,news
N16150,2,0,news
N62354,2,0,entertainment
N57430,2,0,news
N33494,2,0,finance
N35590,2,0,sports
N60173,2,0,news
N33692,2,0,travel
N41991,2,0,sports
N16139,2,0,travel
N57836,2,0,news
N14398,2,0,sports
N62936,2,0,sports
N1817,2,0,foodanddrink
N34062,2,0,sports
N34088,2,0,news
N3409,2,0,news
N9655,2,0,health
N14011,2,0,news
N42348,2,1,sports
N33941,2,0,news
N29125,2,1,news
N11211,2,1,weather
N7995,2,0,sports
N60147,2,0,music
N57433,2,0,news
N16604,2,0,sports
N62947,2,0,movies
N57492,2,0,news
N60079,2,0,sports
N16190,2,0,foodanddrink
N60083,2,0,sports
N63042,2,0,sports
N60086,2,0,news
N57476,2,0,news
N33957,2,0,sports
N3538,2,0,weather
N16179,2,0,finance
N5745,2,0,lifestyle
N35377,2,0,sports
N33955,2,0,tv
N36129,2,0,lifestyle
N59526,2,0,news
N60122,2,0,sports
N33526,2,0,news
N60127,2,0,lifestyle
N11392,2,0,finance
N18146,2,1,sports
N16159,2,0,foodanddrink
N14263,2,0,lifestyle
N59492,2,0,sports
N60235,2,0,sports
N57901,2,0,foodanddrink
N7894,2,0,news
N60301,2,0,lifestyle
N14252,2,1,sports
N57367,2,0,news
N29294,2,0,sports
N62298,2,0,finance
N35268,2,0,sports
N62921,2,0,news
N18234,2,0,news
N60320,2,0,news
N18243,2,0,autos
N6030,2,1,finance
N5943,2,0,sports
N17893,2,1,lifestyle
N36285,2,0,sports
N33462,2,0,sports
N34137,2,0,video
N41955,2,0,video
N13947,2,1,sports
N36110,2,1,finance
N16740,2,0,news
N6036,2,0,video
N42104,2,0,tv
N5945,2,0,autos
N14021,2,0,lifestyle
N5946,2,0,travel
N16654,2,0,sports
N57404,2,0,sports
N62311,2,0,foodanddrink
N17899,2,0,sports
N33626,2,0,sports
N18204,2,0,tv
N60264,2,0,news
N33483,2,0,video
N16066,2,0,news
N9613,2,0,sports
N62304,2,0,sports
N34117,2,1,sports
N35615,2,0,news
N60283,2,0,sports
N60284,2,0,news
N57381,2,1,sports
N34112,2,0,travel
N57889,2,0,news
N60293,2,0,sports
N62925,2,1,news
N57892,2,0,sports
N2924,2,0,sports
N11373,2,0,news
N36244,2,0,sports
N57335,2,0,news
N42083,2,0,news
N11334,2,0,news
N36178,2,0,music
N57666,2,0,lifestyle
N16347,2,0,sports
N59845,2,0,video
N59848,2,0,sports
N16340,2,0,news
N16338,2,0,sports
N35525,2,0,finance
N35530,2,0,sports
N18045,2,0,lifestyle
N42021,2,0,sports
N57759,2,1,sports
N62424,2,0,sports
N34001,2,1,tv
N5988,2,0,sports
N57629,2,1,sports
N16531,2,0,news
N59900,2,0,sports
N16316,2,0,travel
N57624,2,0,news
N16307,2,0,sports
N5991,2,0,news
N10152,2,0,sports
N35447,2,0,news
N16352,2,1,finance
N59710,2,0,health
N35472,2,0,news
N62465,2,0,sports
N33980,2,0,news
N57722,2,0,sports
N35489,2,0,weather
N6246,2,0,news
N13987,2,0,sports
N33970,2,0,sports
N59711,2,0,news
N18,2,0,lifestyle
N16382,2,0,music
N14279,2,0,news
N59707,2,0,news
N33588,2,0,autos
N59804,2,0,sports
N35506,2,0,autos
N57681,2,0,finance
N17982,2,0,sports
N62452,2,0,news
N57741,2,0,sports
N8150,2,0,weather
N36176,2,0,sports
N59632,2,0,news
N57608,2,0,news
N57770,2,0,sports
N60018,2,0,health
N29516,2,0,health
N29275,2,0,video
N36206,2,0,sports
N59986,2,0,news
N59991,2,0,news
N59999,2,0,video
N57540,2,0,autos
N5781,2,0,video
N7990,2,0,finance
N34038,2,0,sports
N57532,2,1,news
N16575,2,0,weather
N36207,2,1,travel
N60020,2,0,finance
N16219,2,0,video
N57517,2,0,finance
N18106,2,0,tv
N965,2,0,finance
N57507,2,0,sports
N63037,2,0,finance
N10248,2,0,sports
N59556,2,0,autos
N16253,2,0,news
N41525,2,0,sports
N5992,2,0,sports
N14332,2,0,news
N59920,2,0,news
N57771,2,0,sports
N57607,2,0,lifestyle
N63022,2,0,travel
N57775,2,0,news
N1138,2,1,news
N34018,2,0,sports
N16553,2,0,tv
N36187,2,0,finance
N62404,2,0,autos
N17959,2,0,travel
N36139,2,0,sports
N59614,2,1,sports
N14003,2,0,video
N59970,2,0,travel
N16564,2,0,sports
N17947,2,0,sports
N14336,2,0,health
N62490,2,0,sports
N59599,2,0,travel
N57802,2,0,news
N35401,2,2,music
N60364,2,0,tv
N57332,2,0,news
N17141,2,0,sports
N14527,2,0,weather
N8037,2,0,finance
N8040,2,1,sports
N58080,2,0,news
N60821,2,0,sports
N60822,2,0,sports
N33834,2,0,music
N60837,2,0,sports
N41642,2,0,news
N57060,2,0,news
N796,2,0,news
N5706,2,0,lifestyle
N34287,2,0,health
N17778,2,0,news
N60853,2,0,sports
N29151,2,0,news
N17016,2,2,news
N1562,2,0,sports
N41887,2,0,sports
N42141,2,0,sports
N62872,2,1,lifestyle
N60877,2,0,sports
N1703,2,0,lifestyle
N59064,2,1,news
N15648,2,0,news
N35698,2,0,sports
N10085,2,1,sports
N57105,2,1,sports
N59209,2,0,news
N60744,2,0,sports
N33419,2,0,lifestyle
N15703,2,0,autos
N33639,2,0,news
N57120,2,0,foodanddrink
N16903,2,1,sports
N36365,2,0,sports
N36056,2,0,sports
N29535,2,0,sports
N1781,2,0,sports
N60792,2,0,news
N11337,2,0,sports
N14045,2,0,weather
N6289,2,0,news
N63141,2,0,autos
N35684,2,0,news
N16956,2,0,sports
N14048,2,0,travel
N60784,2,0,sports
N18474,2,0,news
N1848,2,0,finance
N59059,2,0,news
N185,2,0,news
N42455,2,0,sports
N18586,2,0,finance
N58977,2,0,foodanddrink
N63168,2,0,news
N35013,2,0,news
N60959,2,0,foodanddrink
N56980,2,0,sports
N15556,2,0,sports
N15554,2,0,sports
N3378,2,0,weather
N56975,2,0,travel
N60967,2,0,music
N41610,2,1,video
N17090,2,0,sports
N6097,2,0,sports
N33356,2,0,movies
N9927,2,0,sports
N34363,2,0,news
N17696,2,1,finance
N56964,2,0,sports
N5817,2,0,weather
N18592,2,0,sports
N60991,2,0,tv
N17693,2,1,sports
N10244,2,0,lifestyle
N56994,2,0,news
N59056,2,0,sports
N35746,2,0,sports
N6259,2,0,news
N62170,2,0,video
N33802,2,0,finance
N35044,2,0,weather
N33798,2,0,sports
N60911,2,0,news
N57008,2,0,sports
N18523,2,0,news
N60914,2,0,finance
N33795,2,1,sports
N18545,2,0,sports
N17717,2,0,sports
N29214,2,0,sports
N3575,2,0,sports
N59012,2,0,video
N18561,2,1,video
N15565,2,0,sports
N35759,2,0,news
N1556,2,1,lifestyle
N60945,2,0,video
N62615,2,0,tv
N5899,2,0,travel
N59211,2,0,video
N16900,2,0,sports
N62525,2,0,travel
N60738,2,1,news
N57271,2,0,sports
N18301,2,0,lifestyle
N10105,2,0,sports
N59382,2,0,sports
N16786,2,0,lifestyle
N34179,2,0,news
N15925,2,0,autos
N9878,2,0,news
N8016,2,0,sports
N17862,2,0,finance
N5796,2,0,sports
N36325,2,0,video
N42115,2,0,sports
N15904,2,0,news
N36099,2,0,travel
N14484,2,0,news
N1832,2,0,news
N34201,2,0,lifestyle
N57963,2,0,sports
N18321,2,0,tv
N63099,2,0,sports
N57235,2,1,travel
N29229,2,0,finance
N36313,2,0,news
N6043,2,0,sports
N57274,2,1,news
N15949,2,0,sports
N18261,2,0,sports
N13941,2,0,news
N35631,2,1,sports
N6229,2,0,news
N34158,2,0,sports
N9769,2,0,sports
N57928,2,0,sports
N2913,2,0,weather
N59391,2,0,news
N16762,2,0,foodanddrink
N13936,2,0,news
N63096,2,0,finance
N6041,2,0,news
N59389,2,0,travel
N36298,2,0,lifestyle
N35226,2,0,news
N59388,2,0,tv
N3630,2,0,travel
N35220,2,0,sports
N57285,2,0,news
N14469,2,0,sports
N34164,2,0,foodanddrink
N57230,2,0,news
N7926,2,0,sports
N57228,2,0,video
N58012,2,0,travel
N16886,2,0,sports
N58005,2,0,news
N60633,2,0,travel
N10093,2,0,news
N63117,2,0,finance
N16889,2,0,news
N60647,2,0,weather
N16893,2,0,sports
N14222,2,0,news
N15774,2,0,video
N15750,2,1,news
N57184,2,0,sports
N9658,2,0,sports
N35103,2,0,news
N29306,2,0,news
N63122,2,1,news
N60707,2,0,sports
N60711,2,0,news
N60718,2,0,sports
N60720,2,0,news
N14221,2,0,finance
N2949,2,0,finance
N15813,2,0,news
N16885,2,0,news
N41942,2,0,sports
N57214,2,0,news
N3421,2,1,news
N14236,2,0,news
N18358,2,0,foodanddrink
N16808,2,0,sports
N34216,2,0,sports
N1837,2,1,news
N59328,2,0,music
N60531,2,0,video
N16818,2,0,lifestyle
N29020,2,0,sports
N42423,2,0,sports
N18440,2,0,news
N57976,2,1,entertainment
N9657,2,1,sports
N15880,2,0,sports
N62902,2,0,tv
N29533,2,0,sports
N35152,2,1,sports
N36079,2,0,news
N60610,2,1,sports
N42434,2,0,video
N59266,2,0,foodanddrink
N33884,2,0,news
N53221,2,1,video
N19018,2,0,travel
N49234,2,0,sports
N49,2,1,news
N24295,2,0,lifestyle
N39155,2,0,sports
N49053,2,1,sports
N12518,2,0,news
N39146,2,0,news
N39145,2,0,sports
N49068,2,0,sports
N8861,2,0,foodanddrink
N2424,2,0,news
N41083,2,0,health
N1162,2,0,news
N1253,2,1,travel
N2818,2,0,travel
N49118,2,0,news
N43591,2,0,news
N24224,2,1,sports
N65016,2,0,lifestyle
N49171,2,0,weather
N65008,2,0,news
N887,2,0,sports
N49181,2,0,lifestyle
N49191,2,0,news
N65002,2,0,sports
N11612,2,0,lifestyle
N31297,2,0,sports
N48974,2,0,sports
N48957,2,0,news
N24375,2,0,sports
N65094,2,1,sports
N48809,2,0,lifestyle
N39260,2,0,foodanddrink
N43626,2,0,travel
N10821,2,0,music
N12480,2,0,sports
N65084,2,0,news
N12481,2,0,news
N39240,2,0,sports
N4886,2,0,weather
N48883,2,0,sports
N24365,2,0,sports
N48955,2,0,sports
N31228,2,0,weather
N48898,2,0,sports
N31231,2,0,sports
N48910,2,0,sports
N7588,2,0,video
N43614,2,0,weather
N39203,2,0,travel
N884,2,0,health
N12498,2,0,health
N24351,2,1,news
N4895,2,0,sports
N49227,2,0,sports
N3907,2,0,sports
N23850,2,0,news
N49248,2,1,lifestyle
N28239,2,0,news
N49534,2,0,finance
N38948,2,0,finance
N10797,2,0,sports
N49546,2,0,finance
N43514,2,0,news
N23977,2,0,sports
N23972,2,0,sports
N10791,2,0,news
N38924,2,0,health
N23947,2,1,news
N29912,2,0,news
N6492,2,0,finance
N3891,2,0,travel
N38902,2,0,sports
N23929,2,0,finance
N31478,2,0,sports
N1079,2,0,travel
N12586,2,1,news
N23901,2,0,news
N23896,2,0,sports
N23894,2,1,sports
N38861,2,1,weather
N8919,2,0,finance
N49737,2,0,news
N24027,2,0,news
N28233,2,1,sports
N8905,2,0,sports
N39027,2,0,video
N43554,2,0,lifestyle
N39052,2,0,music
N43543,2,0,news
N4926,2,0,sports
N24139,2,0,sports
N24134,2,0,news
N64965,2,0,sports
N2413,2,0,sports
N49308,2,0,news
N39034,2,0,sports
N31374,2,0,sports
N49366,2,0,sports
N38976,2,0,sports
N12548,2,0,weather
N31383,2,0,news
N49393,2,0,sports
N31389,2,1,foodanddrink
N4943,2,1,sports
N7611,2,0,sports
N31400,2,0,news
N24071,2,2,news
N38990,2,0,video
N28232,2,1,sports
N24065,2,0,sports
N8814,2,0,news
N4108,2,0,video
N4879,2,0,sports
N31170,2,0,foodanddrink
N10849,2,0,health
N29942,2,0,finance
N48207,2,0,lifestyle
N12390,2,0,news
N24874,2,0,news
N48235,2,0,lifestyle
N39472,2,0,sports
N1240,2,0,finance
N48243,2,0,health
N48258,2,0,news
N43702,2,0,finance
N31003,2,0,news
N8774,2,0,sports
N757,2,0,autos
N48334,2,0,sports
N48337,2,0,news
N24832,2,0,sports
N48346,2,0,sports
N2482,2,0,sports
N8782,2,0,video
N48376,2,1,finance
N4838,2,0,video
N484,2,0,finance
N65189,2,0,news
N43681,2,0,sports
N39493,2,0,news
N39496,2,0,sports
N28067,2,0,travel
N8734,2,0,video
N47897,2,0,travel
N47901,2,0,sports
N2509,2,0,travel
N47910,2,1,sports
N6605,2,0,sports
N39576,2,0,sports
N8308,2,0,finance
N47951,2,0,sports
N8731,2,0,sports
N6585,2,0,sports
N41054,2,1,video
N2500,2,0,sports
N1238,2,0,news
N2498,2,0,travel
N24977,2,0,sports
N4805,2,0,lifestyle
N39529,2,0,foodanddrink
N39525,2,0,news
N39522,2,0,news
N4808,2,0,news
N6571,2,0,tv
N48117,2,0,weather
N4812,2,0,sports
N48142,2,0,video
N24806,2,0,foodanddrink
N24801,2,1,news
N24794,2,0,sports
N24516,2,0,movies
N31139,2,0,sports
N24582,2,0,health
N65122,2,0,news
N24576,2,0,travel
N48669,2,0,lifestyle
N24575,2,1,sports
N48678,2,0,news
N12472,2,0,lifestyle
N24572,2,0,sports
N24562,2,0,travel
N24539,2,0,lifestyle
N39288,2,0,travel
N24616,2,0,health
N48744,2,0,news
N48747,2,0,news
N39273,2,0,sports
N24493,2,0,entertainment
N39270,2,0,sports
N48763,2,0,sports
N24482,2,0,music
N48768,2,0,news
N4877,2,0,travel
N48777,2,0,sports
N48778,2,1,sports
N24590,2,0,music
N65134,2,0,lifestyle
N43679,2,0,sports
N24682,2,0,lifestyle
N28106,2,0,lifestyle
N65175,2,0,sports
N24768,2,0,sports
N39382,2,0,news
N39379,2,0,sports
N8792,2,0,finance
N24739,2,0,news
N4848,2,0,health
N48484,2,1,sports
N24704,2,0,news
N48500,2,0,autos
N39362,2,0,sports
N48607,2,0,sports
N39353,2,0,finance
N24678,2,0,video
N8300,2,0,autos
N48554,2,0,weather
N39345,2,0,finance
N48575,2,0,news
N39340,2,0,sports
N48595,2,0,news
N65136,2,0,news
N28136,2,1,music
N3111,2,0,health
N28254,2,1,sports
N49759,2,0,news
N12946,2,0,sports
N826,2,0,news
N64640,2,0,tv
N38504,2,0,video
N2301,2,0,foodanddrink
N41190,2,0,finance
N28373,2,0,news
N50900,2,0,sports
N23,2,0,news
N22985,2,0,news
N2298,2,0,news
N12877,2,0,sports
N50956,2,0,sports
N50986,2,0,weather
N11593,2,0,finance
N64619,2,0,finance
N64613,2,0,finance
N22907,2,0,news
N51066,2,0,news
N22904,2,0,sports
N28388,2,0,news
N12891,2,0,sports
N38428,2,0,sports
N38425,2,0,foodanddrink
N51114,2,0,sports
N64604,2,0,sports
N38418,2,0,sports
N23014,2,0,news
N29848,2,2,sports
N23035,2,0,health
N896,2,0,travel
N23180,2,1,video
N50682,2,1,sports
N50695,2,0,autos
N23165,2,0,sports
N647,2,0,sports
N3856,2,0,sports
N50736,2,0,news
N50750,2,0,news
N31708,2,0,sports
N23121,2,0,news
N12848,2,0,news
N23101,2,0,sports
N10742,2,0,news
N38534,2,0,weather
N23093,2,2,sports
N50796,2,0,news
N50801,2,0,lifestyle
N23086,2,2,sports
N3853,2,1,sports
N38518,2,0,news
N38515,2,0,finance
N64651,2,1,sports
N23076,2,0,sports
N50834,2,0,sports
N43315,2,0,sports
N51142,2,0,health
N49765,2,0,entertainment
N38405,2,0,sports
N29814,2,0,sports
N51356,2,0,finance
N22710,2,1,sports
N22698,2,0,sports
N51393,2,0,autos
N51409,2,0,autos
N51411,2,0,news
N10694,2,0,weather
N22681,2,0,autos
N43276,2,0,news
N10687,2,0,news
N22663,2,0,finance
N10683,2,0,news
N22648,2,0,news
N31892,2,0,sports
N7676,2,0,news
N51487,2,0,travel
N3190,2,0,video
N38281,2,0,sports
N5150,2,0,news
N9049,2,1,news
N226,2,1,news
N22574,2,0,sports
N43242,2,0,news
N51528,2,0,sports
N38356,2,0,news
N22722,2,0,news
N51342,2,0,sports
N8247,2,0,sports
N22866,2,0,sports
N31790,2,0,finance
N22860,2,0,sports
N2285,2,0,finance
N12902,2,0,sports
N64592,2,0,sports
N28412,2,0,weather
N22805,2,0,sports
N51211,2,0,sports
N31823,2,0,sports
N38384,2,0,news
N22798,2,0,video
N51337,2,1,news
N51228,2,0,sports
N51243,2,0,sports
N64567,2,0,sports
N31827,2,0,sports
N9018,2,0,news
N22760,2,0,sports
N51312,2,0,video
N41221,2,0,sports
N51329,2,0,weather
N38360,2,0,sports
N22742,2,0,news
N50660,2,0,video
N12835,2,0,news
N28346,2,0,sports
N50650,2,0,foodanddrink
N50006,2,0,sports
N237,2,0,news
N50017,2,0,video
N23698,2,0,foodanddrink
N50025,2,0,news
N50027,2,0,foodanddrink
N11602,2,0,news
N29896,2,0,travel
N1265,2,0,weather
N23644,2,0,news
N38756,2,0,music
N5007,2,1,news
N64835,2,0,news
N29890,2,0,finance
N38743,2,0,sports
N50091,2,0,lifestyle
N50112,2,0,travel
N50113,2,0,news
N50142,2,0,news
N38725,2,0,news
N23596,2,1,sports
N38721,2,0,autos
N50167,2,0,news
N31604,2,0,foodanddrink
N31607,2,0,sports
N23711,2,0,sports
N49993,2,1,sports
N23724,2,0,video
N23789,2,0,news
N64898,2,0,news
N3150,2,0,news
N38848,2,1,news
N49806,2,0,lifestyle
N49812,2,0,foodanddrink
N892,2,0,sports
N23828,2,0,travel
N49833,2,0,sports
N31506,2,1,news
N38835,2,0,sports
N23793,2,1,sports
N38829,2,0,sports
N38799,2,0,news
N49893,2,0,news
N23778,2,0,lifestyle
N38822,2,0,travel
N64871,2,0,sports
N10784,2,0,news
N23759,2,0,sports
N49934,2,0,news
N23757,2,0,sports
N31512,2,0,sports
N64853,2,0,weather
N38803,2,0,sports
N50190,2,0,sports
N23574,2,0,video
N23564,2,0,sports
N50536,2,0,entertainment
N764,2,0,video
N50449,2,0,news
N23348,2,1,news
N38607,2,0,sports
N23310,2,0,sports
N28337,2,0,health
N50511,2,0,foodanddrink
N23282,2,0,news
N64739,2,0,news
N3859,2,0,sports
N50529,2,0,music
N12778,2,1,travel
N1273,2,0,sports
N50550,2,0,sports
N50557,2,0,sports
N50579,2,0,sports
N12779,2,0,sports
N12799,2,0,weather
N23219,2,0,news
N43375,2,0,video
N23216,2,0,weather
N23210,2,0,finance
N50620,2,0,weather
N50647,2,0,sports
N56377,2,0,video
N50433,2,0,sports
N50229,2,0,sports
N23497,2,0,lifestyle
N3866,2,0,sports
N50234,2,0,news
N23529,2,0,sports
N23524,2,0,news
N23515,2,0,sports
N28312,2,0,foodanddrink
N50267,2,0,weather
N50274,2,0,news
N23501,2,0,health
N50297,2,0,finance
N38650,2,0,travel
N23466,2,0,video
N12729,2,0,news
N5033,2,0,weather
N38645,2,0,lifestyle
N50354,2,0,video
N64791,2,0,lifestyle
N23449,2,0,video
N23432,2,0,finance
N23422,2,1,video
N31663,2,0,movies
N43411,2,0,news
N38637,2,0,news
N12716,2,0,news
N39586,2,0,sports
N2510,2,0,travel
N396,2,0,news
N2665,2,0,travel
N8467,2,0,sports
N4548,2,0,video
N45480,2,0,news
N45489,2,0,sports
N26800,2,1,foodanddrink
N268,2,0,travel
N45534,2,0,sports
N2677,2,0,finance
N26767,2,0,movies
N44170,2,0,lifestyle
N26747,2,0,news
N26742,2,0,finance
N45601,2,0,video
N44164,2,0,sports
N45638,2,0,foodanddrink
N8487,2,0,news
N11127,2,0,sports
N7095,2,0,finance
N45680,2,0,news
N45689,2,0,weather
N26669,2,0,travel
N45711,2,1,sports
N45715,2,0,lifestyle
N45719,2,0,news
N11941,2,0,finance
N45467,2,0,sports
N26817,2,0,sports
N26821,2,0,sports
N26956,2,0,foodanddrink
N27051,2,0,news
N45222,2,0,sports
N27048,2,0,sports
N45237,2,0,sports
N45240,2,0,news
N11028,2,0,news
N7195,2,0,tv
N30025,2,0,news
N40479,2,0,news
N45280,2,0,sports
N44197,2,0,news
N2695,2,1,news
N26841,2,0,sports
N26945,2,0,news
N4532,2,0,sports
N4047,2,0,tv
N45350,2,0,sports
N44193,2,0,sports
N30298,2,0,sports
N26868,2,0,news
N11889,2,0,travel
N26857,2,0,lifestyle
N45421,2,0,music
N45425,2,1,sports
N11006,2,1,sports
N45736,2,0,music
N43757,2,0,news
N7083,2,0,travel
N26559,2,0,weather
N12000,2,0,sports
N11128,2,0,sports
N30443,2,0,sports
N45940,2,0,news
N45947,2,0,news
N40316,2,0,finance
N26523,2,0,sports
N7018,2,0,entertainment
N45967,2,0,sports
N44104,2,0,news
N40296,2,0,video
N45984,2,0,travel
N40289,2,0,travel
N26499,2,0,sports
N46,2,0,sports
N26482,2,1,sports
N40288,2,0,news
N46020,2,0,news
N7490,2,0,foodanddrink
N30479,2,0,news
N2643,2,0,sports
N46066,2,0,sports
N12019,2,0,news
N30488,2,0,sports
N4033,2,0,travel
N26568,2,0,news
N40330,2,0,sports
N7055,2,0,health
N30382,2,0,news
N45744,2,0,foodanddrink
N26628,2,1,sports
N45749,2,0,sports
N7067,2,0,sports
N44128,2,0,sports
N26608,2,1,news
N45766,2,0,news
N45769,2,0,news
N40367,2,0,video
N45780,2,0,weather
N7053,2,0,news
N45886,2,0,news
N30405,2,0,sports
N40347,2,0,music
N30411,2,1,sports
N26589,2,0,finance
N45827,2,0,health
N45830,2,0,travel
N4584,2,0,foodanddrink
N45849,2,0,sports
N45855,2,0,sports
N45858,2,0,sports
N45882,2,0,sports
N27058,2,1,sports
N40513,2,0,finance
N45169,2,0,movies
N44206,2,0,foodanddrink
N30122,2,0,news
N7382,2,0,tv
N44577,2,0,news
N27517,2,0,foodanddrink
N27513,2,0,sports
N44589,2,0,sports
N40778,2,0,sports
N40771,2,0,sports
N11095,2,0,finance
N11086,2,0,sports
N44626,2,0,news
N2748,2,0,foodanddrink
N40738,2,0,video
N7357,2,0,sports
N27471,2,0,news
N735,2,0,news
N30141,2,0,entertainment
N11790,2,0,foodanddrink
N2743,2,0,sports
N44682,2,0,news
N27423,2,0,sports
N2742,2,0,sports
N44729,2,0,sports
N44734,2,1,news
N2740,2,0,sports
N27685,2,0,sports
N2754,2,0,travel
N7389,2,0,news
N27673,2,0,autos
N27648,2,0,autos
N27640,2,0,news
N44358,2,0,sports
N44359,2,0,sports
N44380,2,0,news
N44384,2,0,foodanddrink
N40865,2,0,video
N7433,2,0,news
N4433,2,0,finance
N44412,2,0,movies
N44413,2,2,finance
N44432,2,0,sports
N30081,2,0,news
N30094,2,0,sports
N27605,2,0,video
N44446,2,1,sports
N27592,2,0,sports
N7415,2,0,sports
N27589,2,0,news
N44320,2,0,news
N30104,2,0,news
N27571,2,0,sports
N44316,2,0,news
N7404,2,1,sports
N30156,2,0,sports
N27362,2,1,sports
N2736,2,0,foodanddrink
N4505,2,0,lifestyle
N27216,2,0,sports
N27211,2,0,sports
N27767,2,1,sports
N40903,2,0,sports
N27199,2,0,health
N45004,2,0,sports
N27197,2,0,news
N11840,2,0,news
N27182,2,0,finance
N7244,2,0,sports
N4504,2,0,news
N30248,2,0,video
N7260,2,0,news
N40544,2,1,sports
N30046,2,0,health
N44218,2,0,video
N45083,2,0,sports
N40534,2,0,news
N843,2,0,sports
N45098,2,0,sports
N27119,2,0,health
N45121,2,0,sports
N27111,2,0,sports
N27110,2,0,health
N44978,2,0,news
N11047,2,0,sports
N44273,2,0,video
N40647,2,0,video
N7318,2,0,news
N11816,2,0,sports
N731,2,0,lifestyle
N27332,2,0,news
N40662,2,2,sports
N44809,2,0,finance
N44811,2,0,video
N27329,2,0,news
N40655,2,1,sports
N44842,2,0,health
N4065,2,0,sports
N40645,2,0,sports
N44932,2,2,lifestyle
N7290,2,0,video
N8412,2,0,weather
N44868,2,0,weather
N40633,2,0,finance
N27283,2,0,news
N40892,2,0,news
N11712,2,0,video
N44898,2,0,news
N27735,2,0,sports
N44915,2,0,weather
N406,2,0,sports
N4022,2,0,news
N46094,2,0,news
N699,2,0,lifestyle
N46973,2,0,news
N43844,2,0,finance
N47204,2,0,news
N30771,2,0,health
N30775,2,0,sports
N27973,2,0,finance
N30790,2,0,news
N47238,2,0,news
N47242,2,0,sports
N6740,2,0,news
N39800,2,0,sports
N47270,2,0,sports
N1091,2,0,news
N39796,2,1,news
N47283,2,0,autos
N25538,2,0,weather
N25509,2,0,news
N47318,2,0,weather
N27986,2,0,news
N47327,2,0,sports
N25477,2,0,weather
N2547,2,0,news
N47367,2,0,finance
N25466,2,0,sports
N25450,2,0,tv
N12295,2,0,sports
N47198,2,0,sports
N39838,2,0,foodanddrink
N27962,2,0,weather
N25696,2,0,travel
N25739,2,0,lifestyle
N10923,2,0,news
N46982,2,0,news
N27921,2,0,travel
N12240,2,0,foodanddrink
N39899,2,0,sports
N47037,2,0,sports
N27943,2,0,finance
N47045,2,0,sports
N2795,2,0,health
N47064,2,0,weather
N25693,2,0,lifestyle
N25620,2,0,lifestyle
N8655,2,0,sports
N39872,2,0,foodanddrink
N43859,2,0,weather
N47110,2,0,travel
N39862,2,0,sports
N12261,2,1,lifestyle
N25649,2,0,sports
N25643,2,0,finance
N47133,2,1,entertainment
N29966,2,0,video
N30754,2,0,news
N47414,2,0,news
N47418,2,0,news
N25441,2,0,lifestyle
N47793,2,0,news
N25275,2,0,news
N25267,2,0,news
N47700,2,0,entertainment
N41044,2,0,finance
N47704,2,0,sports
N47714,2,0,sports
N47735,2,0,news
N30903,2,0,news
N47772,2,0,news
N47782,2,0,sports
N25199,2,0,sports
N47809,2,0,news
N6634,2,0,sports
N25181,2,0,sports
N755,2,0,travel
N47828,2,0,foodanddrink
N39644,2,0,sports
N39643,2,1,lifestyle
N2515,2,0,sports
N12340,2,0,travel
N7551,2,1,news
N39616,2,0,sports
N25126,2,0,tv
N43758,2,0,foodanddrink
N25303,2,1,travel
N47639,2,0,news
N25413,2,0,news
N8695,2,0,news
N29951,2,0,autos
N25394,2,0,weather
N47489,2,0,sports
N47499,2,0,news
N2539,2,0,news
N47516,2,0,news
N47522,2,0,news
N47527,2,0,travel
N11658,2,1,sports
N6657,2,0,travel
N25378,2,0,travel
N25373,2,0,news
N47632,2,0,finance
N30839,2,0,video
N6648,2,0,foodanddrink
N47567,2,0,video
N25362,2,0,health
N25360,2,0,news
N47582,2,0,news
N6647,2,0,sports
N25359,2,0,news
N41042,2,0,sports
N47627,2,0,news
N41043,2,0,sports
N3991,2,0,sports
N8325,2,0,sports
N4406,2,0,sports
N46960,2,0,video
N46315,2,0,finance
N12079,2,1,news
N6931,2,0,video
N27872,2,0,travel
N26219,2,0,sports
N12088,2,0,news
N46360,2,0,sports
N26209,2,0,news
N26188,2,0,sports
N10957,2,0,news
N26187,2,0,sports
N10954,2,0,sports
N46438,2,0,weather
N30544,2,0,health
N40994,2,0,video
N46459,2,0,news
N4646,2,1,video
N46470,2,0,sports
N46475,2,0,travel
N12125,2,0,video
N27884,2,0,sports
N46490,2,0,sports
N40111,2,0,sports
N46516,2,0,sports
N43963,2,0,travel
N26245,2,0,sports
N26246,2,0,news
N6933,2,0,travel
N46179,2,1,sports
N6981,2,0,news
N40191,2,0,weather
N12035,2,0,entertainment
N26373,2,0,travel
N46121,2,0,autos
N26372,2,0,sports
N46146,2,0,news
N44039,2,0,kids
N46154,2,0,sports
N46166,2,0,travel
N46178,2,0,movies
N12043,2,0,foodanddrink
N40981,2,0,lifestyle
N6958,2,0,travel
N44025,2,0,sports
N4620,2,0,news
N40979,2,0,sports
N46203,2,0,news
N30520,2,0,sports
N46219,2,0,finance
N12062,2,0,sports
N46234,2,0,sports
N26293,2,0,sports
N8553,2,0,news
N11671,2,0,finance
N46538,2,0,news
N6898,2,0,weather
N25819,2,0,sports
N2589,2,0,news
N6822,2,1,sports
N46761,2,0,news
N46786,2,0,health
N39975,2,0,foodanddrink
N12218,2,0,sports
N30657,2,0,news
N46840,2,1,sports
N30666,2,0,news
N25836,2,0,sports
N3070,2,0,sports
N30704,2,0,news
N30623,2,0,sports
N46900,2,1,news
N25818,2,0,sports
N68,2,0,sports
N30707,2,1,sports
N6797,2,0,health
N30710,2,0,health
N25793,2,1,health
N27917,2,0,sports
N25781,2,0,travel
N46956,2,0,video
N39916,2,0,sports
N1095,2,1,finance
N46735,2,0,sports
N12137,2,0,news
N2789,2,0,sports
N6880,2,0,news
N43957,2,0,sports
N46578,2,0,sports
N751,2,0,finance
N7513,2,0,sports
N46596,2,0,sports
N29979,2,0,finance
N12156,2,0,movies
N25995,2,0,sports
N7516,2,0,autos
N27889,2,0,news
N46652,2,0,news
N46729,2,0,news
N27894,2,0,news
N859,2,0,news
N46667,2,0,news
N6848,2,0,news
N6840,2,0,sports
N6839,2,0,news
N41009,2,0,music
N8593,2,0,news
N46720,2,0,sports
N11662,2,0,sports
N46728,2,0,lifestyle
N12942,2,0,video
N23358,2,0,music
N53919,2,0,sports
N13476,2,0,sports
N54199,2,0,sports
N32669,2,0,video
N11465,2,0,news
N20599,2,0,foodanddrink
N20587,2,0,sports
N42834,2,0,finance
N54295,2,0,news
N54307,2,0,sports
N54319,2,0,news
N54332,2,1,sports
N28764,2,0,news
N54372,2,0,news
N20496,2,1,music
N41370,2,0,video
N6378,2,0,news
N32686,2,0,sports
N42796,2,0,entertainment
N9366,2,0,news
N20455,2,0,foodanddrink
N54425,2,0,weather
N7799,2,1,sports
N20440,2,0,news
N32697,2,0,sports
N32659,2,0,foodanddrink
N54184,2,0,lifestyle
N3265,2,0,tv
N37310,2,0,news
N20759,2,1,video
N20754,2,0,news
N37342,2,1,sports
N37340,2,0,sports
N53998,2,0,music
N134,2,0,sports
N54021,2,0,video
N54036,2,0,sports
N54039,2,0,lifestyle
N37326,2,0,news
N54085,2,0,sports
N20664,2,0,sports
N54097,2,0,sports
N10486,2,0,lifestyle
N29753,2,0,finance
N28744,2,0,video
N20671,2,0,news
N10482,2,0,sports
N54133,2,0,sports
N9355,2,1,sports
N20666,2,0,sports
N54160,2,0,sports
N54458,2,0,sports
N32703,2,0,video
N63679,2,0,sports
N1348,2,0,travel
N37124,2,0,travel
N54677,2,0,travel
N5468,2,0,sports
N20291,2,0,finance
N54684,2,0,lifestyle
N32784,2,0,foodanddrink
N37109,2,0,sports
N20268,2,0,lifestyle
N32809,2,0,news
N54720,2,1,sports
N54723,2,0,sports
N63693,2,0,finance
N20227,2,0,lifestyle
N54759,2,0,foodanddrink
N42747,2,0,movies
N63687,2,0,news
N54768,2,0,weather
N54775,2,0,sports
N13538,2,0,video
N37094,2,0,travel
N54791,2,0,finance
N63680,2,0,finance
N41394,2,1,finance
N203,2,0,autos
N3714,2,0,sports
N54652,2,0,sports
N54527,2,1,news
N54478,2,0,finance
N10468,2,0,news
N37179,2,0,news
N204,2,0,video
N37171,2,0,news
N42778,2,0,travel
N32721,2,1,news
N32722,2,1,sports
N54514,2,0,weather
N54519,2,0,sports
N54532,2,0,autos
N42761,2,1,sports
N37165,2,0,sports
N32726,2,0,video
N9379,2,0,sports
N13498,2,0,foodanddrink
N54557,2,0,sports
N28814,2,0,sports
N5458,2,0,news
N20337,2,0,foodanddrink
N10455,2,0,sports
N54645,2,0,autos
N20765,2,0,sports
N63858,2,0,news
N10517,2,0,finance
N42874,2,0,news
N1324,2,0,news
N21169,2,0,foodanddrink
N21158,2,0,news
N53489,2,0,sports
N53498,2,0,sports
N53499,2,0,sports
N42938,2,0,sports
N53503,2,0,sports
N7773,2,0,music
N3240,2,0,lifestyle
N37527,2,0,video
N21146,2,0,video
N5352,2,0,foodanddrink
N53524,2,0,sports
N53530,2,0,sports
N63977,2,1,sports
N53543,2,0,sports
N53548,2,0,news
N28648,2,0,news
N53558,2,0,sports
N53569,2,0,news
N21111,2,0,sports
N53578,2,0,sports
N53459,2,0,sports
N64005,2,0,sports
N32364,2,0,news
N13187,2,0,weather
N53226,2,0,sports
N21348,2,0,travel
N21340,2,0,sports
N64092,2,0,news
N53250,2,0,lifestyle
N64085,2,0,sports
N13178,2,0,weather
N21295,2,0,autos
N53297,2,0,sports
N533,2,0,sports
N37607,2,0,travel
N53411,2,1,sports
N53312,2,0,finance
N21277,2,0,autos
N53337,2,0,news
N21264,2,0,news
N21261,2,1,news
N64056,2,0,sports
N21244,2,0,news
N5338,2,0,sports
N13221,2,0,music
N21219,2,0,news
N21101,2,0,news
N53584,2,0,news
N21096,2,0,news
N37381,2,0,video
N63905,2,0,news
N37417,2,0,sports
N53840,2,0,news
N53844,2,1,sports
N53855,2,0,sports
N53858,2,1,travel
N7781,2,0,news
N42892,2,0,video
N20885,2,1,sports
N20874,2,1,sports
N53887,2,0,news
N53806,2,0,travel
N63882,2,0,news
N63877,2,0,news
N32572,2,0,news
N9314,2,1,news
N53915,2,0,entertainment
N53917,2,0,sports
N22531,2,0,autos
N4133,2,0,travel
N5396,2,0,sports
N20784,2,0,sports
N37425,2,0,sports
N3251,2,0,travel
N53589,2,0,news
N53690,2,0,news
N42923,2,0,weather
N5360,2,0,foodanddrink
N37507,2,0,autos
N37503,2,0,sports
N32427,2,0,news
N37486,2,0,sports
N53677,2,0,video
N63945,2,1,sports
N32457,2,0,news
N210,2,0,weather
N37473,2,0,news
N2093,2,0,video
N9297,2,1,video
N32476,2,0,sports
N53736,2,0,sports
N20967,2,0,travel
N53750,2,0,health
N53762,2,0,news
N32500,2,0,news
N37438,2,0,sports
N53791,2,0,video
N42903,2,0,news
N20202,2,0,sports
N20182,2,0,sports
N28624,2,0,foodanddrink
N28927,2,0,sports
N42611,2,0,news
N19455,2,0,sports
N55747,2,1,sports
N55750,2,0,foodanddrink
N55770,2,0,sports
N55778,2,0,lifestyle
N55786,2,1,sports
N33047,2,0,sports
N55791,2,0,sports
N28913,2,0,sports
N55807,2,0,news
N42605,2,0,finance
N55830,2,0,finance
N13704,2,0,sports
N55860,2,1,sports
N55870,2,0,health
N55873,2,0,sports
N33067,2,0,video
N55896,2,0,finance
N949,2,1,sports
N55905,2,0,news
N13708,2,0,sports
N19350,2,1,music
N63433,2,0,sports
N19461,2,1,sports
N297,2,0,weather
N55641,2,1,sports
N33021,2,0,sports
N19558,2,0,autos
N2970,2,0,video
N6347,2,0,finance
N33039,2,0,sports
N42630,2,0,health
N19516,2,0,sports
N19504,2,0,sports
N55637,2,0,news
N63455,2,1,travel
N19495,2,0,lifestyle
N19472,2,0,news
N19492,2,0,sports
N55659,2,0,health
N13681,2,0,sports
N55666,2,0,health
N33046,2,0,travel
N63447,2,0,foodanddrink
N19480,2,1,sports
N19478,2,0,sports
N36821,2,0,sports
N19476,2,0,sports
N29688,2,0,autos
N55945,2,0,sports
N54834,2,0,foodanddrink
N55947,2,1,travel
N19155,2,0,sports
N56149,2,0,video
N19127,2,1,news
N33169,2,0,video
N5619,2,0,news
N56191,2,0,weather
N56202,2,0,news
N19102,2,0,news
N1910,2,0,sports
N56217,2,0,news
N19088,2,0,sports
N63354,2,0,sports
N63337,2,0,weather
N56276,2,0,sports
N56284,2,0,sports
N36631,2,0,video
N33228,2,1,travel
N33229,2,1,news
N63329,2,0,sports
N33237,2,0,news
N5636,2,0,news
N56366,2,0,sports
N19025,2,0,sports
N1916,2,0,news
N19176,2,1,finance
N56117,2,1,news
N56041,2,1,sports
N13723,2,1,weather
N36769,2,0,sports
N55987,2,0,finance
N55994,2,1,sports
N19306,2,0,sports
N19302,2,0,news
N56017,2,0,sports
N5602,2,0,finance
N6339,2,0,sports
N19283,2,0,sports
N56043,2,0,sports
N19187,2,0,tv
N19279,2,1,lifestyle
N56060,2,0,news
N19258,2,0,health
N33100,2,0,video
N11423,2,0,sports
N63378,2,0,video
N1923,2,1,sports
N41486,2,0,foodanddrink
N36718,2,0,weather
N19198,2,0,video
N19568,2,0,lifestyle
N55585,2,0,health
N55581,2,0,foodanddrink
N42642,2,0,news
N19969,2,0,autos
N32881,2,0,news
N1357,2,0,travel
N37005,2,0,news
N55095,2,0,weather
N11453,2,0,sports
N13576,2,0,video
N55103,2,0,sports
N36975,2,0,weather
N55127,2,0,health
N55130,2,0,sports
N55131,2,0,sports
N6359,2,0,sports
N10411,2,0,foodanddrink
N55154,2,0,news
N42702,2,0,sports
N4270,2,0,travel
N55191,2,0,sports
N28852,2,0,music
N10396,2,0,news
N36956,2,0,sports
N63568,2,0,news
N41422,2,0,sports
N55062,2,0,video
N55061,2,0,video
N28851,2,2,finance
N6365,2,0,travel
N20177,2,0,news
N37080,2,0,foodanddrink
N9403,2,1,news
N20159,2,0,sports
N54877,2,1,sports
N54880,2,0,news
N54887,2,0,sports
N54895,2,1,lifestyle
N1043,2,0,weather
N54921,2,0,news
N54934,2,0,foodanddrink
N19999,2,0,news
N54938,2,0,finance
N37054,2,0,sports
N54957,2,0,video
N54971,2,0,finance
N42724,2,0,sports
N54977,2,0,weather
N10420,2,0,sports
N20023,2,0,news
N32859,2,0,sports
N63621,2,0,tv
N10390,2,0,sports
N55222,2,0,sports
N19864,2,0,news
N29704,2,0,foodanddrink
N63508,2,0,lifestyle
N13652,2,0,sports
N63498,2,0,finance
N55446,2,0,sports
N19654,2,0,video
N55477,2,0,sports
N55483,2,0,news
N10382,2,0,sports
N19632,2,0,video
N1963,2,0,sports
N13668,2,0,sports
N13646,2,0,news
N19614,2,0,sports
N55510,2,0,sports
N36878,2,0,video
N63476,2,0,health
N2889,2,0,sports
N5555,2,1,news
N55551,2,0,sports
N42647,2,0,tv
N55560,2,0,sports
N41436,2,0,travel
N55425,2,0,sports
N3691,2,0,news
N55243,2,1,sports
N19752,2,0,sports
N19853,2,0,sports
N55254,2,0,travel
N13616,2,0,travel
N13618,2,0,news
N36921,2,0,sports
N5533,2,0,sports
N55333,2,0,sports
N55338,2,0,sports
N19757,2,0,foodanddrink
N19756,2,0,finance
N36918,2,0,news
N55409,2,0,sports
N55367,2,0,sports
N7831,2,0,sports
N32994,2,0,news
N55383,2,0,sports
N19711,2,0,finance
N55385,2,0,sports
N19702,2,0,lifestyle
N63520,2,0,lifestyle
N1969,2,0,foodanddrink
N55397,2,0,movies
N28626,2,0,sports
N38028,2,0,news
N9122,2,0,news
N51946,2,1,sports
N38084,2,0,autos
N43054,2,1,sports
N22099,2,0,news
N64194,2,1,sports
N52549,2,0,lifestyle
N5255,2,0,news
N22337,2,0,news
N3198,2,0,news
N10600,2,0,news
N22104,2,0,sports
N5256,2,0,weather
N51943,2,0,sports
N38063,2,0,news
N21825,2,0,autos
N52933,2,0,autos
N22333,2,0,sports
N52562,2,0,travel
N37837,2,1,news
N21866,2,0,news
N3783,2,1,sports
N51968,2,0,news
N52929,2,0,news
N13078,2,0,sports
N52181,2,0,news
N52928,2,0,news
N52173,2,0,travel
N22095,2,0,video
N51897,2,0,lifestyle
N9258,2,0,sports
N52528,2,0,news
N52463,2,0,news
N53,2,0,finance
N52247,2,0,sports
N32131,2,0,weather
N51782,2,0,tv
N22065,2,0,travel
N52996,2,0,news
N31957,2,0,travel
N37874,2,0,sports
N21512,2,0,lifestyle
N518,2,0,sports
N51800,2,0,finance
N9108,2,0,sports
N52501,2,0,sports
N38130,2,0,sports
N52504,2,0,sports
N5223,2,0,news
N22373,2,1,sports
N43126,2,0,sports
N64283,2,0,news
N21875,2,0,news
N9125,2,1,sports
N22354,2,0,travel
N22352,2,0,sports
N52956,2,2,sports
N52166,2,0,travel
N52165,2,0,news
N9260,2,0,sports
N52041,2,0,health
N11520,2,0,news
N52024,2,1,finance
N3225,2,0,lifestyle
N64235,2,0,sports
N13027,2,0,news
N22261,2,0,sports
N38006,2,0,sports
N32196,2,0,news
N32239,2,0,finance
N37757,2,0,sports
N923,2,0,foodanddrink
N32235,2,0,sports
N52747,2,0,travel
N28525,2,1,news
N64362,2,0,news
N52098,2,0,video
N28597,2,0,sports
N64376,2,0,news
N52730,2,0,lifestyle
N38021,2,0,news
N22176,2,0,sports
N32017,2,0,weather
N13090,2,0,finance
N22189,2,0,movies
N22180,2,0,news
N52726,2,0,foodanddrink
N52023,2,0,finance
N52160,2,0,news
N38029,2,0,sports
N3200,2,0,sports
N52640,2,0,tv
N52905,2,0,travel
N10628,2,0,sports
N52898,2,0,sports
N43150,2,1,news
N218,2,0,video
N22296,2,0,news
N21785,2,0,news
N5289,2,0,sports
N21772,2,0,sports
N2158,2,0,lifestyle
N37722,2,0,foodanddrink
N52855,2,0,finance
N3773,2,0,news
N2177,2,0,travel
N2159,2,0,video
N22128,2,0,lifestyle
N28602,2,0,finance
N64227,2,0,sports
N37926,2,0,sports
N51997,2,1,news
N37732,2,0,foodanddrink
N52824,2,0,news
N29770,2,1,lifestyle
N21626,2,0,news
N64165,2,0,sports
N32222,2,0,sports
N64293,2,0,autos
N21983,2,0,sports
N51716,2,0,news
N5239,2,0,news
N22476,2,0,finance
N13059,2,0,autos
N21404,2,0,news
N21403,2,1,finance
N9265,2,0,sports
N10650,2,0,video
N5166,2,0,sports
N21987,2,0,sports
N9261,2,0,news
N51656,2,0,foodanddrink
N52402,2,0,lifestyle
N37953,2,0,video
N9268,2,0,news
N22477,2,0,weather
N64337,2,0,sports
N13055,2,0,tv
N21465,2,0,news
N28507,2,0,news
N21425,2,0,finance
N64313,2,0,news
N22026,2,0,tv
N7749,2,0,news
N22038,2,0,sports
N21432,2,0,foodanddrink
N51686,2,0,sports
N52422,2,0,news
N52407,2,0,health
N53150,2,1,news
N2766,2,1,travel
N38193,2,1,news
N3211,2,0,travel
N2146,2,0,sports
N2139,2,0,sports
N52305,2,0,news
N21488,2,0,autos
N5319,2,0,sports
N53027,2,0,sports
N13175,2,0,sports
N2252,2,0,news
N37614,2,0,sports
N52355,2,0,video
N37917,2,0,sports
N52450,2,0,sports
N64507,2,0,sports
N52262,2,0,news
N12957,2,0,health
N31956,2,0,sports
N3207,2,0,news
N52265,2,0,news
N2142,2,0,news
N37620,2,1,sports
N21490,2,0,foodanddrink
N52350,2,0,news
N37682,2,1,travel
N9182,2,0,autos
N21498,2,1,sports
N52376,2,0,news
N21485,2,0,foodanddrink
N51627,2,0,foodanddrink
N52302,2,0,weather
N53144,2,0,sports
N51649,2,0,sports
N3791,2,0,news
N51653,2,0,news
N64160,2,0,sports
N63511,1,0,sports
N13048,1,0,health
N11595,1,0,news
N11403,1,0,sports
N13574,1,0,foodanddrink
N12765,1,0,foodanddrink
N62088,1,0,news
N13640,1,0,news
N13045,1,0,sports
N9419,1,0,finance
N62591,1,0,sports
N11951,1,0,news
N942,1,0,lifestyle
N63214,1,0,sports
N6957,1,0,movies
N64756,1,0,foodanddrink
N7105,1,0,sports
N11007,1,0,finance
N9552,1,0,sports
N62140,1,0,sports
N63618,1,0,music
N10623,1,0,sports
N62608,1,0,sports
N11689,1,0,sports
N11921,1,0,sports
N12078,1,1,news
N14622,1,0,news
N63490,1,0,movies
N64760,1,0,news
N9164,1,0,lifestyle
N9162,1,0,video
N64749,1,0,finance
N12854,1,0,sports
N62071,1,0,finance
N12045,1,0,news
N63215,1,0,news
N8093,1,0,sports
N64361,1,0,foodanddrink
N62572,1,0,sports
N1141,1,0,sports
N14576,1,0,foodanddrink
N63155,1,0,sports
N995,1,0,foodanddrink
N7835,1,0,sports
N6352,1,0,news
N64336,1,0,sports
N6970,1,0,sports
N9456,1,0,finance
N11984,1,0,sports
N14601,1,0,news
N13625,1,0,finance
N7482,1,0,sports
N64710,1,0,travel
N62586,1,0,news
N10618,1,0,news
N11437,1,0,sports
N63545,1,0,sports
N10388,1,1,news
N12002,1,0,news
N12005,1,0,video
N11010,1,0,sports
N6996,1,0,foodanddrink
N13610,1,0,news
N11970,1,0,sports
N64720,1,0,sports
N8521,1,0,news
N8232,1,0,news
N7017,1,0,sports
N8517,1,0,travel
N64343,1,0,video
N7483,1,0,video
N14605,1,0,news
N13606,1,0,news
N6434,1,0,news
N11452,1,0,health
N62580,1,0,sports
N10611,1,0,health
N7881,1,0,foodanddrink
N64346,1,0,sports
N64705,1,0,sports
N7889,1,1,foodanddrink
N10758,1,0,travel
N7068,1,0,sports
N6973,1,0,video
N8265,1,0,finance
N63207,1,0,finance
N12037,1,0,news
N63199,1,0,lifestyle
N12852,1,0,sports
N12851,1,0,sports
N11275,1,0,movies
N9565,1,0,news
N1389,1,0,foodanddrink
N9591,1,0,sports
N10610,1,0,travel
N9671,1,0,news
N6984,1,0,entertainment
N7700,1,0,sports
N705,1,0,video
N8531,1,0,sports
N6469,1,0,news
N13637,1,0,sports
N9141,1,0,news
N64733,1,0,news
N8529,1,0,news
N64699,1,0,news
N13590,1,0,foodanddrink
N8525,1,0,sports
N64703,1,1,sports
N63534,1,0,news
N10400,1,0,sports
N8506,1,0,news
N6504,1,0,weather
N7178,1,0,sports
N11909,1,1,sports
N12982,1,0,video
N64457,1,0,weather
N12994,1,0,autos
N8075,1,0,lifestyle
N9098,1,0,travel
N1107,1,0,lifestyle
N14735,1,0,finance
N14157,1,0,news
N13732,1,0,finance
N11791,1,0,travel
N64544,1,0,music
N63369,1,0,travel
N953,1,0,sports
N61934,1,0,lifestyle
N10020,1,0,sports
N61930,1,0,news
N7367,1,0,weather
N11419,1,0,news
N7369,1,0,sports
N1382,1,0,sports
N9021,1,0,news
N11803,1,0,news
N11258,1,0,lifestyle
N64454,1,0,news
N11063,1,0,sports
N10369,1,0,finance
N13004,1,0,news
N9008,1,0,news
N64440,1,0,sports
N9704,1,0,travel
N10344,1,0,autos
N11819,1,1,sports
N7304,1,0,health
N62672,1,0,lifestyle
N12920,1,0,sports
N64444,1,0,health
N10329,1,0,news
N9726,1,0,sports
N8402,1,0,news
N11052,1,0,travel
N63385,1,1,news
N84,1,0,sports
N14719,1,0,travel
N61951,1,0,news
N9086,1,0,travel
N12976,1,0,sports
N7115,1,0,music
N11105,1,0,sports
N9048,1,0,news
N7858,1,0,news
N13806,1,0,foodanddrink
N9519,1,0,weather
N1142,1,0,weather
N64500,1,0,video
N7430,1,0,sports
N10008,1,0,news
N7447,1,0,news
N64516,1,1,sports
N11778,1,0,sports
N10652,1,0,health
N7859,1,0,foodanddrink
N11739,1,0,sports
N14768,1,1,news
N62717,1,0,news
N1174,1,0,travel
N63320,1,0,finance
N7439,1,0,news
N14774,1,0,sports
N62720,1,0,finance
N7416,1,0,lifestyle
N10222,1,0,sports
N63338,1,0,sports
N7460,1,0,sports
N7377,1,0,news
N7381,1,0,sports
N1474,1,0,weather
N8079,1,0,sports
N12970,1,0,sports
N12936,1,0,finance
N62692,1,0,lifestyle
N8367,1,1,foodanddrink
N111,1,0,news
N7454,1,0,sports
N13815,1,0,finance
N11250,1,0,news
N14748,1,0,finance
N12968,1,0,health
N10669,1,0,sports
N64493,1,0,news
N13810,1,0,sports
N12959,1,0,finance
N11822,1,0,sports
N64434,1,0,travel
N64432,1,0,finance
N7188,1,0,sports
N8064,1,0,news
N7172,1,0,foodanddrink
N7177,1,0,news
N63468,1,0,sports
N64628,1,0,video
N968,1,0,tv
N7181,1,0,news
N64416,1,0,news
N7186,1,1,foodanddrink
N64623,1,0,lifestyle
N9982,1,0,sports
N63230,1,0,sports
N9546,1,0,weather
N62029,1,1,news
N64616,1,0,news
N7197,1,0,news
N13675,1,0,news
N1187,1,0,finance
N64612,1,0,news
N14199,1,0,video
N8977,1,0,sports
N62044,1,0,video
N7151,1,0,movies
N7148,1,0,sports
N1463,1,0,news
N1032,1,0,sports
N62797,1,0,sports
N1287,1,0,news
N1190,1,0,news
N13044,1,0,finance
N9959,1,0,sports
N7691,1,0,video
N62785,1,0,finance
N64391,1,0,sports
N9137,1,0,news
N8466,1,0,news
N10031,1,0,lifestyle
N6322,1,0,sports
N11893,1,0,sports
N7131,1,0,news
N7132,1,0,lifestyle
N7946,1,0,lifestyle
N8976,1,0,finance
N1103,1,0,lifestyle
N64417,1,0,sports
N64421,1,0,sports
N11263,1,0,sports
N1290,1,0,lifestyle
N62663,1,0,sports
N63256,1,0,sports
N11836,1,0,sports
N1369,1,0,health
N11707,1,0,news
N8165,1,0,news
N61981,1,0,weather
N64590,1,0,travel
N1385,1,0,news
N7275,1,0,sports
N63408,1,0,sports
N61977,1,0,sports
N13837,1,0,video
N7281,1,0,finance
N14694,1,0,autos
N11217,1,0,sports
N64587,1,0,foodanddrink
N9119,1,0,weather
N11345,1,0,news
N1125,1,0,sports
N10629,1,0,health
N11846,1,0,movies
N11164,1,0,sports
N7218,1,0,foodanddrink
N62014,1,0,sports
N64605,1,0,travel
N62011,1,0,news
N8445,1,0,news
N90,1,0,lifestyle
N1186,1,0,entertainment
N11030,1,1,travel
N8433,1,0,lifestyle
N1301,1,0,foodanddrink
N64601,1,0,sports
N8427,1,1,finance
N63245,1,0,finance
N9539,1,0,foodanddrink
N63251,1,0,video
N9126,1,1,finance
N11848,1,0,news
N14686,1,0,finance
N62145,1,0,autos
N63681,1,0,sports
N62146,1,0,sports
N6494,1,0,video
N6418,1,0,travel
N13320,1,0,sports
N14371,1,0,lifestyle
N12394,1,0,lifestyle
N64183,1,0,sports
N1312,1,0,foodanddrink
N13321,1,0,finance
N6528,1,0,video
N9853,1,0,sports
N12574,1,0,sports
N63931,1,0,lifestyle
N13983,1,0,video
N6538,1,0,sports
N8760,1,0,news
N9633,1,0,news
N12387,1,0,sports
N64188,1,0,news
N12386,1,0,sports
N63013,1,0,news
N12382,1,0,weather
N8765,1,0,news
N6300,1,0,news
N62371,1,0,news
N13314,1,0,news
N65186,1,0,sports
N10540,1,0,video
N62991,1,0,news
N890,1,0,travel
N7974,1,0,news
N8901,1,0,sports
N65197,1,0,sports
N8783,1,0,news
N8213,1,0,news
N8780,1,0,sports
N778,1,0,travel
N62489,1,0,news
N10573,1,0,weather
N63935,1,0,sports
N13121,1,0,news
N9835,1,1,video
N64943,1,0,sports
N8777,1,0,news
N65216,1,0,sports
N13120,1,0,video
N12380,1,0,sports
N6554,1,0,entertainment
N9257,1,0,lifestyle
N6303,1,0,finance
N62889,1,0,news
N6602,1,0,video
N6607,1,0,news
N9313,1,0,sports
N62303,1,0,news
N8223,1,0,sports
N10253,1,0,weather
N14047,1,0,news
N8227,1,0,sports
N7784,1,0,autos
N6563,1,0,news
N13114,1,0,news
N63872,1,0,sports
N14264,1,0,health
N64201,1,0,sports
N623,1,0,news
N8281,1,0,sports
N63865,1,0,sports
N14420,1,0,sports
N64913,1,0,sports
N63027,1,0,sports
N9310,1,0,travel
N6593,1,0,news
N12356,1,0,video
N62316,1,0,news
N12374,1,0,news
N13975,1,0,sports
N63912,1,0,foodanddrink
N10866,1,0,sports
N63900,1,0,travel
N13327,1,0,sports
N9305,1,0,sports
N10876,1,1,sports
N14043,1,1,news
N9662,1,0,lifestyle
N9256,1,0,weather
N13333,1,0,news
N12359,1,0,sports
N12576,1,0,news
N63020,1,0,sports
N13343,1,0,lifestyle
N8733,1,0,sports
N64921,1,0,news
N13989,1,0,health
N62985,1,0,news
N11473,1,0,sports
N9810,1,0,sports
N12488,1,0,news
N12536,1,0,news
N10144,1,0,entertainment
N64055,1,0,sports
N65085,1,0,sports
N10819,1,0,sports
N64052,1,0,sports
N13161,1,0,foodanddrink
N1322,1,0,music
N14319,1,0,sports
N8821,1,0,video
N6501,1,0,sports
N65093,1,0,sports
N792,1,0,weather
N9281,1,0,weather
N13224,1,0,news
N10161,1,1,sports
N927,1,0,news
N10547,1,0,news
N9811,1,0,sports
N13210,1,0,weather
N64063,1,0,travel
N62382,1,0,sports
N65035,1,0,video
N65047,1,0,weather
N14024,1,0,sports
N11220,1,0,music
N62919,1,0,lifestyle
N64081,1,0,sports
N14294,1,0,news
N8840,1,0,video
N6408,1,0,news
N9796,1,1,sports
N14300,1,0,sports
N7982,1,0,foodanddrink
N10813,1,0,sports
N12525,1,0,sports
N10558,1,0,finance
N13191,1,0,news
N64072,1,0,sports
N64107,1,0,news
N12490,1,0,news
N8866,1,0,sports
N65074,1,0,travel
N9288,1,0,news
N13232,1,0,news
N11213,1,0,sports
N13992,1,0,video
N9290,1,0,finance
N62965,1,0,sports
N9267,1,0,sports
N64155,1,0,news
N62481,1,0,finance
N12457,1,0,sports
N11364,1,0,news
N9646,1,0,sports
N6515,1,0,video
N62484,1,0,autos
N13158,1,0,news
N1244,1,0,lifestyle
N1255,1,0,tv
N65155,1,0,health
N8889,1,1,news
N11223,1,0,travel
N13274,1,0,sports
N63965,1,0,news
N13286,1,0,entertainment
N1256,1,0,foodanddrink
N13132,1,0,lifestyle
N7578,1,0,lifestyle
N65133,1,0,sports
N12542,1,0,sports
N64999,1,0,news
N7597,1,0,news
N64123,1,0,video
N10822,1,0,sports
N62409,1,0,video
N13250,1,0,sports
N64985,1,0,sports
N929,1,0,lifestyle
N13146,1,0,sports
N8812,1,0,finance
N65117,1,0,sports
N14333,1,0,travel
N13267,1,0,lifestyle
N7744,1,0,video
N65119,1,1,health
N63985,1,0,sports
N6512,1,0,weather
N63984,1,0,news
N8802,1,0,news
N6619,1,0,news
N6491,1,0,news
N62150,1,0,finance
N6823,1,0,news
N1307,1,0,news
N63719,1,0,news
N11660,1,0,sports
N10601,1,0,sports
N8276,1,0,news
N8332,1,0,video
N6429,1,0,news
N12208,1,0,weather
N62848,1,0,finance
N63702,1,0,finance
N64288,1,0,sports
N12199,1,0,foodanddrink
N62842,1,0,travel
N10950,1,0,news
N14227,1,0,news
N10759,1,0,sports
N12180,1,0,news
N7807,1,0,sports
N6838,1,0,sports
N10294,1,0,news
N9902,1,0,news
N7706,1,0,sports
N14524,1,0,weather
N9610,1,0,sports
N13934,1,0,travel
N63743,1,0,news
N62214,1,0,news
N12674,1,0,sports
N8021,1,0,lifestyle
N62211,1,0,autos
N7893,1,0,sports
N63738,1,0,news
N11601,1,0,sports
N9609,1,0,video
N14532,1,1,sports
N11230,1,0,lifestyle
N11287,1,0,sports
N63733,1,0,news
N6800,1,0,sports
N8327,1,0,news
N63731,1,0,finance
N62207,1,0,finance
N63720,1,0,music
N1423,1,0,weather
N13068,1,0,news
N64298,1,0,sports
N12179,1,0,sports
N62835,1,0,sports
N13548,1,0,sports
N8563,1,0,news
N63133,1,0,sports
N9758,1,0,news
N1391,1,0,lifestyle
N12705,1,0,health
N12713,1,0,sports
N64781,1,0,sports
N63639,1,0,lifestyle
N11686,1,0,finance
N62553,1,0,autos
N63638,1,0,news
N7941,1,0,movies
N11356,1,0,sports
N11131,1,0,finance
N62153,1,0,news
N62833,1,0,travel
N63151,1,1,news
N63629,1,1,sports
N13898,1,0,sports
N62568,1,0,news
N13919,1,0,news
N13547,1,0,sports
N64317,1,0,news
N7704,1,0,news
N8588,1,0,sports
N64799,1,0,sports
N9602,1,1,sports
N9397,1,0,sports
N6860,1,0,news
N858,1,0,news
N9912,1,0,video
N6872,1,0,news
N64797,1,0,video
N1270,1,0,foodanddrink
N62184,1,0,news
N6876,1,0,lifestyle
N64792,1,0,sports
N63670,1,0,movies
N14561,1,0,sports
N12129,1,0,sports
N64788,1,0,autos
N9176,1,0,news
N12655,1,0,sports
N62217,1,0,foodanddrink
N14423,1,0,news
N667,1,1,sports
N12321,1,0,sports
N1058,1,0,news
N63048,1,0,sports
N64239,1,0,lifestyle
N64894,1,0,sports
N10587,1,0,news
N936,1,0,news
N12309,1,0,sports
N62262,1,0,news
N64879,1,0,sports
N12596,1,0,video
N868,1,0,news
N9879,1,0,sports
N14052,1,0,news
N63814,1,0,travel
N6381,1,0,news
N8675,1,0,sports
N64870,1,0,video
N6719,1,0,news
N63805,1,0,video
N10261,1,0,sports
N63046,1,0,news
N14061,1,0,movies
N11655,1,0,weather
N9321,1,0,news
N6628,1,0,sports
N7548,1,1,sports
N64900,1,0,weather
N64223,1,1,sports
N10514,1,0,sports
N9876,1,0,music
N1123,1,0,sports
N13392,1,1,news
N13107,1,0,sports
N779,1,0,news
N9329,1,0,foodanddrink
N6639,1,0,movies
N12338,1,0,video
N1397,1,0,sports
N14262,1,0,news
N7971,1,0,sports
N64231,1,0,news
N14468,1,0,travel
N63827,1,0,news
N131,1,0,sports
N12617,1,0,sports
N8672,1,0,sports
N8931,1,0,sports
N12271,1,0,news
N10095,1,0,kids
N1092,1,0,weather
N13085,1,0,sports
N11296,1,0,sports
N13457,1,0,sports
N6763,1,0,video
N14247,1,0,foodanddrink
N62230,1,0,travel
N62228,1,1,sports
N6726,1,0,finance
N64262,1,0,finance
N9216,1,0,news
N6769,1,0,music
N62222,1,0,sports
N78,1,0,travel
N7724,1,0,sports
N9375,1,0,news
N9377,1,0,travel
N9891,1,0,music
N7536,1,0,sports
N10916,1,0,sports
N12624,1,0,news
N62237,1,0,travel
N8318,1,1,news
N13430,1,0,finance
N63793,1,0,video
N10906,1,0,sports
N63079,1,1,sports
N62517,1,0,sports
N63791,1,0,sports
N8926,1,0,news
N64257,1,0,sports
N63785,1,0,news
N674,1,0,travel
N9365,1,0,sports
N7624,1,0,sports
N10912,1,0,sports
N12621,1,0,sports
N63776,1,0,news
N62521,1,0,weather
N13456,1,1,travel
N62238,1,0,sports
N62714,1,0,music
N51861,1,0,lifestyle
N14777,1,0,news
N2829,1,0,sports
N2830,1,0,sports
N2831,1,0,foodanddrink
N28310,1,1,health
N2832,1,0,sports
N28326,1,0,news
N43393,1,0,news
N28342,1,0,sports
N43361,1,0,news
N43352,1,0,finance
N43348,1,0,foodanddrink
N28380,1,0,news
N4333,1,0,foodanddrink
N28384,1,0,sports
N43316,1,0,video
N43296,1,0,news
N43294,1,0,video
N43292,1,0,news
N28294,1,0,lifestyle
N43479,1,0,weather
N43695,1,0,sports
N43485,1,0,sports
N43668,1,0,entertainment
N28126,1,0,sports
N28147,1,0,sports
N43630,1,0,video
N28153,1,0,news
N2817,1,1,news
N28179,1,0,news
N28186,1,0,sports
N43584,1,0,sports
N28200,1,0,sports
N43564,1,0,sports
N43555,1,0,travel
N28231,1,0,sports
N43523,1,0,sports
N43510,1,0,travel
N2825,1,1,sports
N28268,1,0,news
N28426,1,0,sports
N28443,1,0,video
N28457,1,0,health
N43252,1,0,video
N28604,1,0,weather
N28606,1,0,sports
N42979,1,0,sports
N28615,1,0,movies
N42973,1,0,lifestyle
N28631,1,0,sports
N42954,1,0,news
N28638,1,0,lifestyle
N28643,1,0,news
N28647,1,0,sports
N42936,1,0,lifestyle
N42914,1,0,travel
N28686,1,0,news
N2870,1,0,news
N28709,1,0,sports
N42883,1,0,sports
N4288,1,0,finance
N42993,1,0,news
N28603,1,0,travel
N43043,1,0,entertainment
N43147,1,0,sports
N28464,1,0,news
N43214,1,0,lifestyle
N43201,1,0,news
N43190,1,0,news
N43169,1,0,sports
N4315,1,0,music
N43148,1,0,weather
N43145,1,1,sports
N43048,1,0,news
N28539,1,0,sports
N43114,1,0,lifestyle
N43106,1,0,travel
N28554,1,0,travel
N28570,1,0,foodanddrink
N28577,1,0,sports
N28591,1,0,sports
N2811,1,0,news
N43700,1,0,sports
N42867,1,0,movies
N44410,1,0,sports
N2763,1,0,news
N27634,1,0,news
N44391,1,0,news
N44373,1,0,sports
N27642,1,0,foodanddrink
N27670,1,1,sports
N44334,1,0,news
N44332,1,0,video
N27671,1,0,autos
N27672,1,0,video
N27674,1,0,sports
N27681,1,0,news
N44298,1,0,sports
N44266,1,0,news
N44261,1,0,sports
N27734,1,0,finance
N2776,1,0,news
N27625,1,0,lifestyle
N44415,1,0,sports
N28059,1,0,health
N44440,1,0,video
N4458,1,0,news
N44566,1,0,sports
N27527,1,0,foodanddrink
N44550,1,0,foodanddrink
N27542,1,0,foodanddrink
N4451,1,0,finance
N44505,1,0,news
N27561,1,0,sports
N44497,1,0,video
N44496,1,0,sports
N27565,1,0,finance
N44488,1,0,news
N44477,1,0,news
N44460,1,0,lifestyle
N44449,1,0,news
N27595,1,1,sports
N44443,1,1,news
N44227,1,0,lifestyle
N27778,1,0,sports
N44204,1,0,news
N44168,1,0,travel
N43887,1,0,video
N43878,1,0,sports
N43875,1,0,sports
N43845,1,0,news
N43824,1,0,foodanddrink
N43822,1,0,video
N280,1,0,sports
N4380,1,0,sports
N2801,1,0,lifestyle
N43787,1,0,movies
N43775,1,0,sports
N28019,1,0,travel
N28022,1,0,video
N43760,1,0,sports
N28029,1,0,travel
N43737,1,0,travel
N43736,1,0,sports
N43907,1,0,sports
N27906,1,0,video
N43911,1,0,weather
N44009,1,0,news
N27814,1,0,sports
N44121,1,0,sports
N44108,1,0,sports
N44084,1,0,news
N44076,1,0,news
N44065,1,0,sports
N4401,1,0,sports
N27876,1,0,sports
N27888,1,0,sports
N43987,1,1,autos
N43979,1,0,travel
N43978,1,0,foodanddrink
N43962,1,0,sports
N27885,1,0,sports
N4395,1,0,sports
N43942,1,0,sports
N42876,1,0,sports
N28725,1,0,sports
N44583,1,0,news
N4181,1,0,lifestyle
N41791,1,0,sports
N29409,1,0,sports
N41766,1,0,weather
N41761,1,0,travel
N29441,1,0,finance
N41737,1,0,news
N29456,1,0,sports
N29469,1,0,travel
N41690,1,0,news
N41689,1,0,weather
N41686,1,0,sports
N41671,1,1,sports
N29492,1,0,health
N4166,1,0,finance
N41653,1,0,sports
N29500,1,0,sports
N41649,1,0,video
N41806,1,0,sports
N29392,1,0,news
N29288,1,0,news
N41825,1,0,weather
N41973,1,0,video
N41964,1,0,sports
N41953,1,0,news
N41947,1,0,sports
N4194,1,0,autos
N4193,1,0,news
N29302,1,0,sports
N29310,1,0,weather
N4191,1,0,news
N4190,1,0,entertainment
N41898,1,0,sports
N29350,1,0,weather
N41872,1,0,travel
N2936,1,0,tv
N29377,1,0,sports
N29381,1,0,finance
N29386,1,0,finance
N41640,1,0,sports
N29528,1,0,news
N41605,1,0,news
N29573,1,0,news
N41384,1,0,weather
N29748,1,0,news
N41365,1,0,autos
N41364,1,0,sports
N41335,1,0,sports
N2976,1,0,sports
N41318,1,0,news
N29762,1,0,sports
N41315,1,0,lifestyle
N29768,1,0,sports
N41304,1,0,news
N41289,1,0,sports
N41283,1,0,news
N29786,1,1,news
N41273,1,0,news
N29792,1,0,sports
N29803,1,0,news
N29737,1,0,sports
N41388,1,0,sports
N29728,1,0,sports
N29637,1,0,travel
N41577,1,0,sports
N29586,1,0,news
N41560,1,0,news
N29617,1,0,news
N41535,1,0,news
N41530,1,0,news
N41529,1,0,travel
N41521,1,0,news
N29721,1,0,foodanddrink
N41500,1,0,sports
N41498,1,0,news
N41494,1,0,sports
N41479,1,0,sports
N41457,1,0,news
N41415,1,0,video
N41405,1,0,news
N41975,1,0,travel
N29285,1,0,health
N28750,1,0,video
N28874,1,0,video
N28939,1,0,news
N42585,1,0,news
N42578,1,0,sports
N42574,1,0,sports
N42569,1,0,foodanddrink
N28959,1,0,music
N28973,1,0,video
N42533,1,0,video
N42527,1,0,entertainment
N28979,1,0,travel
N28997,1,1,news
N42480,1,1,health
N28999,1,0,foodanddrink
N29012,1,0,sports
N42461,1,0,news
N42460,1,0,foodanddrink
N42456,1,0,news
N28878,1,0,sports
N28871,1,0,news
N29283,1,0,news
N42668,1,0,sports
N42843,1,0,news
N28775,1,0,news
N28784,1,0,sports
N42789,1,0,foodanddrink
N42780,1,0,sports
N42763,1,0,video
N28817,1,0,travel
N28827,1,0,news
N42735,1,0,sports
N2883,1,0,lifestyle
N42709,1,0,travel
N42697,1,0,news
N28854,1,0,sports
N42693,1,0,autos
N42692,1,0,sports
N42687,1,0,video
N42679,1,0,news
N29016,1,0,sports
N42448,1,0,finance
N29018,1,0,sports
N29026,1,0,autos
N42178,1,0,sports
N4217,1,0,sports
N29203,1,0,news
N42138,1,0,entertainment
N29224,1,0,travel
N42129,1,1,news
N42122,1,0,sports
N42121,1,0,health
N42118,1,0,sports
N29248,1,0,news
N29262,1,0,lifestyle
N29268,1,0,news
N42049,1,0,video
N42024,1,0,video
N4202,1,0,sports
N29276,1,0,health
N2928,1,0,news
N42214,1,0,sports
N29188,1,0,sports
N29174,1,0,sports
N29122,1,0,video
N42415,1,0,health
N42409,1,0,travel
N29052,1,0,sports
N2907,1,0,travel
N29072,1,0,sports
N29102,1,0,sports
N29112,1,0,weather
N4234,1,0,sports
N29172,1,0,news
N42323,1,0,sports
N42321,1,0,news
N42320,1,0,sports
N42319,1,0,health
N42307,1,0,sports
N42295,1,0,sports
N42255,1,0,sports
N44580,1,0,news
N27512,1,0,news
N41236,1,0,news
N46781,1,0,sports
N4676,1,0,video
N46753,1,0,travel
N46737,1,0,sports
N25900,1,0,news
N46734,1,0,news
N25901,1,0,sports
N2592,1,0,sports
N46719,1,0,sports
N25955,1,0,music
N46709,1,0,lifestyle
N46705,1,0,news
N46703,1,0,lifestyle
N46699,1,0,travel
N25964,1,0,sports
N46674,1,0,news
N25974,1,0,news
N46664,1,0,sports
N46763,1,0,news
N25862,1,0,autos
N47033,1,0,finance
N25860,1,0,news
N47026,1,0,lifestyle
N47011,1,0,foodanddrink
N47008,1,0,news
N2573,1,0,lifestyle
N4700,1,0,news
N46974,1,0,autos
N25797,1,0,sports
N25798,1,0,entertainment
N25803,1,0,sports
N25804,1,0,news
N46916,1,0,news
N25807,1,0,news
N4687,1,0,news
N25843,1,0,sports
N46836,1,0,sports
N46833,1,1,foodanddrink
N46823,1,0,news
N4666,1,0,news
N46653,1,0,news
N46629,1,0,news
N26015,1,0,entertainment
N46399,1,0,finance
N46389,1,0,tv
N46387,1,0,sports
N46377,1,0,travel
N2620,1,0,news
N26211,1,1,sports
N26221,1,0,news
N26234,1,0,sports
N26236,1,0,lifestyle
N463,1,0,news
N26270,1,0,travel
N46277,1,0,sports
N26282,1,1,sports
N4626,1,0,sports
N26309,1,0,news
N26312,1,0,sports
N26314,1,0,lifestyle
N46429,1,0,sports
N26172,1,0,news
N26167,1,0,sports
N46581,1,0,sports
N46614,1,0,news
N26016,1,0,news
N26018,1,0,news
N46603,1,0,news
N4660,1,0,news
N46591,1,0,sports
N46582,1,0,foodanddrink
N26068,1,0,sports
N46451,1,0,foodanddrink
N46552,1,0,finance
N26071,1,0,finance
N26076,1,0,finance
N4654,1,0,sports
N26092,1,0,health
N26120,1,0,sports
N2613,1,0,lifestyle
N47032,1,0,video
N25727,1,0,news
N462,1,0,video
N4790,1,0,news
N2514,1,0,foodanddrink
N47853,1,0,sports
N47834,1,0,sports
N25175,1,0,sports
N25209,1,0,sports
N25216,1,0,news
N25268,1,0,news
N47694,1,0,sports
N25286,1,0,sports
N47663,1,0,music
N25306,1,0,finance
N47643,1,0,travel
N25326,1,0,sports
N25338,1,0,sports
N25340,1,0,news
N476,1,0,lifestyle
N47598,1,0,sports
N25106,1,0,sports
N47909,1,0,sports
N47038,1,0,sports
N47912,1,0,sports
N24936,1,0,news
N48096,1,0,health
N24973,1,0,autos
N48057,1,0,news
N24976,1,0,sports
N48029,1,0,travel
N47990,1,0,sports
N25015,1,0,news
N4797,1,0,video
N25021,1,0,news
N47963,1,0,weather
N25027,1,0,sports
N47935,1,0,entertainment
N25055,1,0,sports
N25063,1,0,news
N25065,1,0,weather
N47916,1,0,lifestyle
N47596,1,0,sports
N47583,1,0,news
N47564,1,0,news
N47546,1,0,sports
N47273,1,0,sports
N4727,1,0,sports
N47258,1,0,travel
N47246,1,0,sports
N47233,1,0,news
N25592,1,0,news
N47187,1,0,sports
N25618,1,1,news
N47174,1,0,news
N47172,1,0,sports
N25626,1,0,finance
N47156,1,0,kids
N25651,1,1,sports
N25655,1,0,sports
N47108,1,0,finance
N25700,1,0,finance
N47065,1,0,sports
N47274,1,0,news
N25537,1,0,sports
N47342,1,0,sports
N47452,1,0,news
N47543,1,0,news
N47533,1,0,sports
N47531,1,0,news
N47519,1,0,sports
N47486,1,0,sports
N47469,1,0,news
N25397,1,0,news
N4744,1,1,news
N47355,1,0,news
N47437,1,0,sports
N25425,1,0,weather
N25445,1,0,news
N25446,1,0,travel
N25448,1,0,sports
N47399,1,0,finance
N47375,1,0,news
N46214,1,0,sports
N46188,1,0,lifestyle
N44601,1,0,health
N27071,1,1,sports
N2710,1,0,sports
N2711,1,0,sports
N45137,1,0,news
N45120,1,0,video
N27144,1,0,sports
N45074,1,0,health
N45061,1,0,sports
N45052,1,0,lifestyle
N27172,1,0,sports
N45038,1,0,sports
N27174,1,0,sports
N27180,1,1,sports
N45015,1,0,movies
N44988,1,1,music
N4498,1,0,news
N27220,1,0,finance
N44964,1,0,sports
N27095,1,0,video
N27070,1,0,sports
N45342,1,0,video
N27062,1,0,weather
N4534,1,1,news
N26933,1,0,sports
N45324,1,0,news
N26947,1,0,tv
N45303,1,0,sports
N26963,1,0,lifestyle
N26964,1,0,sports
N26976,1,0,sports
N26991,1,0,sports
N4528,1,0,news
N45275,1,0,weather
N45264,1,0,news
N45263,1,0,autos
N45233,1,0,tv
N45228,1,0,news
N45213,1,0,foodanddrink
N45212,1,0,music
N44930,1,0,finance
N27252,1,0,travel
N44920,1,0,weather
N27254,1,0,video
N44756,1,0,finance
N44755,1,0,sports
N4475,1,0,sports
N27412,1,0,video
N44717,1,0,sports
N44705,1,0,sports
N44669,1,0,sports
N44664,1,0,sports
N27469,1,0,news
N44655,1,0,sports
N27478,1,1,sports
N44641,1,0,news
N4464,1,0,sports
N44639,1,0,sports
N44635,1,0,sports
N27496,1,0,sports
N44608,1,1,foodanddrink
N27367,1,0,travel
N44760,1,0,sports
N44763,1,0,lifestyle
N44845,1,0,video
N27266,1,0,news
N2728,1,0,news
N44869,1,0,sports
N44866,1,0,sports
N27298,1,0,news
N27300,1,0,sports
N44850,1,0,lifestyle
N27321,1,0,sports
N44765,1,1,sports
N44810,1,0,sports
N27330,1,0,sports
N27339,1,0,travel
N44801,1,0,sports
N44792,1,0,news
N44787,1,0,health
N4477,1,0,sports
N26917,1,0,kids
N26882,1,0,news
N26339,1,0,news
N46031,1,0,news
N45993,1,0,movies
N26506,1,0,video
N26521,1,0,news
N26522,1,0,sports
N45939,1,0,travel
N45921,1,0,sports
N26535,1,0,sports
N26540,1,0,sports
N45894,1,0,video
N4589,1,0,sports
N26580,1,0,tv
N45884,1,0,sports
N45820,1,1,sports
N4581,1,0,sports
N45802,1,0,travel
N45799,1,0,news
N266,1,0,news
N2648,1,0,sports
N26458,1,0,travel
N26880,1,0,music
N46047,1,0,autos
N46165,1,0,finance
N26351,1,0,sports
N26360,1,0,sports
N2637,1,0,video
N46127,1,0,lifestyle
N46112,1,1,autos
N4611,1,0,finance
N46106,1,0,weather
N46104,1,0,news
N26390,1,0,video
N26399,1,0,sports
N26410,1,1,sports
N46087,1,0,news
N46076,1,0,finance
N46074,1,0,music
N26445,1,0,sports
N26454,1,0,sports
N45793,1,0,sports
N45789,1,0,travel
N45783,1,0,sports
N4577,1,0,travel
N26750,1,0,news
N4555,1,0,autos
N45547,1,0,foodanddrink
N45528,1,0,news
N26782,1,0,news
N45501,1,0,sports
N45479,1,0,lifestyle
N45455,1,0,sports
N26827,1,0,sports
N45435,1,0,sports
N45434,1,0,video
N26846,1,0,news
N45404,1,0,news
N45398,1,0,sports
N45397,1,0,video
N45376,1,0,sports
N45369,1,0,news
N45563,1,0,sports
N45566,1,1,sports
N45572,1,0,sports
N26656,1,0,news
N4576,1,0,movies
N45759,1,0,sports
N45752,1,0,sports
N4574,1,0,lifestyle
N45738,1,1,autos
N45725,1,0,news
N26652,1,0,sports
N45697,1,0,news
N2674,1,0,sports
N4568,1,0,sports
N45672,1,0,tv
N45664,1,0,sports
N45649,1,0,travel
N45633,1,0,news
N2669,1,0,finance
N26717,1,0,sports
N41239,1,0,video
N4123,1,0,sports
N48115,1,0,news
N37004,1,0,sports
N32897,1,0,weather
N32905,1,0,finance
N36972,1,0,video
N32920,1,0,sports
N36958,1,0,news
N36950,1,0,news
N32934,1,0,news
N3295,1,0,sports
N32952,1,0,travel
N32953,1,0,foodanddrink
N32956,1,0,sports
N36937,1,0,sports
N32990,1,0,foodanddrink
N36906,1,0,finance
N36905,1,0,news
N36898,1,0,news
N3689,1,0,travel
N3700,1,0,sports
N32871,1,0,news
N32715,1,0,lifestyle
N3287,1,0,video
N37167,1,0,sports
N3716,1,0,sports
N37155,1,0,travel
N32756,1,1,news
N37129,1,0,finance
N37126,1,0,video
N3282,1,0,news
N37092,1,0,sports
N37087,1,0,sports
N37071,1,1,news
N32833,1,0,finance
N37062,1,0,autos
N3706,1,0,sports
N32837,1,0,autos
N37057,1,1,sports
N37044,1,0,sports
N32840,1,0,travel
N36870,1,0,foodanddrink
N33012,1,0,news
N33014,1,0,foodanddrink
N36851,1,0,health
N36600,1,0,news
N33254,1,0,tv
N36572,1,0,news
N33265,1,0,health
N3655,1,0,news
N33278,1,0,weather
N33302,1,0,news
N33313,1,0,sports
N36505,1,0,sports
N36497,1,1,sports
N36495,1,0,video
N36494,1,0,news
N33323,1,1,sports
N36480,1,0,health
N36460,1,0,news
N3646,1,0,travel
N36454,1,0,autos
N33246,1,0,finance
N36613,1,0,sports
N3662,1,0,travel
N33079,1,0,news
N36814,1,0,finance
N36803,1,0,sports
N33056,1,0,news
N33068,1,0,news
N3307,1,0,news
N33077,1,0,sports
N33078,1,0,travel
N3308,1,0,news
N33230,1,0,sports
N33088,1,1,health
N36750,1,0,news
N33099,1,1,autos
N33134,1,0,news
N332,1,0,finance
N33217,1,0,lifestyle
N36628,1,0,weather
N32718,1,0,sports
N32713,1,0,music
N3334,1,0,sports
N37773,1,0,sports
N32244,1,0,sports
N32249,1,0,news
N32258,1,0,sports
N32262,1,0,sports
N37715,1,0,weather
N37702,1,0,lifestyle
N37693,1,0,sports
N3230,1,0,sports
N37686,1,0,sports
N37685,1,0,travel
N37684,1,0,news
N37676,1,0,sports
N32300,1,0,sports
N32303,1,0,video
N3765,1,0,travel
N37648,1,0,lifestyle
N32333,1,0,sports
N37762,1,0,entertainment
N3221,1,1,news
N3721,1,0,news
N37787,1,0,video
N37922,1,0,sports
N32105,1,0,weather
N32123,1,0,sports
N37889,1,0,news
N32126,1,0,sports
N37887,1,0,sports
N32134,1,0,news
N32136,1,0,entertainment
N37850,1,0,weather
N3785,1,0,health
N32142,1,0,sports
N32145,1,0,sports
N37841,1,0,lifestyle
N37802,1,0,health
N32164,1,0,entertainment
N32192,1,0,health
N37798,1,0,sports
N32337,1,0,music
N32346,1,0,video
N32348,1,0,video
N32357,1,0,sports
N32587,1,0,sports
N37325,1,0,sports
N32605,1,0,travel
N32611,1,0,sports
N32622,1,0,finance
N32623,1,0,sports
N37299,1,0,sports
N37296,1,0,autos
N37283,1,0,tv
N37278,1,0,sports
N37277,1,0,foodanddrink
N32639,1,1,news
N37268,1,0,music
N37248,1,0,sports
N37228,1,0,travel
N32688,1,0,news
N32689,1,0,news
N37345,1,0,sports
N37346,1,0,news
N32576,1,0,autos
N32436,1,0,video
N37591,1,0,sports
N37574,1,0,sports
N37556,1,0,sports
N37547,1,0,sports
N37542,1,0,weather
N37519,1,0,finance
N37508,1,0,news
N32461,1,0,finance
N37365,1,0,news
N32468,1,0,sports
N32469,1,0,finance
N37433,1,0,video
N3742,1,0,finance
N37400,1,0,news
N32526,1,0,news
N32542,1,0,news
N36451,1,0,weather
N36438,1,0,health
N37927,1,0,autos
N35333,1,0,music
N3533,1,0,news
N35306,1,1,sports
N34091,1,0,travel
N35301,1,0,video
N35276,1,0,foodanddrink
N35264,1,0,lifestyle
N35261,1,0,news
N35252,1,0,sports
N35238,1,0,news
N35237,1,0,sports
N34167,1,0,health
N35210,1,0,sports
N34199,1,0,foodanddrink
N35197,1,0,travel
N35164,1,0,news
N35147,1,0,news
N35143,1,0,sports
N35332,1,0,sports
N3406,1,0,weather
N33993,1,0,travel
N34054,1,0,sports
N33997,1,0,video
N35443,1,0,sports
N35432,1,0,travel
N35431,1,0,sports
N35429,1,0,sports
N34003,1,0,sports
N35424,1,0,news
N35414,1,0,music
N35412,1,0,news
N34012,1,0,foodanddrink
N34023,1,0,sports
N34024,1,0,weather
N34030,1,0,sports
N35365,1,0,sports
N35357,1,0,travel
N35355,1,0,news
N35348,1,0,sports
N35118,1,0,sports
N34258,1,0,news
N35110,1,0,sports
N35105,1,0,foodanddrink
N3487,1,0,news
N34866,1,0,foodanddrink
N34845,1,0,sports
N34835,1,0,travel
N34805,1,0,sports
N34793,1,0,news
N34770,1,0,autos
N3477,1,0,sports
N34769,1,0,weather
N34535,1,0,news
N34542,1,0,sports
N34697,1,0,sports
N34583,1,0,news
N34593,1,0,health
N3467,1,0,tv
N34607,1,0,sports
N34625,1,0,news
N3489,1,0,video
N34900,1,0,weather
N34919,1,0,finance
N34327,1,0,news
N35098,1,0,entertainment
N35090,1,1,news
N35089,1,0,news
N35063,1,0,sports
N34298,1,0,news
N34303,1,0,video
N35043,1,0,video
N34334,1,0,video
N34940,1,0,news
N34351,1,0,sports
N34992,1,0,news
N34376,1,0,news
N34385,1,0,sports
N34975,1,0,sports
N34403,1,0,sports
N34405,1,0,news
N35470,1,0,sports
N3548,1,0,news
N33344,1,0,tv
N36265,1,0,finance
N36255,1,0,sports
N33537,1,0,travel
N33550,1,0,finance
N36204,1,1,sports
N36193,1,0,movies
N33573,1,0,sports
N36177,1,0,news
N33580,1,0,sports
N36166,1,0,foodanddrink
N36137,1,0,sports
N33603,1,0,lifestyle
N36124,1,0,sports
N33629,1,0,sports
N36085,1,0,video
N36071,1,0,weather
N36062,1,0,sports
N33640,1,0,news
N33508,1,0,finance
N33491,1,0,news
N355,1,0,sports
N3628,1,1,sports
N36428,1,0,news
N36427,1,0,sports
N36425,1,0,news
N36409,1,0,sports
N33368,1,0,news
N33373,1,0,finance
N33376,1,0,lifestyle
N3639,1,0,finance
N33405,1,0,travel
N36360,1,0,health
N36350,1,0,sports
N36343,1,0,sports
N36341,1,0,news
N36338,1,0,sports
N33436,1,0,sports
N36324,1,0,autos
N33452,1,0,news
N36042,1,0,news
N36034,1,0,foodanddrink
N35996,1,0,news
N33663,1,0,sports
N33801,1,0,sports
N35725,1,0,news
N35717,1,0,sports
N33824,1,0,news
N33829,1,0,sports
N35670,1,0,weather
N35669,1,0,sports
N33901,1,0,autos
N3564,1,0,sports
N35632,1,0,news
N33909,1,0,health
N33924,1,0,sports
N35592,1,0,sports
N3395,1,0,tv
N35557,1,1,news
N35537,1,0,video
N3551,1,0,news
N35741,1,0,video
N33788,1,0,sports
N35791,1,0,health
N35892,1,0,sports
N35991,1,0,health
N35976,1,0,sports
N35942,1,0,sports
N33701,1,0,sports
N33702,1,0,sports
N35901,1,0,autos
N33726,1,0,sports
N3373,1,0,foodanddrink
N35806,1,0,sports
N35879,1,0,health
N33731,1,0,news
N35855,1,0,news
N33750,1,0,sports
N35826,1,0,sports
N35823,1,0,news
N33753,1,0,foodanddrink
N32104,1,0,video
N32102,1,0,sports
N41227,1,0,news
N30495,1,0,lifestyle
N40206,1,0,finance
N40204,1,0,sports
N30500,1,0,sports
N30506,1,0,foodanddrink
N30509,1,0,news
N30510,1,0,sports
N30513,1,0,travel
N40164,1,0,news
N40152,1,0,news
N30539,1,0,sports
N4014,1,1,news
N40129,1,0,news
N40128,1,0,news
N30552,1,0,finance
N30555,1,0,sports
N30556,1,1,sports
N4011,1,0,lifestyle
N30499,1,0,tv
N40225,1,0,news
N40426,1,0,weather
N30483,1,0,sports
N40416,1,0,sports
N40413,1,0,sports
N30338,1,0,sports
N40407,1,0,news
N30339,1,0,sports
N40392,1,0,sports
N40384,1,1,finance
N30380,1,0,news
N30395,1,0,news
N40377,1,0,sports
N30428,1,0,lifestyle
N30429,1,0,entertainment
N30437,1,0,news
N30448,1,0,autos
N30460,1,0,travel
N40286,1,0,finance
N40254,1,0,travel
N40108,1,0,travel
N30566,1,0,sports
N40058,1,0,weather
N30592,1,0,sports
N30762,1,0,sports
N39829,1,0,news
N39811,1,0,travel
N3080,1,0,foodanddrink
N39794,1,0,sports
N39790,1,0,video
N39787,1,1,finance
N30804,1,1,news
N39763,1,0,foodanddrink
N39761,1,0,news
N30821,1,0,health
N30827,1,0,foodanddrink
N30828,1,0,news
N39746,1,0,music
N39743,1,0,sports
N39742,1,0,sports
N30841,1,0,weather
N39873,1,0,video
N3988,1,0,news
N30736,1,0,autos
N30635,1,0,news
N40053,1,0,video
N4004,1,0,news
N30607,1,0,travel
N40020,1,0,lifestyle
N40009,1,0,travel
N30624,1,0,news
N30629,1,0,news
N30640,1,0,foodanddrink
N30721,1,0,health
N30643,1,0,sports
N39958,1,1,news
N30663,1,0,sports
N39935,1,0,news
N39924,1,0,travel
N39920,1,0,news
N39909,1,0,news
N3033,1,0,video
N30324,1,0,weather
N30890,1,0,sports
N29946,1,0,finance
N41037,1,0,foodanddrink
N41036,1,0,news
N41031,1,0,sports
N41027,1,0,sports
N2997,1,0,news
N41017,1,0,lifestyle
N41014,1,0,news
N40987,1,0,lifestyle
N29991,1,0,sports
N40959,1,0,sports
N30007,1,0,sports
N30009,1,0,news
N40941,1,0,news
N30013,1,0,sports
N3006,1,0,news
N30066,1,0,sports
N30091,1,0,foodanddrink
N29950,1,0,lifestyle
N29934,1,0,news
N4044,1,0,sports
N29933,1,0,sports
N2983,1,0,news
N29836,1,0,weather
N41201,1,0,travel
N41200,1,0,sports
N4120,1,0,sports
N29855,1,1,autos
N29879,1,0,sports
N41164,1,0,sports
N41145,1,0,news
N29889,1,0,news
N29904,1,0,finance
N29910,1,0,lifestyle
N41114,1,0,travel
N41105,1,0,sports
N41086,1,0,sports
N41075,1,0,travel
N29930,1,0,sports
N40832,1,0,video
N40822,1,0,sports
N30120,1,0,travel
N40797,1,0,news
N40560,1,0,sports
N40546,1,0,entertainment
N30251,1,0,news
N30262,1,0,video
N4053,1,0,sports
N40527,1,0,news
N30263,1,0,tv
N40521,1,0,travel
N40519,1,1,sports
N40515,1,1,video
N30265,1,0,sports
N3027,1,0,sports
N40499,1,0,news
N40493,1,0,travel
N30291,1,0,video
N40447,1,0,autos
N40440,1,0,sports
N30227,1,0,weather
N30226,1,0,news
N3021,1,0,news
N30143,1,0,finance
N40793,1,0,sports
N40770,1,0,sports
N40768,1,0,sports
N3014,1,0,sports
N40733,1,0,sports
N40728,1,0,video
N40726,1,0,sports
N30152,1,0,news
N40641,1,0,news
N3016,1,0,news
N40684,1,0,news
N30167,1,0,sports
N30169,1,0,news
N40667,1,0,sports
N3017,1,0,lifestyle
N30176,1,0,sports
N30885,1,1,sports
N39694,1,0,video
N3210,1,0,news
N3849,1,0,news
N31764,1,0,sports
N38481,1,0,sports
N38477,1,0,sports
N31778,1,0,video
N31787,1,0,health
N38420,1,0,finance
N31812,1,1,travel
N38387,1,0,video
N38382,1,0,news
N31825,1,0,video
N38379,1,0,sports
N31834,1,0,travel
N31838,1,0,news
N31849,1,0,lifestyle
N38325,1,0,travel
N38314,1,0,sports
N31875,1,0,finance
N31759,1,0,autos
N38494,1,0,finance
N38785,1,0,finance
N31747,1,0,finance
N38775,1,0,autos
N31569,1,0,sports
N38708,1,0,news
N31591,1,0,sports
N38656,1,0,news
N31645,1,0,video
N31652,1,0,news
N31656,1,0,news
N31674,1,0,news
N31700,1,0,movies
N38542,1,0,finance
N31711,1,0,video
N38521,1,0,sports
N31732,1,0,sports
N31734,1,0,lifestyle
N38501,1,0,news
N38500,1,0,finance
N31897,1,0,news
N383,1,0,video
N38276,1,0,news
N38273,1,0,news
N38093,1,0,sports
N38086,1,0,sports
N31973,1,0,weather
N31983,1,0,health
N38057,1,0,news
N31988,1,0,autos
N38047,1,0,foodanddrink
N3201,1,0,sports
N38015,1,0,finance
N32024,1,0,sports
N32042,1,0,sports
N3206,1,0,news
N37985,1,0,news
N3798,1,0,news
N32065,1,0,sports
N37969,1,0,sports
N32093,1,0,news
N38097,1,0,weather
N38116,1,0,sports
N38117,1,0,weather
N31939,1,0,news
N31902,1,0,autos
N31907,1,0,news
N38241,1,0,sports
N31914,1,0,travel
N38231,1,0,sports
N31920,1,0,sports
N38207,1,0,travel
N38200,1,0,sports
N31960,1,0,autos
N31940,1,0,travel
N38194,1,0,travel
N31942,1,0,sports
N31943,1,0,sports
N38158,1,0,sports
N31955,1,1,travel
N38136,1,0,weather
N31559,1,0,news
N38804,1,0,sports
N39689,1,0,music
N30995,1,0,sports
N39455,1,0,weather
N39442,1,0,video
N31042,1,1,sports
N3943,1,0,news
N39400,1,0,sports
N39391,1,0,sports
N31083,1,0,autos
N39387,1,0,news
N39377,1,0,video
N39372,1,0,news
N39352,1,0,sports
N39350,1,0,sports
N31116,1,0,news
N39310,1,0,finance
N39309,1,1,sports
N31150,1,0,news
N31151,1,0,tv
N39460,1,0,news
N39487,1,0,news
N31508,1,0,news
N30985,1,0,sports
N30897,1,0,news
N30898,1,0,sports
N30911,1,0,news
N39641,1,0,video
N39625,1,0,sports
N39604,1,0,foodanddrink
N30927,1,0,travel
N30954,1,0,foodanddrink
N39566,1,0,sports
N39553,1,0,travel
N30966,1,0,sports
N39546,1,0,entertainment
N3097,1,0,lifestyle
N30971,1,0,video
N30976,1,1,news
N39515,1,0,health
N39502,1,0,sports
N3929,1,0,news
N39283,1,0,travel
N39265,1,0,sports
N39259,1,0,sports
N39045,1,0,news
N39011,1,0,finance
N31392,1,0,news
N31408,1,0,travel
N38987,1,0,news
N31416,1,0,sports
N38972,1,0,news
N38971,1,0,news
N3895,1,0,sports
N31443,1,0,sports
N38925,1,0,finance
N38886,1,0,sports
N38883,1,0,lifestyle
N3886,1,0,lifestyle
N38838,1,0,sports
N38817,1,0,sports
N31507,1,0,news
N39063,1,0,travel
N39075,1,0,sports
N31358,1,0,travel
N39196,1,0,news
N39254,1,0,sports
N31185,1,0,news
N3924,1,0,news
N39239,1,0,video
N31200,1,0,video
N39201,1,0,sports
N31257,1,1,sports
N3916,1,0,lifestyle
N39105,1,0,sports
N31323,1,0,news
N31331,1,0,sports
N39144,1,0,news
N39136,1,0,news
N39123,1,1,news
N31343,1,0,sports
N31346,1,0,sports
N24932,1,0,news
N48120,1,0,foodanddrink
N14791,1,0,weather
N18076,1,0,video
N18082,1,0,foodanddrink
N57547,1,0,sports
N18095,1,0,news
N18109,1,0,foodanddrink
N18127,1,0,lifestyle
N18133,1,0,news
N5747,1,0,sports
N57449,1,0,autos
N57435,1,0,weather
N57429,1,0,sports
N57428,1,0,news
N18150,1,0,news
N57419,1,0,sports
N18168,1,0,sports
N18172,1,0,sports
N57396,1,0,news
N18205,1,0,video
N57574,1,0,video
N57596,1,0,sports
N18003,1,0,sports
N57597,1,0,news
N18014,1,0,sports
N57703,1,0,sports
N57701,1,0,sports
N57698,1,0,sports
N18021,1,0,news
N18023,1,0,news
N57672,1,1,health
N18034,1,0,news
N57663,1,0,sports
N18042,1,0,sports
N18044,1,0,sports
N57648,1,0,news
N18046,1,0,travel
N57639,1,0,sports
N1805,1,0,video
N18052,1,0,sports
N18058,1,0,sports
N18226,1,0,news
N18254,1,0,news
N18262,1,0,sports
N18289,1,0,sports
N18485,1,0,sports
N5705,1,0,sports
N18509,1,0,sports
N18538,1,1,video
N18554,1,1,sports
N56992,1,0,tv
N56990,1,0,video
N18585,1,0,sports
N56976,1,0,sports
N18587,1,0,autos
N56965,1,0,news
N56954,1,0,health
N56950,1,0,foodanddrink
N18621,1,0,weather
N5691,1,0,news
N56906,1,0,sports
N56900,1,0,music
N57069,1,0,sports
N57074,1,0,autos
N57088,1,0,news
N57165,1,0,news
N183,1,0,news
N57282,1,0,news
N1830,1,0,sports
N18326,1,0,news
N18374,1,0,sports
N57207,1,0,sports
N57170,1,0,autos
N57145,1,1,news
N57095,1,0,sports
N57127,1,0,sports
N18465,1,0,entertainment
N57108,1,0,autos
N18469,1,0,travel
N57101,1,0,news
N1847,1,0,finance
N57098,1,0,sports
N18006,1,0,travel
N17994,1,0,sports
N18636,1,1,sports
N58388,1,0,news
N58365,1,0,lifestyle
N58361,1,0,weather
N58359,1,0,travel
N58357,1,0,entertainment
N58354,1,0,movies
N58332,1,0,entertainment
N5833,1,0,sports
N58317,1,0,weather
N58307,1,0,finance
N58274,1,0,sports
N58270,1,0,sports
N1762,1,0,sports
N17622,1,0,news
N17624,1,0,news
N5824,1,0,news
N58236,1,0,music
N5821,1,0,weather
N58381,1,0,travel
N58396,1,0,entertainment
N57748,1,0,news
N5842,1,0,news
N17367,1,0,sports
N17388,1,0,news
N17412,1,0,sports
N58548,1,0,autos
N58547,1,0,lifestyle
N1742,1,0,sports
N5852,1,0,sports
N17456,1,0,lifestyle
N58491,1,0,sports
N17497,1,0,sports
N58468,1,0,sports
N1750,1,1,news
N58457,1,0,sports
N58456,1,0,weather
N58448,1,0,autos
N58442,1,0,lifestyle
N58422,1,0,weather
N58199,1,0,finance
N58186,1,0,video
N58170,1,0,finance
N177,1,0,news
N17885,1,0,finance
N17886,1,0,news
N1789,1,0,lifestyle
N57894,1,1,news
N57890,1,0,video
N57859,1,0,lifestyle
N57847,1,0,news
N57838,1,0,news
N17917,1,0,travel
N17921,1,0,sports
N17935,1,0,sports
N17944,1,0,news
N57806,1,0,weather
N57791,1,0,sports
N17963,1,0,news
N17972,1,0,video
N17974,1,0,travel
N17874,1,0,news
N1787,1,0,sports
N57960,1,0,news
N58062,1,0,finance
N17702,1,0,music
N58128,1,0,news
N58123,1,0,video
N17755,1,0,sports
N58092,1,0,sports
N58070,1,0,finance
N58066,1,0,sports
N5806,1,0,lifestyle
N17835,1,0,sports
N58055,1,0,news
N17801,1,0,news
N17802,1,0,news
N58044,1,0,weather
N58037,1,0,sports
N58009,1,0,health
N57989,1,0,sports
N5690,1,0,sports
N56878,1,0,sports
N17361,1,0,sports
N556,1,0,news
N19582,1,0,sports
N19587,1,0,lifestyle
N55544,1,0,weather
N55531,1,0,news
N19590,1,0,sports
N55518,1,1,sports
N19621,1,0,weather
N55490,1,0,sports
N19637,1,0,sports
N55466,1,0,autos
N19646,1,0,sports
N55436,1,0,sports
N19669,1,0,finance
N55432,1,0,sports
N55427,1,0,weather
N55423,1,0,news
N19672,1,0,weather
N55598,1,0,video
N19534,1,0,sports
N55861,1,1,sports
N55611,1,0,sports
N55844,1,0,video
N55834,1,0,tv
N55795,1,0,news
N19443,1,0,music
N1945,1,0,sports
N19451,1,0,news
N19456,1,0,sports
N55726,1,0,sports
N55724,1,0,sports
N55708,1,0,sports
N55704,1,0,news
N19485,1,0,foodanddrink
N5566,1,0,lifestyle
N55653,1,0,travel
N19502,1,0,news
N5562,1,0,sports
N55614,1,0,lifestyle
N5542,1,0,travel
N55419,1,0,weather
N55414,1,0,sports
N55398,1,1,entertainment
N19887,1,0,sports
N19895,1,0,sports
N55196,1,0,sports
N55193,1,0,news
N55183,1,0,sports
N55152,1,0,news
N19928,1,0,news
N55136,1,0,sports
N19936,1,0,sports
N55123,1,0,news
N55118,1,0,finance
N55101,1,0,news
N55098,1,0,sports
N55077,1,0,sports
N55075,1,0,foodanddrink
N55072,1,0,foodanddrink
N19996,1,0,travel
N19884,1,0,sports
N55225,1,0,news
N19862,1,0,sports
N19788,1,0,sports
N55392,1,0,finance
N55381,1,0,weather
N19720,1,0,sports
N1974,1,0,sports
N19751,1,0,lifestyle
N55339,1,0,lifestyle
N55331,1,0,news
N55320,1,0,foodanddrink
N19845,1,0,tv
N55314,1,0,movies
N55305,1,0,sports
N55301,1,0,sports
N19812,1,0,sports
N19822,1,0,news
N55273,1,0,sports
N55269,1,0,video
N19402,1,0,sports
N1938,1,1,sports
N56873,1,0,video
N18765,1,0,sports
N56647,1,0,health
N18766,1,0,news
N18794,1,0,news
N56588,1,0,news
N18811,1,0,news
N5656,1,0,news
N1884,1,0,sports
N18843,1,0,news
N56530,1,0,sports
N5653,1,0,news
N56525,1,0,news
N18909,1,0,sports
N18932,1,0,sports
N56498,1,0,sports
N18940,1,0,sports
N18944,1,0,sports
N18960,1,0,news
N56651,1,0,news
N18762,1,0,sports
N55882,1,0,travel
N18751,1,0,sports
N18654,1,0,travel
N56855,1,0,sports
N5681,1,0,sports
N56808,1,0,sports
N18683,1,0,sports
N18692,1,0,sports
N56790,1,0,foodanddrink
N18709,1,0,news
N56771,1,0,sports
N18710,1,0,sports
N56756,1,0,sports
N56746,1,0,travel
N56712,1,0,sports
N567,1,0,finance
N56695,1,0,entertainment
N56691,1,0,news
N56689,1,0,travel
N56474,1,0,video
N18992,1,0,news
N19001,1,1,lifestyle
N19002,1,0,autos
N19129,1,0,sports
N19130,1,0,music
N19178,1,0,news
N19181,1,0,video
N56103,1,0,finance
N19217,1,0,news
N5609,1,0,sports
N19247,1,0,entertainment
N56070,1,0,lifestyle
N56027,1,1,news
N19291,1,1,travel
N19292,1,0,entertainment
N19317,1,0,lifestyle
N19328,1,0,sports
N55912,1,0,news
N55911,1,0,lifestyle
N55903,1,0,news
N19126,1,0,foodanddrink
N56196,1,0,sports
N56198,1,0,video
N19042,1,0,news
N56401,1,0,sports
N19009,1,0,sports
N19010,1,0,music
N56357,1,0,sports
N56350,1,0,sports
N19036,1,0,video
N56344,1,0,news
N56309,1,0,sports
N56210,1,0,news
N19062,1,0,finance
N56275,1,0,finance
N56268,1,0,travel
N56264,1,0,sports
N56263,1,0,sports
N19073,1,0,news
N56228,1,0,sports
N17363,1,0,sports
N58575,1,0,news
N55037,1,0,sports
N60926,1,0,news
N60897,1,1,video
N15588,1,0,travel
N15594,1,0,news
N1560,1,0,travel
N6088,1,0,news
N15606,1,0,sports
N60867,1,0,news
N15639,1,0,video
N15647,1,0,lifestyle
N60813,1,1,sports
N60809,1,0,sports
N60796,1,0,news
N60782,1,0,sports
N60758,1,0,news
N15704,1,0,lifestyle
N60741,1,0,autos
N15705,1,0,sports
N15581,1,0,sports
N6095,1,0,sports
N61097,1,0,news
N60953,1,0,sports
N61068,1,0,news
N61056,1,0,travel
N15467,1,0,video
N15472,1,0,video
N15489,1,0,tv
N15493,1,0,foodanddrink
N61014,1,0,lifestyle
N610,1,0,news
N15537,1,0,news
N15543,1,0,tv
N15547,1,0,news
N60976,1,0,news
N60974,1,0,news
N15553,1,0,news
N60968,1,0,sports
N15557,1,0,news
N60957,1,0,news
N60705,1,0,sports
N60704,1,0,news
N15729,1,0,sports
N60667,1,0,news
N60455,1,0,news
N15942,1,0,video
N60424,1,0,sports
N15947,1,0,video
N60411,1,1,sports
N15956,1,0,weather
N60385,1,0,health
N60381,1,0,news
N60378,1,0,autos
N60376,1,0,foodanddrink
N60365,1,0,sports
N60363,1,0,foodanddrink
N60330,1,0,entertainment
N60317,1,0,travel
N1600,1,1,weather
N16003,1,0,news
N6031,1,0,sports
N1592,1,0,sports
N15902,1,0,sports
N60474,1,0,health
N15844,1,0,news
N60663,1,0,news
N15802,1,0,sports
N60637,1,1,lifestyle
N60624,1,0,news
N15835,1,0,news
N15841,1,0,news
N60609,1,0,sports
N6057,1,0,autos
N60494,1,0,news
N60565,1,0,sports
N15869,1,0,sports
N60544,1,0,lifestyle
N60541,1,0,news
N60525,1,0,sports
N15890,1,0,sports
N15901,1,0,sports
N15459,1,0,travel
N61112,1,0,sports
N16046,1,0,sports
N14954,1,0,news
N1498,1,0,lifestyle
N61687,1,0,sports
N61675,1,0,sports
N15004,1,0,sports
N61661,1,0,lifestyle
N15008,1,1,sports
N61640,1,0,autos
N61617,1,0,finance
N61611,1,0,news
N15040,1,0,sports
N15045,1,0,news
N61603,1,0,finance
N61590,1,0,sports
N61587,1,0,autos
N61585,1,0,sports
N61574,1,0,sports
N15075,1,0,news
N61695,1,0,sports
N61713,1,0,news
N15434,1,0,news
N61714,1,0,news
N61877,1,0,sports
N14796,1,0,news
N148,1,0,health
N61861,1,0,sports
N61850,1,0,news
N61819,1,0,news
N61816,1,0,sports
N14895,1,1,sports
N618,1,0,news
N61797,1,0,autos
N14906,1,0,news
N61785,1,0,finance
N14926,1,0,news
N14938,1,1,movies
N61736,1,0,sports
N14940,1,0,sports
N14953,1,0,travel
N15080,1,0,weather
N61545,1,0,travel
N15113,1,0,health
N61533,1,0,news
N15263,1,0,video
N15274,1,0,video
N6135,1,0,sports
N61337,1,0,sports
N61326,1,0,autos
N15281,1,0,foodanddrink
N61302,1,0,sports
N15298,1,0,sports
N61261,1,0,sports
N61246,1,0,foodanddrink
N15355,1,1,travel
N61223,1,0,video
N15373,1,0,video
N612,1,0,finance
N15383,1,0,news
N61174,1,0,travel
N61159,1,0,sports
N61367,1,0,sports
N61372,1,0,sports
N61381,1,0,sports
N15151,1,0,news
N61532,1,0,news
N61531,1,0,news
N61526,1,0,news
N61525,1,0,music
N15144,1,0,news
N6151,1,0,news
N15148,1,0,lifestyle
N61474,1,0,finance
N15202,1,0,sports
N15173,1,0,health
N61465,1,0,autos
N61464,1,0,sports
N15178,1,0,news
N61427,1,0,foodanddrink
N61411,1,0,foodanddrink
N6141,1,0,sports
N60298,1,1,sports
N60280,1,0,sports
N58579,1,0,video
N16871,1,0,news
N16899,1,0,sports
N59206,1,0,sports
N16901,1,0,finance
N16943,1,0,news
N16970,1,0,news
N16994,1,0,autos
N59096,1,0,sports
N17002,1,0,sports
N17008,1,1,news
N59071,1,0,sports
N59065,1,0,sports
N59054,1,0,travel
N17074,1,0,sports
N17075,1,0,sports
N59016,1,0,news
N59013,1,0,sports
N17084,1,0,music
N59240,1,0,sports
N59287,1,0,news
N59487,1,0,foodanddrink
N59288,1,0,weather
N16702,1,1,music
N59443,1,0,news
N16726,1,0,weather
N16727,1,0,sports
N16731,1,0,sports
N59408,1,0,foodanddrink
N1675,1,0,lifestyle
N16760,1,0,sports
N16785,1,0,sports
N59377,1,0,foodanddrink
N59362,1,0,weather
N59356,1,0,sports
N16803,1,0,foodanddrink
N16817,1,0,autos
N16828,1,0,travel
N16843,1,0,finance
N16847,1,0,music
N59000,1,0,sports
N590,1,0,finance
N58953,1,0,sports
N58951,1,0,sports
N58753,1,0,foodanddrink
N58726,1,0,news
N58725,1,0,weather
N58716,1,0,finance
N17265,1,0,news
N58688,1,0,sports
N58678,1,0,news
N58674,1,0,sports
N58673,1,0,weather
N58664,1,0,foodanddrink
N58659,1,0,sports
N1731,1,0,news
N17347,1,0,news
N586,1,0,sports
N58594,1,0,news
N58582,1,0,news
N58581,1,0,finance
N58762,1,0,kids
N58766,1,0,sports
N58784,1,0,sports
N58899,1,0,news
N17126,1,0,foodanddrink
N58937,1,0,lifestyle
N17147,1,0,sports
N58922,1,0,sports
N58910,1,0,sports
N58903,1,0,news
N17156,1,0,news
N58894,1,0,video
N58785,1,0,finance
N58888,1,0,news
N58887,1,0,weather
N17192,1,0,news
N17200,1,0,sports
N58832,1,0,sports
N5881,1,0,weather
N17224,1,0,sports
N59477,1,0,news
N59490,1,1,news
N60259,1,0,news
N16157,1,0,entertainment
N60107,1,0,news
N60076,1,0,news
N16191,1,0,news
N16192,1,0,video
N16199,1,0,lifestyle
N60002,1,0,sports
N59994,1,0,sports
N5998,1,0,sports
N59979,1,0,sports
N16262,1,0,sports
N16273,1,0,sports
N59950,1,0,news
N59949,1,0,sports
N16279,1,0,sports
N5994,1,0,sports
N59937,1,0,weather
N59929,1,0,news
N60126,1,0,news
N60148,1,0,lifestyle
N595,1,0,weather
N60159,1,0,sports
N16079,1,0,lifestyle
N16089,1,0,news
N16091,1,0,sports
N16107,1,0,sports
N16114,1,0,sports
N60204,1,0,sports
N60203,1,0,sports
N60199,1,1,foodanddrink
N60192,1,0,kids
N60188,1,0,weather
N60187,1,0,lifestyle
N16127,1,0,sports
N60178,1,1,sports
N16142,1,0,news
N6017,1,0,weather
N16151,1,0,sports
N16154,1,0,entertainment
N16287,1,0,news
N1629,1,0,autos
N59923,1,0,entertainment
N16310,1,0,news
N59701,1,0,news
N16490,1,0,sports
N59692,1,0,music
N16493,1,0,news
N5968,1,0,health
N59659,1,1,news
N59654,1,0,news
N5965,1,0,sports
N59619,1,0,sports
N59618,1,0,sports
N59606,1,0,news
N16569,1,0,foodanddrink
N16577,1,0,news
N59569,1,0,video
N16588,1,0,news
N59558,1,1,sports
N59531,1,0,foodanddrink
N16458,1,0,news
N16454,1,0,sports
N16452,1,0,sports
N59835,1,0,entertainment
N1632,1,0,sports
N16321,1,0,news
N59877,1,0,news
N16324,1,0,news
N16345,1,0,sports
N59850,1,0,sports
N59838,1,0,sports
N59825,1,0,news
N59758,1,0,news
N59820,1,0,news
N59816,1,0,video
N59815,1,0,news
N16388,1,0,sports
N59774,1,0,foodanddrink
N1641,1,0,news
N16417,1,0,tv
N20006,1,0,news
N55029,1,0,sports
N4813,1,1,foodanddrink
N23168,1,0,news
N23176,1,0,sports
N50666,1,0,sports
N50658,1,0,lifestyle
N50642,1,0,sports
N50637,1,0,finance
N5061,1,0,video
N23211,1,0,sports
N2322,1,0,sports
N23228,1,0,sports
N2325,1,1,foodanddrink
N50546,1,0,finance
N5053,1,1,sports
N5052,1,0,sports
N23280,1,0,sports
N23283,1,0,news
N23290,1,0,news
N23292,1,0,movies
N50694,1,0,weather
N50706,1,0,sports
N50844,1,0,news
N23161,1,0,news
N50820,1,0,foodanddrink
N50816,1,0,finance
N5080,1,0,sports
N23090,1,0,news
N5079,1,0,news
N50779,1,0,news
N50765,1,0,video
N50762,1,0,health
N50759,1,0,video
N50758,1,0,sports
N23125,1,0,news
N23126,1,0,music
N50735,1,0,sports
N50732,1,0,video
N50725,1,0,sports
N50718,1,0,sports
N50714,1,0,sports
N23302,1,0,finance
N50483,1,0,tv
N23313,1,0,sports
N50473,1,0,sports
N23602,1,0,news
N50144,1,0,foodanddrink
N50139,1,0,news
N23605,1,0,entertainment
N23614,1,0,tv
N23625,1,1,sports
N50073,1,0,travel
N50072,1,0,news
N2364,1,0,news
N23668,1,0,news
N23695,1,0,finance
N23706,1,0,news
N49991,1,0,news
N23725,1,0,sports
N49962,1,0,sports
N23731,1,0,sports
N23736,1,0,autos
N50168,1,0,travel
N23565,1,0,kids
N5023,1,0,sports
N23392,1,0,news
N50459,1,0,news
N23324,1,0,news
N50446,1,0,health
N23366,1,0,news
N50428,1,0,sports
N50427,1,0,sports
N23375,1,0,sports
N23396,1,0,video
N50301,1,0,sports
N23400,1,0,news
N23455,1,0,video
N50365,1,0,video
N50350,1,0,foodanddrink
N50346,1,0,lifestyle
N50344,1,0,sports
N50309,1,0,sports
N23078,1,0,sports
N23065,1,0,health
N49925,1,0,lifestyle
N51504,1,0,sports
N51501,1,0,video
N51476,1,0,news
N22657,1,0,sports
N51444,1,0,news
N51431,1,0,sports
N22670,1,0,lifestyle
N51423,1,0,video
N51422,1,0,news
N22683,1,0,lifestyle
N51390,1,0,sports
N2269,1,0,movies
N22695,1,0,sports
N5133,1,0,sports
N51298,1,0,travel
N51297,1,0,news
N2277,1,0,lifestyle
N51272,1,0,sports
N51502,1,0,lifestyle
N22564,1,0,news
N5086,1,0,foodanddrink
N51544,1,0,news
N5167,1,0,sports
N51654,1,0,sports
N22497,1,1,news
N51647,1,0,video
N51644,1,0,sports
N22506,1,1,sports
N51623,1,1,health
N22509,1,0,lifestyle
N22512,1,1,sports
N51612,1,0,finance
N51599,1,0,sports
N51581,1,0,travel
N22518,1,0,sports
N22521,1,0,travel
N51567,1,1,sports
N22535,1,0,news
N51548,1,0,sports
N5126,1,0,video
N51256,1,0,sports
N22774,1,0,lifestyle
N51254,1,0,sports
N51014,1,0,sports
N22945,1,0,news
N5101,1,0,sports
N22966,1,0,sports
N51000,1,0,sports
N50974,1,0,sports
N5097,1,0,sports
N50959,1,0,sports
N50954,1,0,video
N50947,1,0,lifestyle
N50933,1,0,foodanddrink
N5093,1,0,news
N50912,1,0,travel
N23004,1,0,sports
N50892,1,0,travel
N50881,1,0,sports
N23038,1,0,video
N22939,1,0,sports
N51043,1,0,sports
N22905,1,0,news
N22836,1,0,autos
N22777,1,0,news
N22784,1,0,news
N22785,1,0,travel
N51204,1,0,news
N22812,1,0,news
N22820,1,0,news
N22823,1,0,travel
N51177,1,0,news
N51081,1,0,sports
N51171,1,0,video
N22863,1,0,sports
N22890,1,1,news
N51121,1,0,video
N51101,1,0,sports
N51090,1,0,news
N51082,1,0,video
N23758,1,0,video
N49917,1,0,news
N22491,1,0,sports
N48679,1,0,news
N48668,1,0,news
N24577,1,0,sports
N48652,1,0,news
N24584,1,0,foodanddrink
N4863,1,0,video
N24622,1,0,news
N48597,1,0,finance
N48590,1,1,sports
N24644,1,0,foodanddrink
N48587,1,0,foodanddrink
N48584,1,0,sports
N48568,1,0,foodanddrink
N48537,1,0,travel
N24672,1,0,weather
N24692,1,0,finance
N48474,1,0,weather
N48471,1,0,sports
N48675,1,0,news
N48691,1,0,sports
N48908,1,0,sports
N48704,1,0,travel
N24373,1,0,health
N24380,1,0,sports
N48854,1,0,sports
N48851,1,0,sports
N48848,1,0,sports
N24402,1,0,video
N48845,1,0,video
N24406,1,0,foodanddrink
N48836,1,1,sports
N48826,1,0,foodanddrink
N48817,1,0,sports
N24450,1,0,news
N24453,1,0,autos
N24463,1,0,sports
N2447,1,0,news
N48761,1,0,foodanddrink
N48752,1,0,news
N48468,1,0,travel
N24757,1,0,sports
N48453,1,0,news
N4845,1,0,sports
N4823,1,0,sports
N48227,1,0,news
N24877,1,0,sports
N4821,1,0,sports
N48206,1,0,sports
N24883,1,0,foodanddrink
N24888,1,1,news
N48169,1,0,sports
N48166,1,0,weather
N4816,1,0,video
N48155,1,0,sports
N2492,1,1,sports
N48148,1,0,sports
N2493,1,0,news
N48138,1,0,health
N24931,1,0,news
N48130,1,0,news
N4824,1,0,video
N48241,1,0,news
N24862,1,0,sports
N4839,1,0,sports
N48427,1,0,finance
N2478,1,0,lifestyle
N24788,1,0,music
N48417,1,0,news
N24796,1,0,sports
N48413,1,0,sports
N24813,1,0,weather
N48375,1,0,news
N24860,1,0,news
N24816,1,0,lifestyle
N48366,1,0,autos
N48288,1,0,news
N48281,1,0,health
N24856,1,0,sports
N4828,1,0,sports
N48267,1,0,news
N48897,1,0,sports
N48916,1,0,sports
N49913,1,0,finance
N23928,1,0,sports
N2396,1,0,news
N49562,1,0,news
N49557,1,0,lifestyle
N23994,1,0,sports
N24006,1,0,video
N49517,1,0,autos
N49516,1,0,foodanddrink
N2403,1,0,news
N49486,1,0,news
N49419,1,0,sports
N49386,1,0,sports
N24085,1,0,sports
N49370,1,0,news
N49368,1,0,finance
N49334,1,0,finance
N49299,1,0,news
N24130,1,0,sports
N49605,1,0,news
N49641,1,0,news
N24364,1,0,news
N49645,1,0,news
N4991,1,0,video
N49906,1,0,sports
N49894,1,0,finance
N23781,1,0,video
N49850,1,0,sports
N49843,1,0,sports
N23822,1,0,sports
N49837,1,0,news
N49835,1,0,movies
N49832,1,0,news
N23843,1,0,sports
N49747,1,0,finance
N23865,1,0,sports
N49713,1,0,sports
N49673,1,0,travel
N49670,1,0,foodanddrink
N49652,1,0,news
N24133,1,0,news
N24135,1,0,video
N24141,1,0,travel
N49250,1,0,weather
N2423,1,0,sports
N49107,1,0,sports
N24233,1,0,news
N49100,1,0,health
N24247,1,1,video
N49059,1,0,video
N49058,1,1,sports
N49055,1,0,foodanddrink
N49005,1,0,news
N24292,1,0,sports
N2430,1,0,sports
N48984,1,0,sports
N24308,1,0,sports
N24346,1,0,music
N48938,1,0,sports
N48935,1,0,news
N24355,1,0,news
N49116,1,0,video
N24218,1,0,sports
N49151,1,0,travel
N49201,1,0,sports
N49242,1,0,lifestyle
N4924,1,0,sports
N49236,1,0,music
N24175,1,0,sports
N49218,1,0,travel
N49215,1,0,news
N49203,1,0,sports
N24190,1,0,sports
N49158,1,0,sports
N49197,1,0,news
N49176,1,1,weather
N49173,1,0,video
N49172,1,0,weather
N4917,1,0,finance
N49163,1,0,lifestyle
N49162,1,0,sports
N22493,1,0,news
N51715,1,0,news
N20014,1,0,sports
N20888,1,0,music
N53851,1,0,news
N53849,1,0,autos
N20900,1,0,finance
N20904,1,0,health
N20905,1,0,travel
N20910,1,0,news
N53823,1,0,news
N5382,1,0,news
N53817,1,0,news
N53815,1,0,sports
N53802,1,0,sports
N5380,1,0,sports
N53788,1,0,travel
N53767,1,0,video
N53761,1,0,foodanddrink
N53756,1,0,video
N53735,1,0,news
N53857,1,0,sports
N20868,1,0,news
N20721,1,0,sports
N20865,1,0,music
N2074,1,0,sports
N20741,1,0,health
N54013,1,0,lifestyle
N5401,1,0,sports
N2077,1,0,weather
N53970,1,0,video
N53954,1,0,foodanddrink
N208,1,0,sports
N5394,1,0,sports
N53933,1,0,entertainment
N20836,1,0,sports
N20839,1,0,sports
N20842,1,0,finance
N53906,1,0,news
N53903,1,0,news
N53898,1,0,sports
N20863,1,0,video
N5373,1,0,lifestyle
N53729,1,0,news
N20978,1,0,sports
N53689,1,0,sports
N53491,1,0,sports
N53486,1,0,health
N53480,1,0,sports
N53477,1,0,sports
N53476,1,0,sports
N53468,1,0,lifestyle
N21175,1,0,sports
N2120,1,0,weather
N5343,1,0,sports
N21201,1,0,lifestyle
N53414,1,0,weather
N53413,1,0,autos
N21211,1,0,sports
N53395,1,0,news
N53394,1,0,news
N21225,1,0,news
N21232,1,0,sports
N5350,1,0,sports
N53505,1,0,news
N53507,1,0,finance
N21073,1,0,news
N53681,1,0,news
N53661,1,0,sports
N21000,1,0,news
N21029,1,0,foodanddrink
N21041,1,0,movies
N5361,1,0,travel
N53608,1,0,weather
N53593,1,0,news
N21152,1,0,travel
N53591,1,0,finance
N53590,1,0,sports
N5355,1,0,sports
N53540,1,0,health
N2113,1,0,autos
N53525,1,0,news
N53511,1,0,weather
N20739,1,0,tv
N54052,1,0,health
N21240,1,0,sports
N54790,1,1,sports
N54782,1,0,sports
N54777,1,0,news
N54765,1,0,entertainment
N54745,1,0,foodanddrink
N54735,1,0,sports
N54733,1,0,news
N54725,1,1,sports
N2027,1,0,sports
N20271,1,0,travel
N54686,1,0,sports
N20306,1,1,foodanddrink
N54655,1,0,foodanddrink
N54630,1,0,sports
N20327,1,0,sports
N54616,1,0,weather
N20332,1,0,news
N54584,1,0,sports
N20210,1,0,video
N20206,1,0,sports
N20693,1,0,news
N54806,1,0,news
N55021,1,0,news
N55020,1,0,video
N20056,1,1,news
N54984,1,0,sports
N54969,1,0,sports
N20072,1,0,lifestyle
N54952,1,0,music
N54937,1,0,news
N54928,1,0,sports
N54926,1,0,foodanddrink
N20082,1,1,news
N54904,1,0,tv
N54885,1,0,news
N54881,1,0,sports
N5484,1,0,health
N54825,1,0,sports
N54813,1,0,sports
N20366,1,0,entertainment
N54559,1,0,news
N54547,1,0,sports
N54545,1,0,sports
N20529,1,1,foodanddrink
N54312,1,0,news
N20535,1,0,sports
N20537,1,0,travel
N2057,1,0,sports
N54265,1,0,sports
N54260,1,0,sports
N20600,1,0,lifestyle
N2064,1,0,sports
N20647,1,0,news
N54185,1,0,video
N2067,1,0,finance
N54142,1,0,lifestyle
N54128,1,1,sports
N54124,1,0,sports
N54104,1,0,sports
N54059,1,0,video
N54331,1,1,sports
N20515,1,0,sports
N54335,1,0,foodanddrink
N2045,1,0,news
N20384,1,0,entertainment
N20388,1,0,video
N54479,1,0,foodanddrink
N20426,1,0,video
N2043,1,0,sports
N20431,1,0,news
N20432,1,1,sports
N54417,1,0,news
N54353,1,0,sports
N20470,1,0,sports
N20474,1,0,weather
N2048,1,0,news
N20482,1,0,finance
N54383,1,0,entertainment
N20503,1,0,news
N54362,1,0,sports
N53370,1,0,sports
N53361,1,0,weather
N51723,1,0,sports
N21967,1,0,sports
N52381,1,0,entertainment
N52375,1,0,weather
N52367,1,0,sports
N21998,1,0,sports
N22000,1,0,sports
N22017,1,0,news
N52308,1,0,news
N52304,1,0,sports
N52300,1,0,foodanddrink
N22033,1,0,lifestyle
N22049,1,0,sports
N52277,1,1,sports
N52244,1,0,news
N52241,1,0,news
N22071,1,0,sports
N22090,1,0,video
N22091,1,0,sports
N52393,1,0,sports
N5242,1,0,sports
N21848,1,0,news
N21953,1,0,sports
N52572,1,0,sports
N5254,1,0,sports
N21874,1,0,video
N52526,1,0,sports
N21877,1,0,news
N52513,1,0,autos
N52507,1,1,sports
N52505,1,0,sports
N21895,1,0,news
N52469,1,1,news
N52460,1,0,weather
N52459,1,0,news
N5245,1,0,news
N21911,1,0,sports
N21932,1,0,sports
N21945,1,1,news
N21949,1,0,news
N52187,1,0,finance
N22116,1,1,sports
N52156,1,0,sports
N52142,1,0,sports
N51937,1,0,lifestyle
N51888,1,0,tv
N51858,1,0,sports
N22376,1,0,news
N51824,1,0,sports
N51823,1,0,news
N51803,1,1,video
N22388,1,0,sports
N51790,1,0,foodanddrink
N51788,1,0,news
N51784,1,0,sports
N51778,1,0,news
N2242,1,0,lifestyle
N51756,1,0,foodanddrink
N22436,1,0,news
N51745,1,0,sports
N22471,1,0,sports
N51949,1,0,autos
N5195,1,0,lifestyle
N22314,1,0,sports
N22208,1,0,news
N52138,1,0,sports
N22154,1,0,sports
N52128,1,0,sports
N22167,1,0,sports
N52124,1,0,sports
N22190,1,0,lifestyle
N521,1,0,movies
N52073,1,0,foodanddrink
N51974,1,0,sports
N22259,1,0,news
N22262,1,0,sports
N22263,1,0,sports
N52029,1,0,autos
N22274,1,0,sports
N51996,1,0,news
N22303,1,0,weather
N21852,1,0,sports
N21814,1,0,sports
N53360,1,0,sports
N53200,1,0,finance
N21373,1,0,news
N21385,1,0,sports
N53177,1,0,sports
N53176,1,0,sports
N21390,1,0,lifestyle
N53156,1,0,news
N21418,1,0,sports
N53148,1,0,sports
N53142,1,0,weather
N53135,1,0,finance
N53120,1,0,news
N21423,1,0,weather
N21430,1,0,sports
N53101,1,0,news
N21444,1,1,news
N5307,1,0,news
N53067,1,0,sports
N53190,1,0,sports
N21370,1,0,finance
N52636,1,0,news
N21368,1,0,foodanddrink
N5335,1,0,sports
N53348,1,0,sports
N21253,1,0,lifestyle
N53345,1,0,sports
N53344,1,0,sports
N21271,1,0,news
N53321,1,1,sports
N53308,1,0,news
N21288,1,0,tv
N21293,1,0,entertainment
N21306,1,0,lifestyle
N53288,1,0,health
N21315,1,0,finance
N53278,1,0,finance
N53257,1,0,news
N53256,1,0,news
N2134,1,0,lifestyle
N5306,1,0,sports
N21474,1,0,lifestyle
N21481,1,0,lifestyle
N53019,1,0,tv
N21592,1,0,news
N52836,1,0,travel
N52835,1,1,lifestyle
N52826,1,0,news
N21614,1,0,sports
N21625,1,0,tv
N21634,1,0,foodanddrink
N21651,1,0,sports
N21654,1,1,lifestyle
N52754,1,0,travel
N21684,1,0,news
N21709,1,0,finance
N21718,1,0,news
N21727,1,0,autos
N21748,1,0,lifestyle
N52675,1,0,video
N2180,1,0,sports
N52838,1,0,news
N21581,1,1,sports
N52879,1,0,news
N2152,1,0,travel
N53005,1,0,movies
N5300,1,0,news
N52999,1,0,video
N2151,1,0,news
N21516,1,0,sports
N52987,1,0,sports
N52985,1,0,travel
N52971,1,0,video
N52891,1,0,news
N52969,1,0,sports
N52958,1,0,sports
N21522,1,1,news
N21528,1,0,weather
N52938,1,0,news
N5292,1,0,sports
N21543,1,0,news
N10005,1,0,news
